INFO: Created TensorFlow Lite XNNPACK delegate for CPU.
Model: CardCacheScanner\assets\models\mobileclip_s2_image_fp16.tflite
Catalog DB: ..\PokeQuant-main\pokemon_tcg.db
Catalog size: 27127
Already embedded: 20897
Remaining to embed: 6230
Output: jp_sidecar_out
  FAILED pid=567161 Krookodile: NaN/Inf embedding for 567161
  FAILED pid=600951 Meowth: NaN/Inf embedding for 600951
  FAILED pid=602587 Luxurious Cape: NaN/Inf embedding for 602587
  4/6230 pid=611444 rate=0.38s/card eta=39.9m Dragonair (Delta Species)
  5/6230 pid=611446 rate=0.38s/card eta=39.8m Wooper (Delta Species)
  6/6230 pid=611448 rate=0.38s/card eta=39.9m Ekans (Delta Species)
  7/6230 pid=611450 rate=0.38s/card eta=39.8m Heracross (Delta Species)
  8/6230 pid=611451 rate=0.38s/card eta=39.6m Taillow (Delta Species)
  9/6230 pid=611453 rate=0.38s/card eta=39.5m Feebas (Delta Species)
  10/6230 pid=611454 rate=0.38s/card eta=39.4m Milotic (Delta Species)
  11/6230 pid=611455 rate=0.38s/card eta=39.6m Latias ex (Delta Species)
  12/6230 pid=611456 rate=0.38s/card eta=39.4m Mew Star (Delta Species)
  13/6230 pid=611458 rate=0.38s/card eta=39.3m Togetic (Delta Species)
  14/6230 pid=611459 rate=0.38s/card eta=39.1m Swablu (Delta Species)
  15/6230 pid=611460 rate=0.38s/card eta=39.0m Altaria ex (Delta Species)
  16/6230 pid=611461 rate=0.38s/card eta=39.0m Bagon (Delta Species)
  17/6230 pid=611462 rate=0.38s/card eta=38.9m Shelgon (Delta Species)
  18/6230 pid=611463 rate=0.37s/card eta=38.8m Salamence ex (Delta Species)
  19/6230 pid=611464 rate=0.37s/card eta=38.7m Latios ex (Delta Species)
  20/6230 pid=611465 rate=0.37s/card eta=38.6m Totodile (Delta Species)
  21/6230 pid=611466 rate=0.37s/card eta=38.6m Croconaw (Delta Species)
  22/6230 pid=611467 rate=0.37s/card eta=38.5m Feraligatr (Delta Species)
  23/6230 pid=611468 rate=0.37s/card eta=38.4m Mantine (Delta Species)
  24/6230 pid=611469 rate=0.37s/card eta=38.3m Rayquaza ex (Delta Species)
  25/6230 pid=611470 rate=0.37s/card eta=38.3m Vulpix (Delta Species)
  26/6230 pid=611474 rate=0.37s/card eta=38.2m Quilava (Delta Species)
  27/6230 pid=611475 rate=0.37s/card eta=38.2m Typhlosion (Delta Species)
  28/6230 pid=611476 rate=0.37s/card eta=38.2m Trapinch (Delta Species)
  29/6230 pid=611477 rate=0.37s/card eta=38.2m Vibrava (Delta Species)
  30/6230 pid=611478 rate=0.37s/card eta=38.1m Flygon ex (Delta Species)
  31/6230 pid=611479 rate=0.37s/card eta=38.1m Shellder (Delta Species)
  32/6230 pid=611480 rate=0.37s/card eta=38.0m Cloyster (Delta Species)
  33/6230 pid=611481 rate=0.37s/card eta=38.0m Horsea (Delta Species)
  34/6230 pid=611482 rate=0.37s/card eta=38.0m Seadra (Delta Species)
  35/6230 pid=611484 rate=0.37s/card eta=37.9m Chikorita (Delta Species)
  36/6230 pid=611485 rate=0.37s/card eta=37.9m Bayleef (Delta Species)
  37/6230 pid=611486 rate=0.37s/card eta=37.9m Meganium (Delta Species)
  38/6230 pid=611488 rate=0.37s/card eta=37.9m Seel (Delta Species)
  39/6230 pid=611489 rate=0.37s/card eta=37.8m Dewgong (Delta Species)
  40/6230 pid=611490 rate=0.37s/card eta=37.8m Mareep (Delta Species)
  41/6230 pid=611492 rate=0.37s/card eta=37.8m Ampharos (Delta Species)
  42/6230 pid=611494 rate=0.37s/card eta=37.8m Nidoran (Delta Species) - 053/068
  43/6230 pid=611495 rate=0.37s/card eta=37.8m Nidorino (Delta Species)
  44/6230 pid=611497 rate=0.37s/card eta=37.8m Natu (Delta Species)
  45/6230 pid=611498 rate=0.37s/card eta=37.8m Xatu (Delta Species)
  46/6230 pid=611499 rate=0.37s/card eta=37.8m Nidoran (Delta Species) - 058/068
  47/6230 pid=611501 rate=0.37s/card eta=37.7m Nidoqueen (Delta Species)
  48/6230 pid=611504 rate=0.37s/card eta=37.7m Tropius (Delta Species)
  49/6230 pid=611506 rate=0.37s/card eta=37.7m Island Hermit
  50/6230 pid=611537 rate=0.37s/card eta=37.7m Numel
  51/6230 pid=611538 rate=0.37s/card eta=37.6m Squirtle
  52/6230 pid=611539 rate=0.37s/card eta=37.6m Diglett
  53/6230 pid=611540 rate=0.37s/card eta=37.6m Lotad
  54/6230 pid=611541 rate=0.36s/card eta=37.6m Electrike
  55/6230 pid=611542 rate=0.36s/card eta=37.6m Jigglypuff
  56/6230 pid=611543 rate=0.36s/card eta=37.5m Treecko
  57/6230 pid=611544 rate=0.36s/card eta=37.5m Torchic
  58/6230 pid=611545 rate=0.36s/card eta=37.5m Whismur
  59/6230 pid=611546 rate=0.36s/card eta=37.5m Seedot
  60/6230 pid=611547 rate=0.37s/card eta=37.5m Mudkip
  61/6230 pid=611548 rate=0.37s/card eta=37.5m Wingull
  62/6230 pid=611549 rate=0.37s/card eta=37.5m Spearow
  63/6230 pid=611550 rate=0.37s/card eta=37.5m Meditite
  64/6230 pid=611551 rate=0.37s/card eta=37.5m Bulbasaur
  65/6230 pid=611552 rate=0.37s/card eta=37.5m Duskull
  66/6230 pid=611553 rate=0.37s/card eta=37.5m Spoink
  67/6230 pid=611554 rate=0.37s/card eta=37.5m Charmander
  68/6230 pid=611555 rate=0.37s/card eta=37.5m Charizard (Delta Species)
  69/6230 pid=611556 rate=0.37s/card eta=37.5m Sableye
  70/6230 pid=611557 rate=0.37s/card eta=37.5m Banette
  71/6230 pid=611558 rate=0.37s/card eta=37.5m Blastoise (Delta Species)
  72/6230 pid=611559 rate=0.37s/card eta=37.5m Camerupt
  73/6230 pid=611560 rate=0.37s/card eta=37.5m Dugtrio
  74/6230 pid=611561 rate=0.37s/card eta=37.5m Ludicolo (Delta Species)
  75/6230 pid=611562 rate=0.37s/card eta=37.5m Luvdisc
  76/6230 pid=611563 rate=0.37s/card eta=37.5m Manectric
  77/6230 pid=611564 rate=0.37s/card eta=37.5m Mawile
  78/6230 pid=611565 rate=0.37s/card eta=37.5m Swalot
  79/6230 pid=611566 rate=0.37s/card eta=37.5m Tauros
  80/6230 pid=611567 rate=0.37s/card eta=37.5m Wigglytuff
  81/6230 pid=611568 rate=0.37s/card eta=37.5m Grumpig
  82/6230 pid=611569 rate=0.37s/card eta=37.5m Venusaur
  83/6230 pid=611570 rate=0.37s/card eta=37.5m Igglybuff
  84/6230 pid=611571 rate=0.37s/card eta=37.5m Lombre
  85/6230 pid=611572 rate=0.37s/card eta=37.5m Grovyle
  86/6230 pid=611573 rate=0.37s/card eta=37.5m Combusken
  87/6230 pid=611574 rate=0.37s/card eta=37.4m Marshtomp
  88/6230 pid=611575 rate=0.37s/card eta=37.4m Nuzleaf
  89/6230 pid=611576 rate=0.37s/card eta=37.4m Lairon
  90/6230 pid=611577 rate=0.37s/card eta=37.4m Loudred
  91/6230 pid=611578 rate=0.37s/card eta=37.4m Cacturne (Delta Species)
  92/6230 pid=611579 rate=0.37s/card eta=37.4m Fearow (Delta Species)
  93/6230 pid=611580 rate=0.37s/card eta=37.4m Kingler (Delta Species)
  94/6230 pid=611581 rate=0.37s/card eta=37.4m Pelipper (Delta Species)
  95/6230 pid=611582 rate=0.37s/card eta=37.4m Dusclops
  96/6230 pid=611583 rate=0.37s/card eta=37.4m Medicham
  97/6230 pid=611584 rate=0.37s/card eta=37.4m Delcatty ex
  98/6230 pid=611585 rate=0.37s/card eta=37.4m Sceptile ex (Delta Species)
  99/6230 pid=611586 rate=0.37s/card eta=37.4m Aggron ex
  100/6230 pid=611587 rate=0.37s/card eta=37.4m Blaziken ex
  101/6230 pid=611588 rate=0.37s/card eta=37.4m Exploud ex
  102/6230 pid=611589 rate=0.37s/card eta=37.4m Shiftry ex
  103/6230 pid=611590 rate=0.37s/card eta=37.4m Swampert ex
  104/6230 pid=611591 rate=0.37s/card eta=37.4m Jirachi ex
  105/6230 pid=611592 rate=0.37s/card eta=37.4m Alakazam Star
  106/6230 pid=611593 rate=0.37s/card eta=37.3m Celebi Star
  107/6230 pid=611594 rate=0.37s/card eta=37.3m Double Rainbow Energy
  108/6230 pid=611595 rate=0.37s/card eta=37.3m Charmeleon
  109/6230 pid=611596 rate=0.37s/card eta=37.3m Castaway
  110/6230 pid=611597 rate=0.37s/card eta=37.3m Windstorm
  111/6230 pid=611598 rate=0.37s/card eta=37.3m Memory Berry
  112/6230 pid=611599 rate=0.37s/card eta=37.3m Crystal Shard
  113/6230 pid=611600 rate=0.37s/card eta=37.3m Skitty
  114/6230 pid=611601 rate=0.37s/card eta=37.3m Crystal Beach
  115/6230 pid=611602 rate=0.37s/card eta=37.2m Holon Circle
  116/6230 pid=611603 rate=0.37s/card eta=37.2m Mysterious Shard
  117/6230 pid=611604 rate=0.37s/card eta=37.2m Gulpin
  118/6230 pid=611605 rate=0.37s/card eta=37.2m Shuppet
  119/6230 pid=611606 rate=0.37s/card eta=37.2m Wartortle
  120/6230 pid=611607 rate=0.37s/card eta=37.2m Aron
  121/6230 pid=611608 rate=0.37s/card eta=37.2m Krabby
  122/6230 pid=611609 rate=0.37s/card eta=37.2m Cacnea
  123/6230 pid=611610 rate=0.37s/card eta=37.2m Ivysaur
  124/6230 pid=611611 rate=0.37s/card eta=37.2m Cessation Crystal
  125/6230 pid=611639 rate=0.37s/card eta=37.1m Aura's Lucario ex
  126/6230 pid=611655 rate=0.36s/card eta=37.1m Surskit
  127/6230 pid=611656 rate=0.36s/card eta=37.1m Masquerain
  128/6230 pid=611657 rate=0.36s/card eta=37.1m Seviper
  129/6230 pid=611658 rate=0.36s/card eta=37.1m Corphish
  130/6230 pid=611659 rate=0.36s/card eta=37.1m Crawdaunt ex
  131/6230 pid=611660 rate=0.36s/card eta=37.1m Relicanth
  132/6230 pid=611661 rate=0.36s/card eta=37.1m Energy Switch
  133/6230 pid=611662 rate=0.36s/card eta=37.1m Mr. Stone's Project
  134/6230 pid=611665 rate=0.36s/card eta=37.0m Basic Grass Energy - 011/015
  135/6230 pid=611666 rate=0.36s/card eta=37.0m Basic Grass Energy - 012/015
  136/6230 pid=611667 rate=0.36s/card eta=37.0m Basic Water Energy - 013/015
  137/6230 pid=611668 rate=0.36s/card eta=37.0m Basic Water Energy - 014/015
  138/6230 pid=611669 rate=0.36s/card eta=37.0m Basic Water Energy - 015/015
  139/6230 pid=611670 rate=0.36s/card eta=37.0m Nosepass
  140/6230 pid=611671 rate=0.36s/card eta=37.0m Barboach
  141/6230 pid=611672 rate=0.36s/card eta=37.0m Whiscash
  142/6230 pid=611673 rate=0.36s/card eta=36.9m Aron
  143/6230 pid=611674 rate=0.36s/card eta=36.9m Lairon
  144/6230 pid=611675 rate=0.36s/card eta=36.9m Folklore's Lucario ex
  145/6230 pid=611676 rate=0.36s/card eta=36.9m Potion
  146/6230 pid=611677 rate=0.36s/card eta=36.9m PokeNav
  147/6230 pid=611678 rate=0.36s/card eta=36.9m TV Reporter
  148/6230 pid=611679 rate=0.36s/card eta=36.9m Basic Fighting Energy - 010/015
  149/6230 pid=611680 rate=0.36s/card eta=36.9m Basic Fighting Energy - 011/015
  150/6230 pid=611681 rate=0.36s/card eta=36.9m Basic Fighting Energy - 012/015
  151/6230 pid=611682 rate=0.36s/card eta=36.8m Basic Fighting Energy - 013/015
  152/6230 pid=611683 rate=0.36s/card eta=36.8m Metal Energy
  153/6230 pid=611684 rate=0.36s/card eta=36.8m Rainbow Energy
  154/6230 pid=611685 rate=0.36s/card eta=36.8m Electrike
  155/6230 pid=611686 rate=0.36s/card eta=36.8m Manectric
  156/6230 pid=611687 rate=0.36s/card eta=36.8m Mew ex
  157/6230 pid=611688 rate=0.36s/card eta=36.8m Baltoy
  158/6230 pid=611689 rate=0.36s/card eta=36.8m Claydol
  159/6230 pid=611690 rate=0.36s/card eta=36.8m Zangoose
  160/6230 pid=611691 rate=0.36s/card eta=36.8m Energy Search
  161/6230 pid=611692 rate=0.36s/card eta=36.8m Master Ball
  162/6230 pid=611693 rate=0.36s/card eta=36.7m Professor Oak's Research
  163/6230 pid=611694 rate=0.36s/card eta=36.7m Basic Lightning Energy - 010/015
  164/6230 pid=611697 rate=0.36s/card eta=36.7m Basic Psychic Energy - 013/015
  165/6230 pid=611698 rate=0.36s/card eta=36.7m Basic Psychic Energy - 014/015
  166/6230 pid=611699 rate=0.36s/card eta=36.7m Basic Psychic Energy - 015/015
  167/6230 pid=611700 rate=0.36s/card eta=36.7m Numel
  168/6230 pid=611701 rate=0.36s/card eta=36.7m Camerupt
  169/6230 pid=611702 rate=0.36s/card eta=36.7m Torkoal
  170/6230 pid=611703 rate=0.36s/card eta=36.7m Poochyena
  171/6230 pid=611704 rate=0.36s/card eta=36.7m Mightyena ex
  172/6230 pid=611705 rate=0.36s/card eta=36.6m Absol
  173/6230 pid=611707 rate=0.36s/card eta=36.6m Professor Birch
  174/6230 pid=611708 rate=0.36s/card eta=36.6m Professor Cozmo's Discovery
  175/6230 pid=611713 rate=0.36s/card eta=36.6m Darkness Energy
  176/6230 pid=611714 rate=0.36s/card eta=36.6m Rainbow Energy
  177/6230 pid=611716 rate=0.36s/card eta=36.6m Pikachu Star
  178/6230 pid=611717 rate=0.36s/card eta=36.6m Mewtwo Star
  179/6230 pid=611954 rate=0.36s/card eta=36.6m Warp Energy
  180/6230 pid=611955 rate=0.36s/card eta=36.6m Potion
  181/6230 pid=611956 rate=0.36s/card eta=36.6m Poke Ball
  182/6230 pid=611957 rate=0.36s/card eta=36.6m Pokemon Reversal
  183/6230 pid=611958 rate=0.36s/card eta=36.5m Professor Elm's Training Method
  184/6230 pid=611959 rate=0.36s/card eta=36.5m Energy Recycle System
  185/6230 pid=611960 rate=0.36s/card eta=36.5m Unown
  186/6230 pid=611961 rate=0.36s/card eta=36.5m Fluffy Berry
  187/6230 pid=611962 rate=0.36s/card eta=36.5m Mary's Request
  188/6230 pid=611963 rate=0.36s/card eta=36.5m Natu
  189/6230 pid=611964 rate=0.36s/card eta=36.5m Meganium ex
  190/6230 pid=611965 rate=0.36s/card eta=36.5m Xatu
  191/6230 pid=611966 rate=0.36s/card eta=36.5m Bayleef
  192/6230 pid=611967 rate=0.36s/card eta=36.5m Chikorita
  193/6230 pid=611968 rate=0.36s/card eta=36.5m Noctowl
  194/6230 pid=611969 rate=0.36s/card eta=36.5m Hoothoot
  195/6230 pid=612242 rate=0.36s/card eta=36.5m R Energy
  196/6230 pid=612243 rate=0.36s/card eta=36.4m Potion
  197/6230 pid=612244 rate=0.36s/card eta=36.4m Energy Search
  198/6230 pid=612246 rate=0.36s/card eta=36.4m Rocket's Admin.
  199/6230 pid=612247 rate=0.36s/card eta=36.4m Rocket's Poke Ball
  200/6230 pid=612249 rate=0.36s/card eta=36.4m Rocket's Articuno ex
  201/6230 pid=612250 rate=0.36s/card eta=36.4m Dratini - 008/020
  202/6230 pid=612251 rate=0.36s/card eta=36.4m Dratini - 009/020
  203/6230 pid=612252 rate=0.36s/card eta=36.4m Magikarp
  204/6230 pid=612253 rate=0.36s/card eta=36.4m Magnemite
  205/6230 pid=612254 rate=0.36s/card eta=36.4m Psyduck
  206/6230 pid=612255 rate=0.36s/card eta=36.4m Rattata
  207/6230 pid=612256 rate=0.36s/card eta=36.4m Dark Dragonite - 013/020
  208/6230 pid=612257 rate=0.36s/card eta=36.4m Dark Dragonite - 014/020
  209/6230 pid=612258 rate=0.36s/card eta=36.3m Dark Dragonair - 011/020
  210/6230 pid=612259 rate=0.36s/card eta=36.3m Dark Dragonair - 012/020
  211/6230 pid=612260 rate=0.36s/card eta=36.3m Dark Golduck
  212/6230 pid=612261 rate=0.36s/card eta=36.3m Dark Gyarados
  213/6230 pid=612262 rate=0.36s/card eta=36.2m Dark Magneton
  214/6230 pid=612263 rate=0.36s/card eta=36.2m Altaria
  215/6230 pid=612264 rate=0.36s/card eta=36.2m Bagon
  216/6230 pid=612265 rate=0.36s/card eta=36.2m Baltoy
  217/6230 pid=612266 rate=0.36s/card eta=36.2m Barboach
  218/6230 pid=612267 rate=0.36s/card eta=36.1m Beautifly
  219/6230 pid=612268 rate=0.36s/card eta=36.1m Beldum
  220/6230 pid=612269 rate=0.36s/card eta=36.1m Boost Energy
  221/6230 pid=612270 rate=0.36s/card eta=36.1m Breloom
  222/6230 pid=612271 rate=0.36s/card eta=36.0m Camerupt
  223/6230 pid=612272 rate=0.36s/card eta=36.0m Carvanha
  224/6230 pid=612273 rate=0.36s/card eta=36.0m Claydol
  225/6230 pid=612274 rate=0.36s/card eta=36.0m Corphish
  226/6230 pid=612275 rate=0.36s/card eta=36.0m Crawdaunt
  227/6230 pid=612276 rate=0.36s/card eta=35.9m Crobat ex
  228/6230 pid=612277 rate=0.36s/card eta=35.9m Crystal Shard
  229/6230 pid=612278 rate=0.36s/card eta=35.9m Deoxys ex - 045/082
  230/6230 pid=612279 rate=0.36s/card eta=35.9m Deoxys ex - 046/082
  231/6230 pid=612280 rate=0.36s/card eta=35.9m Dusclops
  232/6230 pid=612281 rate=0.36s/card eta=35.9m Duskull
  233/6230 pid=612282 rate=0.36s/card eta=35.8m Electrike
  234/6230 pid=612283 rate=0.36s/card eta=35.8m Golbat
  235/6230 pid=612284 rate=0.36s/card eta=35.8m Goldeen
  236/6230 pid=612285 rate=0.36s/card eta=35.8m Gyarados
  237/6230 pid=612286 rate=0.36s/card eta=35.8m Hariyama ex
  238/6230 pid=612287 rate=0.36s/card eta=35.8m Heal Energy
  239/6230 pid=612288 rate=0.36s/card eta=35.7m Jirachi
  240/6230 pid=612289 rate=0.36s/card eta=35.7m Koffing
  241/6230 pid=612290 rate=0.36s/card eta=35.7m Latias Star
  242/6230 pid=612291 rate=0.36s/card eta=35.7m Latios Star
  243/6230 pid=612292 rate=0.36s/card eta=35.7m Lombre
  244/6230 pid=612293 rate=0.36s/card eta=35.7m Lotad
  245/6230 pid=612294 rate=0.36s/card eta=35.6m Ludicolo
  246/6230 pid=612295 rate=0.36s/card eta=35.6m Lunatone
  247/6230 pid=612296 rate=0.36s/card eta=35.6m Magcargo
  248/6230 pid=612297 rate=0.36s/card eta=35.6m Magikarp
  249/6230 pid=612298 rate=0.36s/card eta=35.6m Makuhita
  250/6230 pid=612299 rate=0.36s/card eta=35.6m Manectric ex
  251/6230 pid=612300 rate=0.36s/card eta=35.5m Masquerain
  252/6230 pid=612301 rate=0.36s/card eta=35.5m Metagross
  253/6230 pid=612302 rate=0.36s/card eta=35.5m Metang
  254/6230 pid=612303 rate=0.36s/card eta=35.5m Meteor Falls
  255/6230 pid=612304 rate=0.36s/card eta=35.5m Mightyena
  256/6230 pid=612305 rate=0.36s/card eta=35.5m Minun
  257/6230 pid=612306 rate=0.36s/card eta=35.5m Natu
  258/6230 pid=612307 rate=0.36s/card eta=35.4m Nincada
  259/6230 pid=612308 rate=0.36s/card eta=35.4m Ninjask
  260/6230 pid=612309 rate=0.36s/card eta=35.4m Nosepass
  261/6230 pid=612310 rate=0.36s/card eta=35.4m Numel
  262/6230 pid=612311 rate=0.36s/card eta=35.4m Pelipper
  263/6230 pid=612312 rate=0.36s/card eta=35.4m Plusle
  264/6230 pid=612313 rate=0.36s/card eta=35.4m Poochyena
  265/6230 pid=612314 rate=0.36s/card eta=35.3m Professor Cozmo's Discovery
  266/6230 pid=612315 rate=0.36s/card eta=35.3m Rayquaza Star
  267/6230 pid=612316 rate=0.36s/card eta=35.3m Sableye
  268/6230 pid=612317 rate=0.36s/card eta=35.3m Salamence ex
  269/6230 pid=612318 rate=0.36s/card eta=35.3m Scramble Energy
  270/6230 pid=612319 rate=0.35s/card eta=35.3m Seaking
  271/6230 pid=612320 rate=0.35s/card eta=35.2m Sharpedo ex
  272/6230 pid=612321 rate=0.35s/card eta=35.2m Shedinja
  273/6230 pid=612322 rate=0.35s/card eta=35.2m Shelgon
  274/6230 pid=612323 rate=0.35s/card eta=35.2m Shroomish
  275/6230 pid=612324 rate=0.35s/card eta=35.2m Silcoon
  276/6230 pid=612325 rate=0.35s/card eta=35.2m Skarmory
  277/6230 pid=612326 rate=0.35s/card eta=35.2m Slaking
  278/6230 pid=612327 rate=0.35s/card eta=35.1m Slakoth
  279/6230 pid=612328 rate=0.35s/card eta=35.1m Slugma
  280/6230 pid=612329 rate=0.35s/card eta=35.1m Solrock
  281/6230 pid=612330 rate=0.35s/card eta=35.1m Space Center
  282/6230 pid=612331 rate=0.35s/card eta=35.1m Starmie
  283/6230 pid=612332 rate=0.35s/card eta=35.1m Staryu
  284/6230 pid=612333 rate=0.35s/card eta=35.1m Surskit
  285/6230 pid=612334 rate=0.35s/card eta=35.0m Swablu
  286/6230 pid=612335 rate=0.35s/card eta=35.0m Swellow
  287/6230 pid=612336 rate=0.35s/card eta=35.0m Taillow
  288/6230 pid=612337 rate=0.35s/card eta=35.0m Tropius
  289/6230 pid=612338 rate=0.35s/card eta=35.0m Vigoroth
  290/6230 pid=612339 rate=0.35s/card eta=35.0m Weezing
  291/6230 pid=612340 rate=0.35s/card eta=35.0m Whiscash
  292/6230 pid=612341 rate=0.35s/card eta=35.0m Wingull
  293/6230 pid=612342 rate=0.35s/card eta=35.0m Wurmple
  294/6230 pid=612343 rate=0.35s/card eta=34.9m Xatu
  295/6230 pid=612344 rate=0.35s/card eta=34.9m Zubat
  296/6230 pid=612345 rate=0.35s/card eta=34.9m Slugma
  297/6230 pid=612346 rate=0.35s/card eta=34.9m Magcargo
  298/6230 pid=612347 rate=0.35s/card eta=34.9m Lotad
  299/6230 pid=612348 rate=0.35s/card eta=34.9m Lombre
  300/6230 pid=612349 rate=0.35s/card eta=34.9m Ludicolo
  301/6230 pid=612350 rate=0.35s/card eta=34.9m Electrike
  302/6230 pid=612351 rate=0.35s/card eta=34.9m Manectric
  303/6230 pid=612352 rate=0.35s/card eta=34.9m Rayquaza ex
  304/6230 pid=612353 rate=0.35s/card eta=34.9m Energy Charge
  305/6230 pid=612354 rate=0.35s/card eta=34.8m Potion
  306/6230 pid=612355 rate=0.35s/card eta=34.8m Switch
  307/6230 pid=612356 rate=0.35s/card eta=34.8m Master Ball
  308/6230 pid=612357 rate=0.35s/card eta=34.8m Lady Outing
  309/6230 pid=612358 rate=0.35s/card eta=34.8m Professor Cozmo's Discovery
  310/6230 pid=612359 rate=0.35s/card eta=34.8m Balloon Berry
  311/6230 pid=612362 rate=0.35s/card eta=34.8m Potion
  312/6230 pid=612363 rate=0.35s/card eta=34.8m Switch
  313/6230 pid=612364 rate=0.35s/card eta=34.8m Master Ball
  314/6230 pid=612365 rate=0.35s/card eta=34.8m Strength Charm
  315/6230 pid=612366 rate=0.35s/card eta=34.7m Lady Outing
  316/6230 pid=612367 rate=0.35s/card eta=34.7m Professor Cozmo's Discovery
  317/6230 pid=612368 rate=0.35s/card eta=34.7m Deoxys ex
  318/6230 pid=612369 rate=0.35s/card eta=34.7m Shiftry
  319/6230 pid=612370 rate=0.35s/card eta=34.7m Donphan
  320/6230 pid=612371 rate=0.35s/card eta=34.7m Grumpig
  321/6230 pid=612372 rate=0.35s/card eta=34.7m Nuzleaf
  322/6230 pid=612373 rate=0.35s/card eta=34.7m Phanpy
  323/6230 pid=612374 rate=0.35s/card eta=34.7m Seedot
  324/6230 pid=612375 rate=0.35s/card eta=34.7m Spoink
  325/6230 pid=612376 rate=0.35s/card eta=34.6m Energy Charge
  326/6230 pid=612377 rate=0.35s/card eta=34.6m Arcanine
  327/6230 pid=612378 rate=0.35s/card eta=34.6m Articuno ex
  328/6230 pid=612379 rate=0.35s/card eta=34.6m Beedrill
  329/6230 pid=612380 rate=0.35s/card eta=34.6m Bellsprout
  330/6230 pid=612381 rate=0.35s/card eta=34.6m Bill's Maintenance
  331/6230 pid=612382 rate=0.35s/card eta=34.6m Butterfree
  332/6230 pid=612383 rate=0.35s/card eta=34.6m Caterpie
  333/6230 pid=612384 rate=0.35s/card eta=34.6m Celio's Network
  334/6230 pid=612385 rate=0.35s/card eta=34.5m Chansey
  335/6230 pid=612386 rate=0.35s/card eta=34.5m Clefable ex
  336/6230 pid=612387 rate=0.35s/card eta=34.5m Clefairy
  337/6230 pid=612388 rate=0.35s/card eta=34.5m Cloyster
  338/6230 pid=612389 rate=0.35s/card eta=34.5m Cubone
  339/6230 pid=612390 rate=0.35s/card eta=34.5m Dewgong
  340/6230 pid=612391 rate=0.35s/card eta=34.5m Diglett
  341/6230 pid=612392 rate=0.35s/card eta=34.5m Ditto
  342/6230 pid=612393 rate=0.35s/card eta=34.5m Drowzee
  343/6230 pid=612394 rate=0.35s/card eta=34.5m Dugtrio
  344/6230 pid=612395 rate=0.35s/card eta=34.4m Electrode ex
  345/6230 pid=612396 rate=0.35s/card eta=34.4m Exeggcute
  346/6230 pid=612397 rate=0.35s/card eta=34.4m Exeggutor
  347/6230 pid=612398 rate=0.35s/card eta=34.4m Exp. Share
  348/6230 pid=612399 rate=0.35s/card eta=34.4m Farfetch'd
  349/6230 pid=612400 rate=0.35s/card eta=34.4m Gastly
  350/6230 pid=612401 rate=0.35s/card eta=34.4m Gengar ex
  351/6230 pid=612402 rate=0.35s/card eta=34.4m Great Ball
  352/6230 pid=612403 rate=0.35s/card eta=34.4m Growlithe
  353/6230 pid=612404 rate=0.35s/card eta=34.3m Gyarados ex
  354/6230 pid=612405 rate=0.35s/card eta=34.3m Haunter
  355/6230 pid=612406 rate=0.35s/card eta=34.3m Hypno
  356/6230 pid=612407 rate=0.35s/card eta=34.3m Kakuna
  357/6230 pid=612408 rate=0.35s/card eta=34.3m Kangaskhan
  358/6230 pid=612409 rate=0.35s/card eta=34.3m Kingler
  359/6230 pid=612410 rate=0.35s/card eta=34.3m Krabby
  360/6230 pid=612411 rate=0.35s/card eta=34.3m Lickitung
  361/6230 pid=612412 rate=0.35s/card eta=34.3m Magikarp
  362/6230 pid=612413 rate=0.35s/card eta=34.2m Magnemite
  363/6230 pid=612414 rate=0.35s/card eta=34.2m Magneton
  364/6230 pid=612415 rate=0.35s/card eta=34.2m Mankey
  365/6230 pid=612416 rate=0.35s/card eta=34.2m Marowak
  366/6230 pid=612417 rate=0.35s/card eta=34.2m Metapod
  367/6230 pid=612418 rate=0.35s/card eta=34.2m Moltres ex
  368/6230 pid=612419 rate=0.35s/card eta=34.2m Mr. Mime ex - 053/082
  369/6230 pid=612420 rate=0.35s/card eta=34.2m Mr. Mime ex - 054/082
  370/6230 pid=612421 rate=0.35s/card eta=34.2m Mt. Moon
  371/6230 pid=612422 rate=0.35s/card eta=34.2m Nidoking
  372/6230 pid=612423 rate=0.35s/card eta=34.1m Nidoqueen
  373/6230 pid=612424 rate=0.35s/card eta=34.1m NidoranF
  374/6230 pid=612425 rate=0.35s/card eta=34.1m NidoranM
  375/6230 pid=612426 rate=0.35s/card eta=34.1m Nidorina
  376/6230 pid=612427 rate=0.35s/card eta=34.1m Nidorino
  377/6230 pid=612428 rate=0.35s/card eta=34.1m Onix
  378/6230 pid=612429 rate=0.35s/card eta=34.1m Paras
  379/6230 pid=612430 rate=0.35s/card eta=34.1m Parasect
  380/6230 pid=612431 rate=0.35s/card eta=34.1m Pidgeot
  381/6230 pid=612432 rate=0.35s/card eta=34.1m Pikachu
  382/6230 pid=612433 rate=0.35s/card eta=34.0m PokeDex HANDY909
  383/6230 pid=612434 rate=0.35s/card eta=34.0m Poliwag
  384/6230 pid=612435 rate=0.35s/card eta=34.0m Poliwhirl
  385/6230 pid=612436 rate=0.35s/card eta=34.0m Poliwrath
  386/6230 pid=612437 rate=0.35s/card eta=34.0m Ponyta
  387/6230 pid=612438 rate=0.35s/card eta=34.0m Porygon
  388/6230 pid=612439 rate=0.35s/card eta=34.0m Primeape
  389/6230 pid=612440 rate=0.35s/card eta=34.0m Professor Oak's Research
  390/6230 pid=612441 rate=0.35s/card eta=34.0m Raichu
  391/6230 pid=612442 rate=0.35s/card eta=34.0m Rapidash
  392/6230 pid=612443 rate=0.35s/card eta=34.0m Scyther
  393/6230 pid=612444 rate=0.35s/card eta=33.9m Seel
  394/6230 pid=612445 rate=0.35s/card eta=33.9m Shellder
  395/6230 pid=612446 rate=0.35s/card eta=33.9m Slowbro
  396/6230 pid=612447 rate=0.35s/card eta=33.9m Slowpoke
  397/6230 pid=612448 rate=0.35s/card eta=33.9m Snorlax
  398/6230 pid=612449 rate=0.35s/card eta=33.9m Tangela
  399/6230 pid=612450 rate=0.35s/card eta=33.9m Tauros
  400/6230 pid=612451 rate=0.35s/card eta=33.9m Venomoth
  401/6230 pid=612452 rate=0.35s/card eta=33.9m Venonat
  402/6230 pid=612453 rate=0.35s/card eta=33.9m Victreebel
  403/6230 pid=612454 rate=0.35s/card eta=33.8m Voltorb
  404/6230 pid=612455 rate=0.35s/card eta=33.8m VS Seeker
  405/6230 pid=612456 rate=0.35s/card eta=33.8m Weedle
  406/6230 pid=612457 rate=0.35s/card eta=33.8m Weepinbell
  407/6230 pid=612458 rate=0.35s/card eta=33.8m Zapdos ex
  408/6230 pid=612462 rate=0.35s/card eta=33.8m Life Herb
  409/6230 pid=612465 rate=0.35s/card eta=33.8m Magnetic Storm
  410/6230 pid=612466 rate=0.35s/card eta=33.8m Jirachi
  411/6230 pid=612467 rate=0.35s/card eta=33.8m Beldum - 003/019
  412/6230 pid=612468 rate=0.35s/card eta=33.8m Metagross
  413/6230 pid=612469 rate=0.35s/card eta=33.7m Beldum - 011/019
  414/6230 pid=612470 rate=0.35s/card eta=33.7m Baltoy - 002/019
  415/6230 pid=612471 rate=0.35s/card eta=33.7m Baltoy - 009/019
  416/6230 pid=612472 rate=0.35s/card eta=33.7m Meditite - 001/019
  417/6230 pid=612473 rate=0.35s/card eta=33.7m Meditite - 007/019
  418/6230 pid=612474 rate=0.35s/card eta=33.7m Metang - 012/019
  419/6230 pid=612475 rate=0.35s/card eta=33.7m Metang - 004/019
  420/6230 pid=612476 rate=0.35s/card eta=33.7m Claydol
  421/6230 pid=612477 rate=0.35s/card eta=33.7m Medicham
  422/6230 pid=612478 rate=0.35s/card eta=33.7m Vulpix
  423/6230 pid=612479 rate=0.35s/card eta=33.6m Chinchou
  424/6230 pid=612480 rate=0.35s/card eta=33.6m Machop
  425/6230 pid=612481 rate=0.35s/card eta=33.6m Oddish
  426/6230 pid=612482 rate=0.35s/card eta=33.6m Jigglypuff
  427/6230 pid=612483 rate=0.35s/card eta=33.6m Shuppet
  428/6230 pid=612484 rate=0.35s/card eta=33.6m Zubat
  429/6230 pid=612485 rate=0.35s/card eta=33.6m Voltorb
  430/6230 pid=612486 rate=0.35s/card eta=33.6m Whismur
  431/6230 pid=612487 rate=0.35s/card eta=33.6m Seedot
  432/6230 pid=612488 rate=0.35s/card eta=33.6m Spheal
  433/6230 pid=612489 rate=0.35s/card eta=33.6m Doduo
  434/6230 pid=612490 rate=0.35s/card eta=33.6m Gulpin
  435/6230 pid=612491 rate=0.35s/card eta=33.5m Rhyhorn
  436/6230 pid=612492 rate=0.35s/card eta=33.5m Snorunt
  437/6230 pid=612493 rate=0.35s/card eta=33.5m Staryu
  438/6230 pid=612494 rate=0.35s/card eta=33.5m Surskit
  439/6230 pid=612495 rate=0.35s/card eta=33.5m Tentacool
  440/6230 pid=612496 rate=0.35s/card eta=33.5m Machamp
  441/6230 pid=612497 rate=0.35s/card eta=33.5m Ninetales
  442/6230 pid=612498 rate=0.35s/card eta=33.5m Banette
  443/6230 pid=612499 rate=0.35s/card eta=33.5m Claydol
  444/6230 pid=612500 rate=0.35s/card eta=33.5m Crobat
  445/6230 pid=612501 rate=0.35s/card eta=33.5m Electrode
  446/6230 pid=612502 rate=0.35s/card eta=33.4m Exploud
  447/6230 pid=612503 rate=0.35s/card eta=33.4m Heracross
  448/6230 pid=612504 rate=0.35s/card eta=33.4m Medicham
  449/6230 pid=612505 rate=0.35s/card eta=33.4m Milotic
  450/6230 pid=612506 rate=0.35s/card eta=33.4m Pinsir
  451/6230 pid=612507 rate=0.35s/card eta=33.4m Shiftry
  452/6230 pid=612508 rate=0.35s/card eta=33.4m Walrein
  453/6230 pid=612509 rate=0.35s/card eta=33.4m Gorebyss
  454/6230 pid=612510 rate=0.35s/card eta=33.4m Huntail
  455/6230 pid=612511 rate=0.35s/card eta=33.4m Masquerain
  456/6230 pid=612512 rate=0.35s/card eta=33.4m Chimecho
  457/6230 pid=612513 rate=0.35s/card eta=33.3m Relicanth
  458/6230 pid=612514 rate=0.35s/card eta=33.3m Lanturn
  459/6230 pid=612515 rate=0.35s/card eta=33.3m Metang
  460/6230 pid=612516 rate=0.35s/card eta=33.3m Bellossom
  461/6230 pid=612517 rate=0.35s/card eta=33.3m Rain Castform
  462/6230 pid=612518 rate=0.35s/card eta=33.3m Snow-cloud Castform
  463/6230 pid=612519 rate=0.35s/card eta=33.3m Sunny Castform
  464/6230 pid=612520 rate=0.35s/card eta=33.3m Dodrio
  465/6230 pid=612521 rate=0.35s/card eta=33.3m Glalie
  466/6230 pid=612522 rate=0.35s/card eta=33.3m Golbat
  467/6230 pid=612523 rate=0.35s/card eta=33.3m Loudred
  468/6230 pid=612524 rate=0.35s/card eta=33.2m Rhydon
  469/6230 pid=612525 rate=0.35s/card eta=33.2m Sealeo
  470/6230 pid=612526 rate=0.35s/card eta=33.2m Starmie
  471/6230 pid=612527 rate=0.35s/card eta=33.2m Swalot
  472/6230 pid=612528 rate=0.35s/card eta=33.2m Tentacruel
  473/6230 pid=612529 rate=0.35s/card eta=33.2m Tropius
  474/6230 pid=612530 rate=0.35s/card eta=33.2m Luvdisc
  475/6230 pid=612531 rate=0.35s/card eta=33.2m Spinda
  476/6230 pid=612532 rate=0.35s/card eta=33.2m Regirock ex
  477/6230 pid=612533 rate=0.35s/card eta=33.2m Ninetales ex
  478/6230 pid=612534 rate=0.35s/card eta=33.2m Regice ex
  479/6230 pid=612535 rate=0.35s/card eta=33.2m Registeel ex
  480/6230 pid=612536 rate=0.35s/card eta=33.1m Kyogre ex
  481/6230 pid=612537 rate=0.35s/card eta=33.1m Wigglytuff ex
  482/6230 pid=612538 rate=0.35s/card eta=33.1m Groudon ex
  483/6230 pid=612539 rate=0.35s/card eta=33.1m Metagross ex
  484/6230 pid=612540 rate=0.35s/card eta=33.1m Vileplume ex
  485/6230 pid=612541 rate=0.35s/card eta=33.1m Ancient Technical Machine Ice
  486/6230 pid=612542 rate=0.35s/card eta=33.1m Ancient Technical Machine Rock
  487/6230 pid=612543 rate=0.35s/card eta=33.1m Ancient Technical Machine Steel
  488/6230 pid=612544 rate=0.35s/card eta=33.1m Life Herb
  489/6230 pid=612545 rate=0.35s/card eta=33.1m High Pressure System
  490/6230 pid=612546 rate=0.35s/card eta=33.1m Low Pressure System
  491/6230 pid=612547 rate=0.35s/card eta=33.0m Steven's Advice
  492/6230 pid=612548 rate=0.35s/card eta=33.0m Machoke
  493/6230 pid=612549 rate=0.35s/card eta=33.0m Ancient Tomb
  494/6230 pid=612550 rate=0.35s/card eta=33.0m Desert Ruins
  495/6230 pid=612551 rate=0.35s/card eta=33.0m Island Cave
  496/6230 pid=612552 rate=0.35s/card eta=33.0m Magnetic Storm
  497/6230 pid=612553 rate=0.35s/card eta=33.0m Beldum
  498/6230 pid=612554 rate=0.35s/card eta=33.0m Igglybuff
  499/6230 pid=612555 rate=0.35s/card eta=33.0m Feebas
  500/6230 pid=612556 rate=0.35s/card eta=33.0m Gloom
  501/6230 pid=612557 rate=0.35s/card eta=33.0m Castform
  502/6230 pid=612558 rate=0.35s/card eta=33.0m Nuzleaf
  503/6230 pid=612559 rate=0.35s/card eta=32.9m Corsola
  504/6230 pid=612560 rate=0.35s/card eta=32.9m Clamperl
  505/6230 pid=612719 rate=0.35s/card eta=32.9m Charmander
  506/6230 pid=612720 rate=0.35s/card eta=32.9m Charmeleon
  507/6230 pid=612721 rate=0.35s/card eta=32.9m Horsea
  508/6230 pid=612722 rate=0.35s/card eta=32.9m Seadra
  509/6230 pid=612723 rate=0.35s/card eta=32.9m Lotad
  510/6230 pid=612724 rate=0.35s/card eta=32.9m Lombre
  511/6230 pid=612725 rate=0.34s/card eta=32.9m Ludicolo
  512/6230 pid=612726 rate=0.34s/card eta=32.9m Spoink
  513/6230 pid=612727 rate=0.34s/card eta=32.9m Slakoth
  514/6230 pid=612728 rate=0.34s/card eta=32.9m Vigoroth
  515/6230 pid=612729 rate=0.34s/card eta=32.8m Latias ex
  516/6230 pid=612731 rate=0.34s/card eta=32.8m Houndoom
  517/6230 pid=612733 rate=0.34s/card eta=32.8m Double Full Heal
  518/6230 pid=612734 rate=0.34s/card eta=32.8m Master Ball
  519/6230 pid=612736 rate=0.34s/card eta=32.8m Professor Birch
  520/6230 pid=612737 rate=0.34s/card eta=32.8m Seedot
  521/6230 pid=612738 rate=0.34s/card eta=32.8m Nuzleaf
  522/6230 pid=612739 rate=0.34s/card eta=32.8m Shiftry
  523/6230 pid=612742 rate=0.34s/card eta=32.8m Electabuzz
  524/6230 pid=612743 rate=0.34s/card eta=32.8m Elekid
  525/6230 pid=612744 rate=0.34s/card eta=32.8m Trapinch
  526/6230 pid=612745 rate=0.34s/card eta=32.8m Spearow
  527/6230 pid=612746 rate=0.34s/card eta=32.8m Fearow
  528/6230 pid=612747 rate=0.34s/card eta=32.7m Latios ex
  529/6230 pid=612748 rate=0.34s/card eta=32.7m Aron
  530/6230 pid=612749 rate=0.34s/card eta=32.7m Lairon
  531/6230 pid=612750 rate=0.34s/card eta=32.7m Potion
  532/6230 pid=612751 rate=0.34s/card eta=32.7m Master Ball
  533/6230 pid=612752 rate=0.34s/card eta=32.7m Lady Outing
  534/6230 pid=612753 rate=0.34s/card eta=32.7m Professor Birch
  535/6230 pid=612755 rate=0.34s/card eta=32.7m Aqua Energy
  536/6230 pid=612756 rate=0.34s/card eta=32.7m Archie
  537/6230 pid=612757 rate=0.34s/card eta=32.7m Double Full Heal
  538/6230 pid=612758 rate=0.34s/card eta=32.7m Potion
  539/6230 pid=612759 rate=0.34s/card eta=32.7m Raikou ex
  540/6230 pid=612760 rate=0.34s/card eta=32.6m Team Aqua Ball
  541/6230 pid=612761 rate=0.34s/card eta=32.6m Team Aqua Belt
  542/6230 pid=612762 rate=0.34s/card eta=32.6m Team Aqua Conspirator
  543/6230 pid=612763 rate=0.34s/card eta=32.6m Team Aqua Hideout
  544/6230 pid=612764 rate=0.34s/card eta=32.6m Team Aqua Schemer
  545/6230 pid=612765 rate=0.34s/card eta=32.6m Team Aqua Technical Machine 01
  546/6230 pid=612766 rate=0.34s/card eta=32.6m Team Aqua's Carvanha - 001/033
  547/6230 pid=612767 rate=0.34s/card eta=32.6m Team Aqua's Carvanha - 002/033
  548/6230 pid=612768 rate=0.34s/card eta=32.6m Team Aqua's Chinchou
  549/6230 pid=612769 rate=0.34s/card eta=32.6m Team Aqua's Corphish - 004/033
  550/6230 pid=612770 rate=0.34s/card eta=32.6m Team Aqua's Corphish - 005/033
  551/6230 pid=612771 rate=0.34s/card eta=32.6m Team Aqua's Crawdaunt
  552/6230 pid=612772 rate=0.34s/card eta=32.6m Team Aqua's Electrike - 018/033
  553/6230 pid=612773 rate=0.34s/card eta=32.5m Team Aqua's Electrike - 017/033
  554/6230 pid=612774 rate=0.34s/card eta=32.5m Team Aqua's Kyogre
  555/6230 pid=612775 rate=0.34s/card eta=32.5m Team Aqua's Lanturn
  556/6230 pid=612776 rate=0.34s/card eta=32.5m Team Aqua's Manectric
  557/6230 pid=612777 rate=0.34s/card eta=32.5m Team Aqua's Mightyena - 022/033
  558/6230 pid=612778 rate=0.34s/card eta=32.5m Team Aqua's Mightyena - 023/033
  559/6230 pid=612779 rate=0.34s/card eta=32.5m Team Aqua's Poochyena - 020/033
  560/6230 pid=612780 rate=0.34s/card eta=32.5m Team Aqua's Poochyena - 021/033
  561/6230 pid=612781 rate=0.34s/card eta=32.5m Team Aqua's Sealeo - 009/033
  562/6230 pid=612782 rate=0.34s/card eta=32.5m Team Aqua's Sealeo - 010/033
  563/6230 pid=612783 rate=0.34s/card eta=32.5m Team Aqua's Sharpedo
  564/6230 pid=612784 rate=0.34s/card eta=32.5m Team Aqua's Spheal - 007/033
  565/6230 pid=612785 rate=0.34s/card eta=32.5m Team Aqua's Spheal - 008/033
  566/6230 pid=612786 rate=0.34s/card eta=32.4m Team Aqua's Walrein - 012/033
  567/6230 pid=612787 rate=0.34s/card eta=32.4m Team Aqua's Walrein - 011/033
  FAILED pid=612788 Double Full Heal: NaN/Inf embedding for 612788
  569/6230 pid=612789 rate=0.34s/card eta=32.4m Entei ex
  570/6230 pid=612790 rate=0.34s/card eta=32.4m Magma Energy
  571/6230 pid=612791 rate=0.34s/card eta=32.4m Maxie
  572/6230 pid=612792 rate=0.34s/card eta=32.4m Potion
  573/6230 pid=612793 rate=0.34s/card eta=32.4m Team Magma Ball
  574/6230 pid=612794 rate=0.34s/card eta=32.4m Team Magma Belt
  575/6230 pid=612795 rate=0.34s/card eta=32.4m Team Magma Conspirator
  576/6230 pid=612796 rate=0.34s/card eta=32.4m Team Magma Hideout
  577/6230 pid=612797 rate=0.34s/card eta=32.4m Team Magma Schemer
  578/6230 pid=612798 rate=0.34s/card eta=32.4m Team Magma Technical Machine 01
  579/6230 pid=612799 rate=0.34s/card eta=32.3m Team Magma's Aggron - 018/033
  580/6230 pid=612800 rate=0.34s/card eta=32.3m Team Magma's Aggron - 017/033
  581/6230 pid=612801 rate=0.34s/card eta=32.3m Team Magma's Aron - 011/033
  582/6230 pid=612802 rate=0.34s/card eta=32.3m Team Magma's Aron - 010/033
  583/6230 pid=612803 rate=0.34s/card eta=32.3m Team Magma's Baltoy - 014/033
  584/6230 pid=612804 rate=0.34s/card eta=32.3m Team Magma's Baltoy - 015/033
  585/6230 pid=612805 rate=0.34s/card eta=32.3m Team Magma's Camerupt
  586/6230 pid=612806 rate=0.34s/card eta=32.3m Team Magma's Claydol
  587/6230 pid=612807 rate=0.34s/card eta=32.3m Team Magma's Groudon
  588/6230 pid=612808 rate=0.34s/card eta=32.3m Team Magma's Houndoom
  589/6230 pid=612809 rate=0.34s/card eta=32.3m Team Magma's Houndour - 003/033
  590/6230 pid=612810 rate=0.34s/card eta=32.3m Team Magma's Houndour - 002/033
  591/6230 pid=612811 rate=0.34s/card eta=32.3m Team Magma's Lairon - 013/033
  592/6230 pid=612812 rate=0.34s/card eta=32.2m Team Magma's Lairon - 012/033
  593/6230 pid=612813 rate=0.34s/card eta=32.2m Team Magma's Mightyena - 022/033
  594/6230 pid=612814 rate=0.34s/card eta=32.2m Team Magma's Mightyena - 023/033
  595/6230 pid=612815 rate=0.34s/card eta=32.2m Team Magma's Numel
  596/6230 pid=612816 rate=0.34s/card eta=32.2m Team Magma's Poochyena - 020/033
  597/6230 pid=612817 rate=0.34s/card eta=32.2m Team Magma's Poochyena - 021/033
  598/6230 pid=612818 rate=0.34s/card eta=32.2m Team Magma's Rhydon
  599/6230 pid=612819 rate=0.34s/card eta=32.2m Team Magma's Rhyhorn - 007/033
  600/6230 pid=612820 rate=0.34s/card eta=32.2m Team Magma's Rhyhorn - 008/033
  601/6230 pid=612821 rate=0.34s/card eta=32.2m Ralts
  602/6230 pid=612822 rate=0.34s/card eta=32.2m Torchic
  603/6230 pid=612823 rate=0.34s/card eta=32.2m Geodude
  604/6230 pid=612824 rate=0.34s/card eta=32.2m Mudkip
  605/6230 pid=612825 rate=0.34s/card eta=32.1m Pineco
  606/6230 pid=612826 rate=0.34s/card eta=32.1m Treecko
  607/6230 pid=612827 rate=0.34s/card eta=32.1m Cacnea
  608/6230 pid=612828 rate=0.34s/card eta=32.1m Duskull
  609/6230 pid=612829 rate=0.34s/card eta=32.1m Eevee
  610/6230 pid=612830 rate=0.34s/card eta=32.1m Ekans
  611/6230 pid=612831 rate=0.34s/card eta=32.1m Growlithe
  612/6230 pid=612832 rate=0.34s/card eta=32.1m Onix
  613/6230 pid=612833 rate=0.34s/card eta=32.1m Skitty
  614/6230 pid=612834 rate=0.34s/card eta=32.1m Wingull
  615/6230 pid=612835 rate=0.34s/card eta=32.1m Dunsparce
  616/6230 pid=612836 rate=0.34s/card eta=32.1m Omastar
  617/6230 pid=612837 rate=0.34s/card eta=32.1m Team Magma's Claydol
  618/6230 pid=612838 rate=0.34s/card eta=32.0m Team Magma's Houndoom
  619/6230 pid=612839 rate=0.34s/card eta=32.0m Team Magma's Torkoal
  620/6230 pid=612840 rate=0.34s/card eta=32.0m Team Aqua's Sharpedo
  621/6230 pid=612841 rate=0.34s/card eta=32.0m Team Aqua's Manectric
  622/6230 pid=612842 rate=0.34s/card eta=32.0m Team Aqua's Crawdaunt
  623/6230 pid=612843 rate=0.34s/card eta=32.0m Team Aqua's Cacturne
  624/6230 pid=612844 rate=0.34s/card eta=32.0m Flareon
  625/6230 pid=612845 rate=0.34s/card eta=32.0m Jolteon
  626/6230 pid=612846 rate=0.34s/card eta=32.0m Espeon
  627/6230 pid=612847 rate=0.34s/card eta=32.0m Umbreon
  628/6230 pid=612848 rate=0.34s/card eta=32.0m Vaporeon
  629/6230 pid=612849 rate=0.34s/card eta=32.0m Arcanine
  630/6230 pid=612850 rate=0.34s/card eta=32.0m Steelix
  631/6230 pid=612851 rate=0.34s/card eta=32.0m Team Magma's Rhydon
  632/6230 pid=612852 rate=0.34s/card eta=31.9m Kirlia
  633/6230 pid=612853 rate=0.34s/card eta=31.9m Archie
  634/6230 pid=612854 rate=0.34s/card eta=31.9m Maxie
  635/6230 pid=612855 rate=0.34s/card eta=31.9m Team Magma's Zangoose
  636/6230 pid=612856 rate=0.34s/card eta=31.9m Team Aqua's Seviper
  637/6230 pid=612857 rate=0.34s/card eta=31.9m Graveler
  638/6230 pid=612858 rate=0.34s/card eta=31.9m Combusken
  639/6230 pid=612859 rate=0.34s/card eta=31.9m Forretress
  640/6230 pid=612860 rate=0.34s/card eta=31.9m Grovyle
  641/6230 pid=612861 rate=0.34s/card eta=31.9m Marshtomp
  642/6230 pid=612862 rate=0.34s/card eta=31.9m Swellow
  643/6230 pid=612863 rate=0.34s/card eta=31.9m Anorith
  644/6230 pid=612864 rate=0.34s/card eta=31.9m Lileep
  645/6230 pid=612865 rate=0.34s/card eta=31.8m Arbok
  646/6230 pid=612866 rate=0.34s/card eta=31.8m Pelipper
  647/6230 pid=612867 rate=0.34s/card eta=31.8m Murkrow
  648/6230 pid=612868 rate=0.34s/card eta=31.8m Aerodactyl ex
  649/6230 pid=612869 rate=0.34s/card eta=31.8m Kabutops ex
  650/6230 pid=612870 rate=0.34s/card eta=31.8m Blaziken ex
  651/6230 pid=612871 rate=0.34s/card eta=31.8m Cradily ex
  652/6230 pid=612872 rate=0.34s/card eta=31.8m Sceptile ex
  653/6230 pid=612873 rate=0.34s/card eta=31.8m Swampert ex
  654/6230 pid=612874 rate=0.34s/card eta=31.8m Suicune ex
  655/6230 pid=612875 rate=0.34s/card eta=31.8m Golem ex
  656/6230 pid=612876 rate=0.34s/card eta=31.8m Double Rainbow Energy
  657/6230 pid=612877 rate=0.34s/card eta=31.8m Magma Energy
  658/6230 pid=612878 rate=0.34s/card eta=31.8m Aqua Energy
  659/6230 pid=612879 rate=0.34s/card eta=31.7m Mysterious Fossil
  660/6230 pid=612880 rate=0.34s/card eta=31.7m Dual Ball
  661/6230 pid=612881 rate=0.34s/card eta=31.7m Warp Point
  662/6230 pid=612882 rate=0.34s/card eta=31.7m Strength Charm
  663/6230 pid=612883 rate=0.34s/card eta=31.7m Omanyte
  664/6230 pid=612884 rate=0.34s/card eta=31.7m Kabuto
  665/6230 pid=612885 rate=0.34s/card eta=31.7m Team Aqua Schemer
  666/6230 pid=612886 rate=0.34s/card eta=31.7m Team Magma Schemer
  667/6230 pid=612887 rate=0.34s/card eta=31.7m Team Aqua Belt
  668/6230 pid=612888 rate=0.34s/card eta=31.7m Team Magma Belt
  669/6230 pid=612889 rate=0.34s/card eta=31.7m Team Aqua Technical Machine 01
  670/6230 pid=612890 rate=0.34s/card eta=31.7m Team Magma Technical Machine 01
  671/6230 pid=612891 rate=0.34s/card eta=31.7m Delcatty
  672/6230 pid=612892 rate=0.34s/card eta=31.7m Team Magma's Baltoy
  673/6230 pid=612893 rate=0.34s/card eta=31.6m Team Magma's Houndour
  674/6230 pid=612894 rate=0.34s/card eta=31.6m Team Magma's Rhyhorn
  675/6230 pid=612895 rate=0.34s/card eta=31.6m Team Aqua's Cacnea
  676/6230 pid=612896 rate=0.34s/card eta=31.6m Team Aqua's Carvanha
  677/6230 pid=612897 rate=0.34s/card eta=31.6m Team Aqua's Corphish
  678/6230 pid=612898 rate=0.34s/card eta=31.6m Team Aqua's Electrike
  679/6230 pid=612899 rate=0.34s/card eta=31.6m Linoone
  680/6230 pid=612900 rate=0.34s/card eta=31.6m Wailmer
  681/6230 pid=612908 rate=0.34s/card eta=31.6m Magnemite - 004/019
  682/6230 pid=612909 rate=0.34s/card eta=31.6m Magnemite - 005/019
  683/6230 pid=612910 rate=0.34s/card eta=31.6m Magneton
  684/6230 pid=612911 rate=0.34s/card eta=31.6m Nincada - 001/019
  685/6230 pid=612912 rate=0.34s/card eta=31.6m Nincada - 002/019
  686/6230 pid=612913 rate=0.34s/card eta=31.6m Ninjask
  687/6230 pid=612914 rate=0.34s/card eta=31.6m Latios ex
  688/6230 pid=612915 rate=0.34s/card eta=31.6m Flygon
  689/6230 pid=612916 rate=0.34s/card eta=31.5m Vibrava - 009/019
  690/6230 pid=612917 rate=0.34s/card eta=31.5m Vibrava - 010/019
  691/6230 pid=612918 rate=0.34s/card eta=31.5m Trapinch - 007/019
  692/6230 pid=612919 rate=0.34s/card eta=31.5m Trapinch - 008/019
  693/6230 pid=612924 rate=0.34s/card eta=31.5m Bagon - 007/019
  694/6230 pid=612925 rate=0.34s/card eta=31.5m Bagon - 008/019
  695/6230 pid=612927 rate=0.34s/card eta=31.5m Camerupt
  696/6230 pid=612928 rate=0.34s/card eta=31.5m Corphish - 004/019
  697/6230 pid=612929 rate=0.34s/card eta=31.5m Corphish - 005/019
  698/6230 pid=612930 rate=0.34s/card eta=31.5m Crawdaunt
  699/6230 pid=612932 rate=0.34s/card eta=31.5m High Pressure System
  700/6230 pid=612933 rate=0.34s/card eta=31.5m Latias ex
  701/6230 pid=612934 rate=0.34s/card eta=31.5m Numel - 001/019
  702/6230 pid=612935 rate=0.34s/card eta=31.5m Numel - 002/019
  703/6230 pid=612940 rate=0.34s/card eta=31.5m Salamence
  704/6230 pid=612942 rate=0.34s/card eta=31.5m Shelgon - 010/019
  705/6230 pid=612943 rate=0.34s/card eta=31.5m TV Reporter
  706/6230 pid=612944 rate=0.34s/card eta=31.4m Volbeat
  707/6230 pid=612945 rate=0.34s/card eta=31.4m Illumise
  708/6230 pid=612946 rate=0.34s/card eta=31.4m Gulpin
  709/6230 pid=612947 rate=0.34s/card eta=31.4m Swalot
  710/6230 pid=612948 rate=0.34s/card eta=31.4m Baltoy
  711/6230 pid=612949 rate=0.34s/card eta=31.4m Claydol
  712/6230 pid=612950 rate=0.34s/card eta=31.4m Groudon
  713/6230 pid=612951 rate=0.34s/card eta=31.4m Zigzagoon
  714/6230 pid=612952 rate=0.34s/card eta=31.4m Linoone
  715/6230 pid=612954 rate=0.34s/card eta=31.4m Energy Search
  716/6230 pid=612955 rate=0.34s/card eta=31.4m Life Herb
  717/6230 pid=612956 rate=0.34s/card eta=31.4m Poke Ball
  718/6230 pid=612957 rate=0.34s/card eta=31.4m Professor Birch
  719/6230 pid=612958 rate=0.34s/card eta=31.4m Bill's Maintenance
  720/6230 pid=612959 rate=0.34s/card eta=31.4m Spoink
  721/6230 pid=612960 rate=0.34s/card eta=31.4m Grumpig
  722/6230 pid=612961 rate=0.34s/card eta=31.3m Deoxys ex - 018/019
  723/6230 pid=612962 rate=0.34s/card eta=31.3m Deoxys ex - 019/019
  724/6230 pid=612963 rate=0.34s/card eta=31.3m Magnemite
  725/6230 pid=612964 rate=0.34s/card eta=31.3m Nincada
  726/6230 pid=612965 rate=0.34s/card eta=31.3m Spoink
  727/6230 pid=612966 rate=0.34s/card eta=31.3m Mareep
  728/6230 pid=612967 rate=0.34s/card eta=31.3m Geodude
  729/6230 pid=612968 rate=0.34s/card eta=31.3m Slugma
  730/6230 pid=612969 rate=0.34s/card eta=31.3m Grimer
  731/6230 pid=612970 rate=0.34s/card eta=31.3m Barboach
  732/6230 pid=612971 rate=0.34s/card eta=31.3m Corphish
  733/6230 pid=612972 rate=0.34s/card eta=31.3m Magikarp
  734/6230 pid=612973 rate=0.34s/card eta=31.3m Swablu
  735/6230 pid=612974 rate=0.34s/card eta=31.3m Taillow
  736/6230 pid=612975 rate=0.34s/card eta=31.3m Wurmple
  737/6230 pid=612976 rate=0.34s/card eta=31.3m Grumpig
  738/6230 pid=612977 rate=0.34s/card eta=31.2m Shedinja
  739/6230 pid=612978 rate=0.34s/card eta=31.2m Golem
  740/6230 pid=612979 rate=0.34s/card eta=31.2m Salamence
  741/6230 pid=612980 rate=0.34s/card eta=31.2m Altaria
  742/6230 pid=612981 rate=0.34s/card eta=31.2m Crawdaunt
  743/6230 pid=612982 rate=0.34s/card eta=31.2m Flygon
  744/6230 pid=612983 rate=0.34s/card eta=31.2m Absol
  745/6230 pid=612984 rate=0.34s/card eta=31.2m Minun
  746/6230 pid=612985 rate=0.34s/card eta=31.2m Plusle
  747/6230 pid=612986 rate=0.34s/card eta=31.2m Roselia
  748/6230 pid=612987 rate=0.34s/card eta=31.2m Torkoal
  749/6230 pid=612988 rate=0.34s/card eta=31.2m Magneton
  750/6230 pid=612989 rate=0.34s/card eta=31.2m Ninjask
  751/6230 pid=612990 rate=0.34s/card eta=31.2m Flaaffy
  752/6230 pid=612991 rate=0.34s/card eta=31.2m Dragonair
  753/6230 pid=612992 rate=0.34s/card eta=31.2m Graveler
  754/6230 pid=612993 rate=0.34s/card eta=31.2m Seadra
  755/6230 pid=612994 rate=0.34s/card eta=31.1m Shelgon
  756/6230 pid=612995 rate=0.34s/card eta=31.1m Vibrava
  757/6230 pid=612996 rate=0.34s/card eta=31.1m Gyarados
  758/6230 pid=612997 rate=0.34s/card eta=31.1m Whiscash
  759/6230 pid=612998 rate=0.34s/card eta=31.1m Girafarig
  760/6230 pid=612999 rate=0.34s/card eta=31.1m Skarmory
  761/6230 pid=613000 rate=0.34s/card eta=31.1m Rayquaza ex
  762/6230 pid=613001 rate=0.34s/card eta=31.1m Ampharos ex
  763/6230 pid=613002 rate=0.34s/card eta=31.1m Dragonite ex
  764/6230 pid=613003 rate=0.34s/card eta=31.1m Kingdra ex
  765/6230 pid=613004 rate=0.34s/card eta=31.1m Magcargo ex
  766/6230 pid=613005 rate=0.34s/card eta=31.1m Muk ex
  767/6230 pid=613006 rate=0.34s/card eta=31.1m Balloon Berry
  768/6230 pid=613007 rate=0.34s/card eta=31.1m TV Reporter
  769/6230 pid=613008 rate=0.34s/card eta=31.1m Buffer Piece
  770/6230 pid=613009 rate=0.34s/card eta=31.1m Energy Recycle System
  771/6230 pid=613010 rate=0.34s/card eta=31.1m Mr. Briney's Compassion
  772/6230 pid=613011 rate=0.34s/card eta=31.0m Dratini
  773/6230 pid=613012 rate=0.34s/card eta=31.0m Horsea
  774/6230 pid=613013 rate=0.34s/card eta=31.0m Bagon
  775/6230 pid=613014 rate=0.34s/card eta=31.0m Meditite
  776/6230 pid=613015 rate=0.34s/card eta=31.0m Shuppet
  777/6230 pid=613016 rate=0.34s/card eta=31.0m Snorunt
  778/6230 pid=613041 rate=0.34s/card eta=31.0m Goldeen
  779/6230 pid=613042 rate=0.34s/card eta=31.0m Koffing
  780/6230 pid=613043 rate=0.34s/card eta=31.0m Makuhita
  781/6230 pid=613044 rate=0.34s/card eta=31.0m Numel
  782/6230 pid=613045 rate=0.34s/card eta=31.0m Phanpy
  783/6230 pid=613046 rate=0.34s/card eta=31.0m Poochyena
  784/6230 pid=613047 rate=0.34s/card eta=31.0m Ralts
  785/6230 pid=613048 rate=0.34s/card eta=31.0m Shroomish
  786/6230 pid=613049 rate=0.34s/card eta=31.0m Taillow
  787/6230 pid=613050 rate=0.34s/card eta=31.0m Wingull
  788/6230 pid=613051 rate=0.34s/card eta=30.9m Wurmple
  789/6230 pid=613052 rate=0.34s/card eta=30.9m Zigzagoon
  790/6230 pid=613053 rate=0.34s/card eta=30.9m Aggron
  791/6230 pid=613054 rate=0.34s/card eta=30.9m Beautifly
  792/6230 pid=613055 rate=0.34s/card eta=30.9m Blaziken
  793/6230 pid=613056 rate=0.34s/card eta=30.9m Camerupt
  794/6230 pid=613057 rate=0.34s/card eta=30.9m Delcatty
  795/6230 pid=613058 rate=0.34s/card eta=30.9m Dustox
  796/6230 pid=613059 rate=0.34s/card eta=30.9m Gardevoir
  797/6230 pid=613060 rate=0.34s/card eta=30.9m Hariyama
  798/6230 pid=613061 rate=0.34s/card eta=30.9m Manectric
  799/6230 pid=613062 rate=0.34s/card eta=30.9m Mightyena
  800/6230 pid=613063 rate=0.34s/card eta=30.9m Sceptile
  801/6230 pid=613064 rate=0.34s/card eta=30.9m Slaking
  802/6230 pid=613065 rate=0.34s/card eta=30.9m Swampert
  803/6230 pid=613066 rate=0.34s/card eta=30.9m Wailord
  804/6230 pid=613067 rate=0.34s/card eta=30.9m Breloom
  805/6230 pid=613068 rate=0.34s/card eta=30.8m Donphan
  806/6230 pid=613069 rate=0.34s/card eta=30.8m Kirlia
  807/6230 pid=613070 rate=0.34s/card eta=30.8m Lairon
  808/6230 pid=613071 rate=0.34s/card eta=30.8m Linoone
  809/6230 pid=613072 rate=0.34s/card eta=30.8m Nosepass
  810/6230 pid=613073 rate=0.34s/card eta=30.8m Pelipper
  811/6230 pid=613074 rate=0.34s/card eta=30.8m Seaking
  812/6230 pid=613075 rate=0.34s/card eta=30.8m Sharpedo
  813/6230 pid=613076 rate=0.34s/card eta=30.8m Swellow
  814/6230 pid=613077 rate=0.34s/card eta=30.8m Vigoroth
  815/6230 pid=613078 rate=0.34s/card eta=30.8m Weezing
  816/6230 pid=613079 rate=0.34s/card eta=30.8m Chansey ex
  817/6230 pid=613080 rate=0.34s/card eta=30.8m Electabuzz ex
  818/6230 pid=613081 rate=0.34s/card eta=30.8m Hitmonchan ex
  819/6230 pid=613082 rate=0.34s/card eta=30.8m Mewtwo ex
  820/6230 pid=613083 rate=0.34s/card eta=30.8m Sneasel ex
  821/6230 pid=613084 rate=0.34s/card eta=30.7m Aron
  822/6230 pid=613085 rate=0.34s/card eta=30.7m Carvanha
  823/6230 pid=613086 rate=0.34s/card eta=30.7m Cascoon
  824/6230 pid=613087 rate=0.34s/card eta=30.7m Electrike
  825/6230 pid=613088 rate=0.34s/card eta=30.7m Lady Outing
  826/6230 pid=613089 rate=0.34s/card eta=30.7m Oran Berry
  827/6230 pid=613090 rate=0.34s/card eta=30.7m PokeNav
  828/6230 pid=613091 rate=0.34s/card eta=30.7m Professor Birch
  829/6230 pid=613092 rate=0.34s/card eta=30.7m Silcoon
  830/6230 pid=613093 rate=0.34s/card eta=30.7m Skitty
  831/6230 pid=613094 rate=0.34s/card eta=30.7m Slakoth
  832/6230 pid=613095 rate=0.34s/card eta=30.7m Wailmer
  833/6230 pid=613124 rate=0.34s/card eta=30.7m Ekans
  834/6230 pid=613125 rate=0.34s/card eta=30.7m Zubat
  835/6230 pid=613126 rate=0.34s/card eta=30.7m Grimer
  836/6230 pid=613127 rate=0.34s/card eta=30.7m Koffing
  837/6230 pid=613128 rate=0.34s/card eta=30.6m Ledyba
  838/6230 pid=613129 rate=0.34s/card eta=30.6m Ledian
  839/6230 pid=613130 rate=0.34s/card eta=30.6m Hoppip
  840/6230 pid=613131 rate=0.34s/card eta=30.6m Skiploom
  841/6230 pid=613132 rate=0.34s/card eta=30.6m Jumpluff
  842/6230 pid=613134 rate=0.34s/card eta=30.6m Treecko Star
  843/6230 pid=613135 rate=0.34s/card eta=30.6m Dark Arbok
  844/6230 pid=613136 rate=0.34s/card eta=30.6m Dark Golbat
  845/6230 pid=613138 rate=0.34s/card eta=30.6m Dark Weezing
  846/6230 pid=613139 rate=0.34s/card eta=30.6m Dark Crobat
  847/6230 pid=613141 rate=0.34s/card eta=30.6m Houndour
  848/6230 pid=613144 rate=0.34s/card eta=30.6m Dark Houndoom
  849/6230 pid=613145 rate=0.34s/card eta=30.6m Horsea
  850/6230 pid=613146 rate=0.34s/card eta=30.6m Seadra
  851/6230 pid=613147 rate=0.34s/card eta=30.6m Marill
  852/6230 pid=613148 rate=0.34s/card eta=30.6m Azumarill
  853/6230 pid=613149 rate=0.34s/card eta=30.5m Wooper
  854/6230 pid=613151 rate=0.34s/card eta=30.5m Qwilfish
  855/6230 pid=613152 rate=0.34s/card eta=30.5m Remoraid
  856/6230 pid=613153 rate=0.34s/card eta=30.5m Delibird
  857/6230 pid=613155 rate=0.34s/card eta=30.5m Kingdra
  858/6230 pid=613156 rate=0.34s/card eta=30.5m Mudkip Star
  859/6230 pid=613157 rate=0.34s/card eta=30.5m Dark Octillery
  860/6230 pid=613158 rate=0.34s/card eta=30.5m Voltorb
  861/6230 pid=613159 rate=0.34s/card eta=30.5m Mareep
  862/6230 pid=613160 rate=0.34s/card eta=30.5m Dark Electrode
  863/6230 pid=613161 rate=0.34s/card eta=30.5m Dark Flaaffy
  864/6230 pid=613162 rate=0.34s/card eta=30.5m Dark Ampharos
  865/6230 pid=613163 rate=0.34s/card eta=30.5m Slowpoke
  866/6230 pid=613164 rate=0.34s/card eta=30.5m Drowzee
  867/6230 pid=613165 rate=0.34s/card eta=30.5m Misdreavus
  868/6230 pid=613166 rate=0.34s/card eta=30.5m Dark Hypno
  869/6230 pid=613167 rate=0.34s/card eta=30.4m Dark Slowking
  870/6230 pid=613168 rate=0.34s/card eta=30.4m Sandshrew
  871/6230 pid=613169 rate=0.34s/card eta=30.4m Onix
  872/6230 pid=613170 rate=0.34s/card eta=30.4m Cubone
  873/6230 pid=613172 rate=0.34s/card eta=30.4m Swinub
  874/6230 pid=613173 rate=0.34s/card eta=30.4m Piloswine
  875/6230 pid=613174 rate=0.34s/card eta=30.4m Dark Sandslash
  876/6230 pid=613175 rate=0.34s/card eta=30.4m Dark Marowak
  877/6230 pid=613176 rate=0.34s/card eta=30.4m Rattata
  878/6230 pid=613177 rate=0.34s/card eta=30.4m Sentret
  879/6230 pid=613178 rate=0.34s/card eta=30.4m Furret
  880/6230 pid=613179 rate=0.34s/card eta=30.4m Togepi
  881/6230 pid=613180 rate=0.34s/card eta=30.4m Togetic
  882/6230 pid=613181 rate=0.34s/card eta=30.4m Dark Raticate
  883/6230 pid=613182 rate=0.34s/card eta=30.4m Rocket's Meowth
  884/6230 pid=613183 rate=0.34s/card eta=30.4m Rocket's Hitmonchan ex
  885/6230 pid=613184 rate=0.34s/card eta=30.3m Rocket's Scyther ex
  886/6230 pid=613185 rate=0.34s/card eta=30.3m Rocket's Snorlax ex
  887/6230 pid=613186 rate=0.34s/card eta=30.3m Rocket's Zapdos ex
  888/6230 pid=613187 rate=0.34s/card eta=30.3m Rocket's Mewtwo ex
  889/6230 pid=613188 rate=0.34s/card eta=30.3m Rocket's Wobbuffet
  890/6230 pid=613189 rate=0.34s/card eta=30.3m Rocket's Scizor ex
  891/6230 pid=613190 rate=0.34s/card eta=30.3m Rocket's Sneasel ex
  892/6230 pid=613191 rate=0.34s/card eta=30.3m Rocket's Entei ex
  893/6230 pid=613192 rate=0.34s/card eta=30.3m Rocket's Suicune ex
  894/6230 pid=613193 rate=0.34s/card eta=30.3m Dark Tyranitar
  895/6230 pid=613194 rate=0.34s/card eta=30.3m Rocket's Celebi
  896/6230 pid=613195 rate=0.34s/card eta=30.3m Dark Steelix
  897/6230 pid=613197 rate=0.34s/card eta=30.3m Swoop! Teleporter
  898/6230 pid=613198 rate=0.34s/card eta=30.3m Surprise!  Time Machine
  899/6230 pid=613199 rate=0.34s/card eta=30.3m Venture Bomb
  900/6230 pid=613200 rate=0.34s/card eta=30.3m Pokemon Retriever
  901/6230 pid=613201 rate=0.34s/card eta=30.2m Copycat
  902/6230 pid=613202 rate=0.34s/card eta=30.2m Rocket's Admin.
  903/6230 pid=613203 rate=0.34s/card eta=30.2m Rocket's Mission
  904/6230 pid=613204 rate=0.34s/card eta=30.2m Rocket's Hideout
  905/6230 pid=613206 rate=0.34s/card eta=30.2m R Energy
  906/6230 pid=613207 rate=0.34s/card eta=30.2m Dark Metal Energy
  907/6230 pid=613209 rate=0.34s/card eta=30.2m Alakazam E4 - 012/DPt-P
  908/6230 pid=613210 rate=0.34s/card eta=30.2m Arceus - 040/DPt-P
  909/6230 pid=613211 rate=0.34s/card eta=30.2m Arceus - 041/DPt-P
  910/6230 pid=613212 rate=0.34s/card eta=30.2m Battle Tower - 019/DPt-P
  911/6230 pid=613213 rate=0.34s/card eta=30.2m Beginning Door - 037/DPt-P
  912/6230 pid=613214 rate=0.34s/card eta=30.2m Bronzong G - 006/DPt-P
  913/6230 pid=613215 rate=0.34s/card eta=30.2m Bulbasaur - 030/DPt-P
  914/6230 pid=613216 rate=0.34s/card eta=30.2m Carnivine G - 001/DPt-P
  915/6230 pid=613217 rate=0.34s/card eta=30.2m Chatot - 032/DPt-P
  916/6230 pid=613218 rate=0.34s/card eta=30.2m Cresselia - 045/DPt-P
  917/6230 pid=613219 rate=0.34s/card eta=30.1m Cyrus's Conspiracy - 007/DPt-P
  918/6230 pid=613220 rate=0.34s/card eta=30.1m Darkrai - 046/DPt-P
  919/6230 pid=613221 rate=0.34s/card eta=30.1m Darkrai G - 005/DPt-P
  920/6230 pid=613222 rate=0.34s/card eta=30.1m Dragonite FB - 018/DPt-P
  921/6230 pid=613223 rate=0.34s/card eta=30.1m Drifblim FB - 017/DPt-P
  922/6230 pid=613224 rate=0.34s/card eta=30.1m Electrode G - 010/DPt-P
  923/6230 pid=613225 rate=0.34s/card eta=30.1m Heatran - 050/DPt-P
  924/6230 pid=613226 rate=0.34s/card eta=30.1m Jigglypuff - 047/DPt-P
  925/6230 pid=613227 rate=0.34s/card eta=30.1m Lucario - 015/DPt-P
  926/6230 pid=613228 rate=0.34s/card eta=30.1m Luxray GL - 014/DPt-P
  927/6230 pid=613229 rate=0.34s/card eta=30.1m Manaphy - 002/DPt-P
  928/6230 pid=613230 rate=0.34s/card eta=30.1m Mewtwo - 049/DPt-P
  929/6230 pid=613231 rate=0.34s/card eta=30.1m Michina Temple - 044/DPt-P
  930/6230 pid=613232 rate=0.34s/card eta=30.1m Mismagius GL LV.X - 011/DPt-P
  931/6230 pid=613233 rate=0.34s/card eta=30.1m Mothim - 039/DPt-P
  932/6230 pid=613234 rate=0.34s/card eta=30.1m Pichu - 038/DPt-P
  933/6230 pid=613235 rate=0.34s/card eta=30.1m Pikachu - 016/DPt-P
  934/6230 pid=613236 rate=0.34s/card eta=30.0m Pikachu M - 043/DPt-P
  935/6230 pid=613237 rate=0.34s/card eta=30.0m Ponyta - 034/DPt-P
  936/6230 pid=613238 rate=0.34s/card eta=30.0m Porygon-Z G - 035/DPt-P
  937/6230 pid=613239 rate=0.34s/card eta=30.0m Probopass G - 004/DPt-P
  938/6230 pid=613240 rate=0.34s/card eta=30.0m Rainbow Energy - 021/DPt-P
  939/6230 pid=613241 rate=0.34s/card eta=30.0m Rotom - 003/DPt-P
  940/6230 pid=613242 rate=0.34s/card eta=30.0m SP Energy - 020/DPt-P
  941/6230 pid=613243 rate=0.34s/card eta=30.0m Spiky-eared Pichu M - 042/DPt-P
  942/6230 pid=613244 rate=0.34s/card eta=30.0m Squirtle - 009/DPt-P
  943/6230 pid=613245 rate=0.34s/card eta=30.0m Team Galactic's Invention G-109 SP Radar
  944/6230 pid=613246 rate=0.34s/card eta=30.0m Toxicroak G - 008/DPt-P
  945/6230 pid=613247 rate=0.34s/card eta=30.0m Ultimate Zone - 048/DPt-P
  946/6230 pid=613248 rate=0.34s/card eta=30.0m Victory Medal - 031/DPt-P
  947/6230 pid=613249 rate=0.34s/card eta=30.0m Victory Medal - 036/DPt-P
  948/6230 pid=613250 rate=0.34s/card eta=30.0m Victory Medal - 051/DPt-P
  949/6230 pid=613251 rate=0.34s/card eta=30.0m Wonder Platinum - 033/DPt-P
  950/6230 pid=613252 rate=0.34s/card eta=29.9m Aipom - 044/DP-P
  951/6230 pid=613253 rate=0.34s/card eta=29.9m Bidoof - 014/DP-P
  952/6230 pid=613254 rate=0.34s/card eta=29.9m Buizel - 009/DP-P
  953/6230 pid=613255 rate=0.34s/card eta=29.9m Buizel - 120/DP-P
  954/6230 pid=613256 rate=0.34s/card eta=29.9m Buneary - 015/DP-P
  955/6230 pid=613257 rate=0.34s/card eta=29.9m Buneary - 023/DP-P
  956/6230 pid=613258 rate=0.34s/card eta=29.9m Burmy - 080/DP-P
  957/6230 pid=613259 rate=0.34s/card eta=29.9m Carnivine - 036/DP-P
  958/6230 pid=613260 rate=0.34s/card eta=29.9m Charmander - 124/DP-P
  959/6230 pid=613261 rate=0.34s/card eta=29.9m Chatot - 016/DP-P
  960/6230 pid=613262 rate=0.34s/card eta=29.9m Cherrim - 035/DP-P
  961/6230 pid=613263 rate=0.34s/card eta=29.9m Cherubi - 006/DP-P
  962/6230 pid=613264 rate=0.34s/card eta=29.9m Chimchar - 007/DP-P
  963/6230 pid=613265 rate=0.34s/card eta=29.9m Chimchar - 018/DP-P
  964/6230 pid=613266 rate=0.34s/card eta=29.9m Chimchar - 028/DP-P
  965/6230 pid=613267 rate=0.34s/card eta=29.9m Chimchar - 118/DP-P
  966/6230 pid=613268 rate=0.34s/card eta=29.8m Chingling - 087/DP-P
  967/6230 pid=613269 rate=0.34s/card eta=29.8m Combee - 081/DP-P
  968/6230 pid=613270 rate=0.34s/card eta=29.8m Croagunk - 032/DP-P
  969/6230 pid=613271 rate=0.34s/card eta=29.8m Croagunk - 041/DP-P
  970/6230 pid=613272 rate=0.34s/card eta=29.8m Croagunk - 122/DP-P
  971/6230 pid=613273 rate=0.34s/card eta=29.8m Dialga - 033/DP-P
  972/6230 pid=613274 rate=0.34s/card eta=29.8m Dialga - 042/DP-P
  973/6230 pid=613275 rate=0.34s/card eta=29.8m Drifblim - 031/DP-P
  974/6230 pid=613276 rate=0.34s/card eta=29.8m Drifloon - 012/DP-P
  975/6230 pid=613277 rate=0.34s/card eta=29.8m Gible - 026/DP-P
  976/6230 pid=613278 rate=0.34s/card eta=29.8m Glaceon - 070/DP-P
  977/6230 pid=613279 rate=0.34s/card eta=29.8m Glameow - 024/DP-P
  978/6230 pid=613280 rate=0.34s/card eta=29.8m Grotle - 034/DP-P
  979/6230 pid=613281 rate=0.34s/card eta=29.8m Happiny - 043/DP-P
  980/6230 pid=613282 rate=0.34s/card eta=29.8m Heatran - 083/DP-P
  981/6230 pid=613283 rate=0.34s/card eta=29.8m Leafeon - 069/DP-P
  982/6230 pid=613284 rate=0.34s/card eta=29.7m Lucario - 002/DP-P
  983/6230 pid=613285 rate=0.34s/card eta=29.7m Lucario - 096/DP-P
  984/6230 pid=613286 rate=0.34s/card eta=29.7m Luxio - 040/DP-P
  985/6230 pid=613287 rate=0.34s/card eta=29.7m Luxray - 086/DP-P
  986/6230 pid=613288 rate=0.34s/card eta=29.7m Magnezone - 093/DP-P
  987/6230 pid=613289 rate=0.34s/card eta=29.7m Manaphy - 003/DP-P
  988/6230 pid=613290 rate=0.34s/card eta=29.7m Mime Jr. - 021/DP-P
  989/6230 pid=613291 rate=0.34s/card eta=29.7m Monferno - 037/DP-P
  990/6230 pid=613292 rate=0.34s/card eta=29.7m Munchlax - 091/DP-P
  991/6230 pid=613293 rate=0.34s/card eta=29.7m Pachirisu - 011/DP-P
  992/6230 pid=613294 rate=0.34s/card eta=29.7m Pachirisu - 020/DP-P
  993/6230 pid=613295 rate=0.34s/card eta=29.7m Pachirisu - 121/DP-P
  994/6230 pid=613296 rate=0.34s/card eta=29.7m Palkia - 030/DP-P
  995/6230 pid=613297 rate=0.34s/card eta=29.7m Palkia - 039/DP-P
  996/6230 pid=613298 rate=0.34s/card eta=29.7m Phione - 085/DP-P
  997/6230 pid=613299 rate=0.34s/card eta=29.7m Pikachu - 025/DP-P
  998/6230 pid=613300 rate=0.34s/card eta=29.7m Pikachu - 098/DP-P
  999/6230 pid=613301 rate=0.34s/card eta=29.6m Pikachu - 099/DP-P
  1000/6230 pid=613302 rate=0.34s/card eta=29.6m Pikachu - 100/DP-P
  1001/6230 pid=613303 rate=0.34s/card eta=29.6m Pikachu - 101/DP-P
  1002/6230 pid=613304 rate=0.34s/card eta=29.6m Pikachu - 102/DP-P
  1003/6230 pid=613305 rate=0.34s/card eta=29.6m Piplup - 008/DP-P
  1004/6230 pid=613306 rate=0.34s/card eta=29.6m Piplup - 019/DP-P
  1005/6230 pid=613307 rate=0.34s/card eta=29.6m Piplup - 029/DP-P
  1006/6230 pid=613308 rate=0.34s/card eta=29.6m Piplup - 119/DP-P
  1007/6230 pid=613309 rate=0.34s/card eta=29.6m Plusle - 055/DP-P
  1008/6230 pid=613310 rate=0.34s/card eta=29.6m Probopass - 090/DP-P
  1009/6230 pid=613311 rate=0.34s/card eta=29.6m Real World's Giratina - 109/DP-P
  1010/6230 pid=613312 rate=0.34s/card eta=29.6m Riolu - 001/DP-P
  1011/6230 pid=613313 rate=0.34s/card eta=29.6m Riolu - 088/DP-P
  1012/6230 pid=613314 rate=0.34s/card eta=29.6m Shellos - 084/DP-P
  1013/6230 pid=613315 rate=0.34s/card eta=29.6m Shinx - 010/DP-P
  1014/6230 pid=613316 rate=0.34s/card eta=29.6m Staravia - 022/DP-P
  1015/6230 pid=613317 rate=0.34s/card eta=29.5m Staravia - 045/DP-P
  1016/6230 pid=613318 rate=0.34s/card eta=29.5m Starly - 013/DP-P
  1017/6230 pid=613319 rate=0.34s/card eta=29.5m Stunky - 089/DP-P
  1018/6230 pid=613320 rate=0.34s/card eta=29.5m Turtwig - 005/DP-P
  1019/6230 pid=613321 rate=0.34s/card eta=29.5m Turtwig - 017/DP-P
  1020/6230 pid=613322 rate=0.34s/card eta=29.5m Turtwig - 027/DP-P
  1021/6230 pid=613323 rate=0.34s/card eta=29.5m Turtwig - 117/DP-P
  1022/6230 pid=613324 rate=0.34s/card eta=29.5m Yanmega - 082/DP-P
  1023/6230 pid=613325 rate=0.34s/card eta=29.5m Shinx - 061/DP-P
  1024/6230 pid=613326 rate=0.34s/card eta=29.5m Snorlax - 126/DP-P
  1025/6230 pid=613327 rate=0.34s/card eta=29.5m Snorlax LV.X - 127/DP-P
  1026/6230 pid=613328 rate=0.34s/card eta=29.5m Torterra LV.X - 076/DP-P
  1027/6230 pid=613329 rate=0.34s/card eta=29.5m Toxicroak - 050/DP-P
  1028/6230 pid=613330 rate=0.34s/card eta=29.5m Turtwig - 072/DP-P
  1029/6230 pid=613331 rate=0.34s/card eta=29.5m Bronzong - 077/DP-P
  1030/6230 pid=613332 rate=0.34s/card eta=29.5m Buneary - 115/DP-P
  1031/6230 pid=613333 rate=0.34s/card eta=29.5m Burmy - 059/DP-P
  1032/6230 pid=613334 rate=0.34s/card eta=29.4m Cherrim - 047/DP-P
  1033/6230 pid=613335 rate=0.34s/card eta=29.4m Chimchar - 073/DP-P
  1034/6230 pid=613336 rate=0.34s/card eta=29.4m Cresselia - 068/DP-P
  1035/6230 pid=613337 rate=0.34s/card eta=29.4m Darkrai - 046/DP-P
  1036/6230 pid=613338 rate=0.34s/card eta=29.4m Dialga LV.X - 107/DP-P
  1037/6230 pid=613339 rate=0.34s/card eta=29.4m Drapion LV.X - 123/DP-P
  1038/6230 pid=613340 rate=0.34s/card eta=29.4m Dusknoir - 094/DP-P
  1039/6230 pid=613341 rate=0.34s/card eta=29.4m Eevee - 063/DP-P
  1040/6230 pid=613342 rate=0.34s/card eta=29.4m Eevee - 067/DP-P
  1041/6230 pid=613343 rate=0.34s/card eta=29.4m Electabuzz - 065/DP-P
  1042/6230 pid=613344 rate=0.34s/card eta=29.4m Empoleon LV.X - 078/DP-P
  1043/6230 pid=613345 rate=0.34s/card eta=29.4m Gabite - 103/DP-P
  1044/6230 pid=613346 rate=0.34s/card eta=29.4m Garchomp - 104/DP-P
  1045/6230 pid=613347 rate=0.34s/card eta=29.4m Garchomp LV.X - 058/DP-P
  1046/6230 pid=613348 rate=0.34s/card eta=29.4m Gible - 097/DP-P
  1047/6230 pid=613349 rate=0.34s/card eta=29.4m Gliscor - 108/DP-P
  1048/6230 pid=613350 rate=0.34s/card eta=29.4m Grotle - 052/DP-P
  1049/6230 pid=613351 rate=0.34s/card eta=29.3m Heatran LV.X - 092/DP-P
  1050/6230 pid=613352 rate=0.34s/card eta=29.3m Infernape LV.X - 071/DP-P
  1051/6230 pid=613353 rate=0.34s/card eta=29.3m Lopunny - 051/DP-P
  1052/6230 pid=613354 rate=0.34s/card eta=29.3m Lopunny - 116/DP-P
  1053/6230 pid=613355 rate=0.34s/card eta=29.3m Lucario LV.X - 004/DP-P
  1054/6230 pid=613356 rate=0.34s/card eta=29.3m Luxio - 049/DP-P
  1055/6230 pid=613357 rate=0.34s/card eta=29.3m Magmar - 064/DP-P
  1056/6230 pid=613358 rate=0.34s/card eta=29.3m Magnemite - 110/DP-P
  1057/6230 pid=613359 rate=0.34s/card eta=29.3m Minun - 056/DP-P
  1058/6230 pid=613360 rate=0.34s/card eta=29.3m Monferno - 053/DP-P
  1059/6230 pid=613361 rate=0.34s/card eta=29.3m Mothim - 079/DP-P
  1060/6230 pid=613362 rate=0.34s/card eta=29.3m Munchlax - 125/DP-P
  1061/6230 pid=613363 rate=0.34s/card eta=29.3m Murkrow - 062/DP-P
  1062/6230 pid=613364 rate=0.34s/card eta=29.3m Palkia LV.X - 105/DP-P
  1063/6230 pid=613365 rate=0.34s/card eta=29.3m Pichu - 112/DP-P
  1064/6230 pid=613366 rate=0.34s/card eta=29.2m Pikachu - 048/DP-P
  1065/6230 pid=613367 rate=0.34s/card eta=29.2m Pikachu - 057/DP-P
  1066/6230 pid=613368 rate=0.34s/card eta=29.2m Pikachu - 095/DP-P
  1067/6230 pid=613369 rate=0.34s/card eta=29.2m Pikachu - 113/DP-P
  1068/6230 pid=613370 rate=0.34s/card eta=29.2m Piplup - 074/DP-P
  1069/6230 pid=613371 rate=0.34s/card eta=29.2m Porygon-Z - 106/DP-P
  1070/6230 pid=613372 rate=0.34s/card eta=29.2m Porygon-Z LV.X - 075/DP-P
  1071/6230 pid=613373 rate=0.34s/card eta=29.2m Prinplup - 038/DP-P
  1072/6230 pid=613374 rate=0.34s/card eta=29.2m Prinplup - 054/DP-P
  1073/6230 pid=613375 rate=0.34s/card eta=29.2m Raichu - 114/DP-P
  1074/6230 pid=613376 rate=0.34s/card eta=29.2m Regigigas - 111/DP-P
  1075/6230 pid=613377 rate=0.34s/card eta=29.2m Riolu - 066/DP-P
  1076/6230 pid=613378 rate=0.34s/card eta=29.2m Shellos - 060/DP-P
  1077/6230 pid=613379 rate=0.34s/card eta=29.2m Basic Fighting Energy - 060/PCG-P
  1078/6230 pid=613380 rate=0.34s/card eta=29.2m Basic Fire Energy - 056/PCG-P
  1079/6230 pid=613381 rate=0.34s/card eta=29.2m Basic Grass Energy - 055/PCG-P
  1080/6230 pid=613382 rate=0.34s/card eta=29.2m Basic Lightning Energy - 058/PCG-P
  1081/6230 pid=613383 rate=0.34s/card eta=29.2m Basic Psychic Energy - 059/PCG-P
  1082/6230 pid=613384 rate=0.34s/card eta=29.2m Basic Water Energy - 057/PCG-P
  1083/6230 pid=613385 rate=0.34s/card eta=29.1m Championship Arena - 117/PCG-P
  1084/6230 pid=613386 rate=0.34s/card eta=29.1m Dark Metal Energy - 054/PCG-P
  1085/6230 pid=613387 rate=0.34s/card eta=29.1m Deoxys (Delta Species) - 129/PCG-P
  1086/6230 pid=613388 rate=0.34s/card eta=29.1m Heal Energy - 022/PCG-P
  1087/6230 pid=613389 rate=0.34s/card eta=29.1m Holon Energy FF - 115/PCG-P
  1088/6230 pid=613390 rate=0.34s/card eta=29.1m Holon Energy GL - 114/PCG-P
  1089/6230 pid=613391 rate=0.34s/card eta=29.1m Holon Energy WP - 116/PCG-P
  1090/6230 pid=613392 rate=0.34s/card eta=29.1m LaRousse's Munchlax - 025/PCG-P
  1091/6230 pid=613393 rate=0.34s/card eta=29.1m Rayquaza - 094/PCG-P
  1092/6230 pid=613394 rate=0.34s/card eta=29.1m Rocket's Persian ex - 053/PCG-P
  1093/6230 pid=613395 rate=0.34s/card eta=29.1m Rocket's Raikou ex - 035/PCG-P
  1094/6230 pid=613396 rate=0.34s/card eta=29.1m Scramble Energy - 021/PCG-P
  1095/6230 pid=613397 rate=0.34s/card eta=29.1m Rainbow Energy - 149/PCG-P
  1096/6230 pid=613398 rate=0.34s/card eta=29.1m Aura's Lucario - 075/PCG-P
  1097/6230 pid=613399 rate=0.34s/card eta=29.1m Aura's Lucario - 079/PCG-P
  1098/6230 pid=613400 rate=0.34s/card eta=29.1m Aura's Lucario - 090/PCG-P
  1099/6230 pid=613401 rate=0.34s/card eta=29.1m Aura's Lucario - 092/PCG-P
  1100/6230 pid=613402 rate=0.34s/card eta=29.1m Aura's Lucario - 093/PCG-P
  1101/6230 pid=613403 rate=0.34s/card eta=29.0m Azumarill - 077/PCG-P
  1102/6230 pid=613404 rate=0.34s/card eta=29.0m Beautifly - 005/PCG-P
  1103/6230 pid=613405 rate=0.34s/card eta=29.0m Blastoise - 001/PCG-P
  1104/6230 pid=613406 rate=0.34s/card eta=29.0m Blaziken - 007/PCG-P
  1105/6230 pid=613407 rate=0.34s/card eta=29.0m Cacnea - 064/PCG-P
  1106/6230 pid=613408 rate=0.34s/card eta=29.0m Celebi ex - 052/PCG-P
  1107/6230 pid=613409 rate=0.34s/card eta=29.0m Charizard - 002/PCG-P
  1108/6230 pid=613410 rate=0.34s/card eta=29.0m Charmander (Delta Species) - 132/PCG-P
  1109/6230 pid=613411 rate=0.34s/card eta=29.0m Charmeleon (Delta Species) - 133/PCG-P
  1110/6230 pid=613412 rate=0.34s/card eta=29.0m Chikorita - 028/PCG-P
  1111/6230 pid=613413 rate=0.34s/card eta=29.0m Chimecho (Delta Species) - 128/PCG-P
  1112/6230 pid=613414 rate=0.34s/card eta=29.0m Combusken - 065/PCG-P
  1113/6230 pid=613415 rate=0.34s/card eta=29.0m Combusken - 082/PCG-P
  1114/6230 pid=613416 rate=0.34s/card eta=29.0m Combusken - 136/PCG-P
  1115/6230 pid=613417 rate=0.34s/card eta=29.0m Corphish - 105/PCG-P
  1116/6230 pid=613418 rate=0.34s/card eta=28.9m Cyndaquil - 029/PCG-P
  1117/6230 pid=613419 rate=0.34s/card eta=28.9m Deoxys - 011/PCG-P
  1118/6230 pid=613420 rate=0.34s/card eta=28.9m Deoxys - 017/PCG-P
  1119/6230 pid=613421 rate=0.34s/card eta=28.9m Deoxys - 019/PCG-P
  1120/6230 pid=613422 rate=0.34s/card eta=28.9m Deoxys - 032/PCG-P
  1121/6230 pid=613423 rate=0.34s/card eta=28.9m Deoxys ex - 027/PCG-P
  1122/6230 pid=613424 rate=0.34s/card eta=28.9m Ditto - 108/PCG-P
  1123/6230 pid=613425 rate=0.34s/card eta=28.9m Donphan - 109/PCG-P
  1124/6230 pid=613426 rate=0.34s/card eta=28.9m Eevee - 111/PCG-P
  1125/6230 pid=613427 rate=0.34s/card eta=28.9m Flareon - 102/PCG-P
  1126/6230 pid=613428 rate=0.34s/card eta=28.9m Flygon - 125/PCG-P
  1127/6230 pid=613429 rate=0.34s/card eta=28.9m Forretress - 101/PCG-P
  1128/6230 pid=613430 rate=0.34s/card eta=28.9m Gardevoir - 070/PCG-P
  1129/6230 pid=613431 rate=0.34s/card eta=28.9m Groudon - 042/PCG-P
  1130/6230 pid=613432 rate=0.34s/card eta=28.9m Grovyle - 081/PCG-P
  1131/6230 pid=613433 rate=0.34s/card eta=28.9m Ho-Oh - 135/PCG-P
  1132/6230 pid=613434 rate=0.34s/card eta=28.8m Ho-Oh ex - 076/PCG-P
  1133/6230 pid=613435 rate=0.34s/card eta=28.8m Ivysaur - 004/PCG-P
  1134/6230 pid=613436 rate=0.34s/card eta=28.8m Jolteon - 106/PCG-P
  1135/6230 pid=613437 rate=0.34s/card eta=28.8m LaRousse's Munchlax - 020/PCG-P
  1136/6230 pid=613438 rate=0.34s/card eta=28.8m Larvitar - 033/PCG-P
  1137/6230 pid=613439 rate=0.34s/card eta=28.8m Latias - 061/PCG-P
  1138/6230 pid=613440 rate=0.34s/card eta=28.8m Latias (Delta Species) - 120/PCG-P
  1139/6230 pid=613441 rate=0.34s/card eta=28.8m Latios - 062/PCG-P
  1140/6230 pid=613442 rate=0.34s/card eta=28.8m Latios (Delta Species) - 122/PCG-P
  1141/6230 pid=613443 rate=0.34s/card eta=28.8m Lugia - 038/PCG-P
  1142/6230 pid=613444 rate=0.34s/card eta=28.8m Lugia - 141/PCG-P
  1143/6230 pid=613445 rate=0.34s/card eta=28.8m Luvdisc - 023/PCG-P
  1144/6230 pid=613446 rate=0.34s/card eta=28.8m Marshtomp - 110/PCG-P
  1145/6230 pid=613447 rate=0.34s/card eta=28.8m Masquerain - 006/PCG-P
  1146/6230 pid=613448 rate=0.34s/card eta=28.8m Meditite - 142/PCG-P
  1147/6230 pid=613449 rate=0.34s/card eta=28.8m Meowth (Delta Species) - 127/PCG-P
  1148/6230 pid=613450 rate=0.34s/card eta=28.7m Metagross - 016/PCG-P
  1149/6230 pid=613451 rate=0.34s/card eta=28.7m Mew - 069/PCG-P
  1150/6230 pid=613452 rate=0.34s/card eta=28.7m Mew - 080/PCG-P
  1151/6230 pid=613453 rate=0.34s/card eta=28.7m Mew - 085/PCG-P
  1152/6230 pid=613454 rate=0.34s/card eta=28.7m Mew - 091/PCG-P
  1153/6230 pid=613455 rate=0.34s/card eta=28.7m Mew (Delta Species) - 148/PCG-P
  1154/6230 pid=613456 rate=0.34s/card eta=28.7m Mewtwo (Delta Species) - 107/PCG-P
  1155/6230 pid=613457 rate=0.34s/card eta=28.7m Minun - 010/PCG-P
  1156/6230 pid=613458 rate=0.34s/card eta=28.7m Mudkip - 083/PCG-P
  1157/6230 pid=613459 rate=0.34s/card eta=28.7m Murkrow - 015/PCG-P
  1158/6230 pid=613460 rate=0.34s/card eta=28.7m Pelipper (Delta Species) - 140/PCG-P
  1159/6230 pid=613461 rate=0.34s/card eta=28.7m Phanpy - 071/PCG-P
  1160/6230 pid=613462 rate=0.34s/card eta=28.7m Pichu - 031/PCG-P
  1161/6230 pid=613463 rate=0.34s/card eta=28.7m Pichu Bros. - 078/PCG-P
  1162/6230 pid=613464 rate=0.34s/card eta=28.7m Pidgeot - 073/PCG-P
  1163/6230 pid=613465 rate=0.34s/card eta=28.7m Pidgey - 126/PCG-P
  1164/6230 pid=613466 rate=0.34s/card eta=28.7m Pikachu - 068/PCG-P
  1165/6230 pid=613467 rate=0.34s/card eta=28.7m Pikachu - 084/PCG-P
  1166/6230 pid=613468 rate=0.34s/card eta=28.7m Pikachu - 123/PCG-P
  1167/6230 pid=613469 rate=0.34s/card eta=28.7m Pikachu - 153/PCG-P
  1168/6230 pid=613470 rate=0.34s/card eta=28.7m Pikachu (Delta Species) - 112/PCG-P
  1169/6230 pid=613471 rate=0.34s/card eta=28.7m Pikachu (Delta Species) - 113/PCG-P
  1170/6230 pid=613472 rate=0.34s/card eta=28.6m Pikachu (Delta Species) - 118/PCG-P
  1171/6230 pid=613473 rate=0.34s/card eta=28.6m Plusle - 009/PCG-P
  1172/6230 pid=613474 rate=0.34s/card eta=28.6m Pokemon Card Laboratory - 024/PCG-P
  1173/6230 pid=613475 rate=0.34s/card eta=28.6m Pokemon Fan Club - 096/PCG-P
  1174/6230 pid=613476 rate=0.34s/card eta=28.6m PokePark's Celebi - 044/PCG-P
  1175/6230 pid=613477 rate=0.34s/card eta=28.6m PokePark's Jirachi - 050/PCG-P
  1176/6230 pid=613478 rate=0.34s/card eta=28.6m PokePark's Latios - 045/PCG-P
  1177/6230 pid=613479 rate=0.34s/card eta=28.6m PokePark's Mudkip - 048/PCG-P
  1178/6230 pid=613480 rate=0.34s/card eta=28.6m PokePark's Munchlax - 040/PCG-P
  1179/6230 pid=613481 rate=0.34s/card eta=28.6m PokePark's Pikachu - 043/PCG-P
  1180/6230 pid=613482 rate=0.34s/card eta=28.6m PokePark's Torchic - 047/PCG-P
  1181/6230 pid=613483 rate=0.34s/card eta=28.6m PokePark's Whismur - 046/PCG-P
  1182/6230 pid=613484 rate=0.34s/card eta=28.6m Rayquaza - 014/PCG-P
  1183/6230 pid=613485 rate=0.34s/card eta=28.6m Rayquaza - 041/PCG-P
  1184/6230 pid=613486 rate=0.34s/card eta=28.6m Rayquaza (Delta Species) - 103/PCG-P
  1185/6230 pid=613487 rate=0.34s/card eta=28.6m React Energy - 095/PCG-P
  1186/6230 pid=613488 rate=0.34s/card eta=28.6m Regice - 067/PCG-P
  1187/6230 pid=613489 rate=0.34s/card eta=28.6m Regice - 098/PCG-P
  1188/6230 pid=613490 rate=0.34s/card eta=28.6m Regirock - 072/PCG-P
  1189/6230 pid=613491 rate=0.34s/card eta=28.6m Regirock - 099/PCG-P
  1190/6230 pid=613492 rate=0.34s/card eta=28.5m Registeel - 074/PCG-P
  1191/6230 pid=613493 rate=0.34s/card eta=28.5m Registeel - 100/PCG-P
  1192/6230 pid=613494 rate=0.34s/card eta=28.5m Rocket's Persian ex - 036/PCG-P
  1193/6230 pid=613495 rate=0.34s/card eta=28.5m Rocket's Raikou ex - 026/PCG-P
  1194/6230 pid=613496 rate=0.34s/card eta=28.5m Rota's Bonsly - 087/PCG-P
  1195/6230 pid=613497 rate=0.34s/card eta=28.5m Rota's Mime Jr. - 086/PCG-P
  1196/6230 pid=613498 rate=0.34s/card eta=28.5m Rota's Mime Jr. - 097/PCG-P
  1197/6230 pid=613499 rate=0.34s/card eta=28.5m Rota's Munchlax - 088/PCG-P
  1198/6230 pid=613500 rate=0.34s/card eta=28.5m Rota's Weavile - 089/PCG-P
  1199/6230 pid=613501 rate=0.34s/card eta=28.5m Samiya's Buizel - 138/PCG-P
  1200/6230 pid=613502 rate=0.34s/card eta=28.5m Samiya's Buizel - 151/PCG-P
  1201/6230 pid=613503 rate=0.34s/card eta=28.5m Samiya's Chatot - 143/PCG-P
  1202/6230 pid=613504 rate=0.34s/card eta=28.5m Samiya's Chatot - 152/PCG-P
  1203/6230 pid=613505 rate=0.34s/card eta=28.5m Samiya's Mantyke - 137/PCG-P
  1204/6230 pid=613506 rate=0.34s/card eta=28.5m Sceptile - 063/PCG-P
  1205/6230 pid=613507 rate=0.34s/card eta=28.5m Sceptile - 119/PCG-P
  1206/6230 pid=613508 rate=0.34s/card eta=28.5m Sea's Manaphy - 139/PCG-P
  1207/6230 pid=613509 rate=0.34s/card eta=28.5m Sea's Manaphy - 146/PCG-P
  1208/6230 pid=613510 rate=0.34s/card eta=28.5m Sea's Manaphy - 147/PCG-P
  1209/6230 pid=613511 rate=0.34s/card eta=28.4m Sea's Manaphy - 150/PCG-P
  1210/6230 pid=613512 rate=0.34s/card eta=28.4m Sea's Manaphy - 154/PCG-P
  1211/6230 pid=613513 rate=0.34s/card eta=28.4m Seviper - 134/PCG-P
  1212/6230 pid=613514 rate=0.34s/card eta=28.4m Sharpedo - 144/PCG-P
  1213/6230 pid=613515 rate=0.34s/card eta=28.4m Sky-Splitting Deoxys - 018/PCG-P
  1214/6230 pid=613516 rate=0.34s/card eta=28.4m Squirtle - 121/PCG-P
  1215/6230 pid=613517 rate=0.34s/card eta=28.4m Suicune - 039/PCG-P
  1216/6230 pid=613518 rate=0.34s/card eta=28.4m Surskit - 008/PCG-P
  1217/6230 pid=613519 rate=0.34s/card eta=28.4m Swampert - 066/PCG-P
  1218/6230 pid=613520 rate=0.34s/card eta=28.4m Swellow - 013/PCG-P
  1219/6230 pid=613521 rate=0.34s/card eta=28.4m Tauros - 049/PCG-P
  1220/6230 pid=613522 rate=0.34s/card eta=28.4m Togepi - 034/PCG-P
  1221/6230 pid=613523 rate=0.34s/card eta=28.4m Torkoal - 012/PCG-P
  1222/6230 pid=613524 rate=0.34s/card eta=28.4m Totodile - 030/PCG-P
  1223/6230 pid=613525 rate=0.34s/card eta=28.4m Touch Exchange! - 130/PCG-P
  1224/6230 pid=613526 rate=0.34s/card eta=28.4m Treecko - 037/PCG-P
  1225/6230 pid=613527 rate=0.34s/card eta=28.4m Treecko (Delta Species) - 131/PCG-P
  1226/6230 pid=613528 rate=0.34s/card eta=28.4m Typhlosion - 051/PCG-P
  1227/6230 pid=613529 rate=0.34s/card eta=28.4m Vaporeon - 104/PCG-P
  1228/6230 pid=613530 rate=0.34s/card eta=28.3m Venusaur - 003/PCG-P
  1229/6230 pid=613531 rate=0.34s/card eta=28.3m Wobbuffet - 124/PCG-P
  1230/6230 pid=613532 rate=0.34s/card eta=28.3m Zangoose (Delta Species) - 145/PCG-P
  1231/6230 pid=613533 rate=0.34s/card eta=28.3m Aggron ex
  1232/6230 pid=613534 rate=0.34s/card eta=28.3m Anorith
  1233/6230 pid=613535 rate=0.34s/card eta=28.3m Armaldo
  1234/6230 pid=613536 rate=0.34s/card eta=28.3m Azumarill
  1235/6230 pid=613537 rate=0.34s/card eta=28.3m Azurill
  1236/6230 pid=613538 rate=0.34s/card eta=28.3m Baltoy
  1237/6230 pid=613539 rate=0.34s/card eta=28.3m Cacnea
  1238/6230 pid=613540 rate=0.34s/card eta=28.3m Cacturne
  1239/6230 pid=613541 rate=0.34s/card eta=28.3m Claw Fossil
  1240/6230 pid=613542 rate=0.34s/card eta=28.3m Cradily
  1241/6230 pid=613543 rate=0.34s/card eta=28.3m Cyndaquil
  1242/6230 pid=613544 rate=0.34s/card eta=28.3m Double Full Heal
  1243/6230 pid=613545 rate=0.34s/card eta=28.3m Dusclops
  1244/6230 pid=613546 rate=0.34s/card eta=28.3m Duskull
  1245/6230 pid=613547 rate=0.34s/card eta=28.3m Gardevoir ex
  1246/6230 pid=613548 rate=0.34s/card eta=28.3m Golduck
  1247/6230 pid=613549 rate=0.34s/card eta=28.2m Illumise
  1248/6230 pid=613550 rate=0.34s/card eta=28.2m Kecleon
  1249/6230 pid=613551 rate=0.34s/card eta=28.2m Lanette's Net Search
  1250/6230 pid=613552 rate=0.34s/card eta=28.2m Lileep
  1251/6230 pid=613553 rate=0.34s/card eta=28.2m Lombre
  1252/6230 pid=613554 rate=0.34s/card eta=28.2m Lotad
  1253/6230 pid=613555 rate=0.34s/card eta=28.2m Ludicolo
  1254/6230 pid=613556 rate=0.34s/card eta=28.2m Lunatone
  1255/6230 pid=613557 rate=0.34s/card eta=28.2m Marill
  1256/6230 pid=613558 rate=0.34s/card eta=28.2m Mawile
  1257/6230 pid=613559 rate=0.34s/card eta=28.2m Multi Energy
  1258/6230 pid=613560 rate=0.34s/card eta=28.2m Natu
  1259/6230 pid=613561 rate=0.34s/card eta=28.2m Nuzleaf
  1260/6230 pid=613562 rate=0.34s/card eta=28.2m Pichu
  1261/6230 pid=613563 rate=0.34s/card eta=28.2m Pikachu
  1262/6230 pid=613564 rate=0.34s/card eta=28.2m Psyduck
  1263/6230 pid=613565 rate=0.34s/card eta=28.2m Quilava
  1264/6230 pid=613566 rate=0.34s/card eta=28.2m Raichu ex
  1265/6230 pid=613567 rate=0.34s/card eta=28.2m Rare Candy
  1266/6230 pid=613568 rate=0.34s/card eta=28.1m Root Fossil
  1267/6230 pid=613569 rate=0.34s/card eta=28.1m Sableye
  1268/6230 pid=613570 rate=0.34s/card eta=28.1m Sandshrew
  1269/6230 pid=613571 rate=0.34s/card eta=28.1m Sandslash
  1270/6230 pid=613572 rate=0.34s/card eta=28.1m Seedot
  1271/6230 pid=613573 rate=0.34s/card eta=28.1m Seviper
  1272/6230 pid=613574 rate=0.34s/card eta=28.1m Shiftry
  1273/6230 pid=613575 rate=0.34s/card eta=28.1m Solrock
  1274/6230 pid=613576 rate=0.34s/card eta=28.1m Trapinch
  1275/6230 pid=613577 rate=0.34s/card eta=28.1m Typhlosion ex
  1276/6230 pid=613578 rate=0.34s/card eta=28.1m Volbeat
  1277/6230 pid=613579 rate=0.34s/card eta=28.1m Wailord ex
  1278/6230 pid=613580 rate=0.34s/card eta=28.1m Wally's Training
  1279/6230 pid=613581 rate=0.34s/card eta=28.1m Wobbuffet
  1280/6230 pid=613582 rate=0.34s/card eta=28.1m Wynaut
  1281/6230 pid=613583 rate=0.34s/card eta=28.1m Xatu
  1282/6230 pid=613584 rate=0.34s/card eta=28.1m Zangoose
  1283/6230 pid=613585 rate=0.34s/card eta=28.1m Zigzagoon
  1284/6230 pid=613586 rate=0.34s/card eta=28.0m Absol - 034/ADV-P
  1285/6230 pid=613587 rate=0.34s/card eta=28.0m Absol - 035/ADV-P
  1286/6230 pid=613588 rate=0.34s/card eta=28.0m Armaldo ex - 013/ADV-P
  1287/6230 pid=613589 rate=0.34s/card eta=28.0m Ash's Treecko - 036/ADV-P
  1288/6230 pid=613590 rate=0.34s/card eta=28.0m Beldum - 045/ADV-P
  1289/6230 pid=613591 rate=0.34s/card eta=28.0m Blaziken - 047/ADV-P
  1290/6230 pid=613592 rate=0.34s/card eta=28.0m Brock's Mudkip - 038/ADV-P
  1291/6230 pid=613593 rate=0.34s/card eta=28.0m Bulbasaur - 051/ADV-P
  1292/6230 pid=613594 rate=0.34s/card eta=28.0m Butler's Kirlia - 039/ADV-P
  1293/6230 pid=613595 rate=0.34s/card eta=28.0m Charizard - 054/ADV-P
  1294/6230 pid=613596 rate=0.34s/card eta=28.0m Charmander - 052/ADV-P
  1295/6230 pid=613597 rate=0.34s/card eta=28.0m Charmeleon - 053/ADV-P
  1296/6230 pid=613598 rate=0.34s/card eta=28.0m Chimecho - 041/ADV-P
  1297/6230 pid=613599 rate=0.34s/card eta=28.0m Combusken - 009/ADV-P
  1298/6230 pid=613600 rate=0.34s/card eta=28.0m Cubone - 060/ADV-P
  1299/6230 pid=613601 rate=0.34s/card eta=28.0m Flygon - 032/ADV-P
  1300/6230 pid=613602 rate=0.34s/card eta=27.9m Flygon - 033/ADV-P
  1301/6230 pid=613603 rate=0.34s/card eta=27.9m Forina's Absol - 040/ADV-P
  1302/6230 pid=613604 rate=0.34s/card eta=27.9m Groudon - 026/ADV-P
  1303/6230 pid=613605 rate=0.34s/card eta=27.9m Groudon - 027/ADV-P
  1304/6230 pid=613606 rate=0.34s/card eta=27.9m Groudon ex - 002/ADV-P
  1305/6230 pid=613607 rate=0.34s/card eta=27.9m Groudon ex - 012/ADV-P
  1306/6230 pid=613608 rate=0.34s/card eta=27.9m Grovyle - 008/ADV-P
  1307/6230 pid=613609 rate=0.34s/card eta=27.9m Jigglypuff - 061/ADV-P
  1308/6230 pid=613610 rate=0.34s/card eta=27.9m Jirachi - 014/ADV-P
  1309/6230 pid=613611 rate=0.34s/card eta=27.9m Jirachi - 025/ADV-P
  1310/6230 pid=613612 rate=0.34s/card eta=27.9m Kyogre ex - 001/ADV-P
  1311/6230 pid=613613 rate=0.34s/card eta=27.9m Kyogre ex - 011/ADV-P
  1312/6230 pid=613614 rate=0.34s/card eta=27.9m Latias - 006/ADV-P
  1313/6230 pid=613615 rate=0.34s/card eta=27.9m Latios - 007/ADV-P
  1314/6230 pid=613616 rate=0.34s/card eta=27.9m Ludicolo - 021/ADV-P
  1315/6230 pid=613617 rate=0.34s/card eta=27.9m Ludicolo - 022/ADV-P
  1316/6230 pid=613618 rate=0.34s/card eta=27.8m Marshtomp - 010/ADV-P
  1317/6230 pid=613619 rate=0.34s/card eta=27.8m May's Torchic - 037/ADV-P
  1318/6230 pid=613620 rate=0.34s/card eta=27.8m Meowth - 028/ADV-P
  1319/6230 pid=613621 rate=0.34s/card eta=27.8m Meowth - 029/ADV-P
  1320/6230 pid=613622 rate=0.34s/card eta=27.8m Meowth - 062/ADV-P
  1321/6230 pid=613623 rate=0.34s/card eta=27.8m Metang - 044/ADV-P
  1322/6230 pid=613624 rate=0.34s/card eta=27.8m Metang - 063/ADV-P
  1323/6230 pid=613625 rate=0.34s/card eta=27.8m Minun - 050/ADV-P
  1324/6230 pid=613626 rate=0.34s/card eta=27.8m Mudkip - 005/ADV-P
  1325/6230 pid=613627 rate=0.34s/card eta=27.8m Mudkip - 019/ADV-P
  1326/6230 pid=613628 rate=0.34s/card eta=27.8m Mudkip - 020/ADV-P
  1327/6230 pid=613629 rate=0.34s/card eta=27.8m Multi Energy - 042/ADV-P
  1328/6230 pid=613630 rate=0.34s/card eta=27.8m Oran Berry - 043/ADV-P
  1329/6230 pid=613631 rate=0.34s/card eta=27.8m Pikachu - 023/ADV-P
  1330/6230 pid=613632 rate=0.34s/card eta=27.8m Pikachu - 024/ADV-P
  1331/6230 pid=613633 rate=0.34s/card eta=27.8m Pikachu - 057/ADV-P
  1332/6230 pid=613634 rate=0.34s/card eta=27.8m Plusle - 049/ADV-P
  1333/6230 pid=613635 rate=0.34s/card eta=27.7m Psyduck - 056/ADV-P
  1334/6230 pid=613636 rate=0.34s/card eta=27.7m Raichu - 058/ADV-P
  1335/6230 pid=613637 rate=0.34s/card eta=27.7m Sceptile - 046/ADV-P
  1336/6230 pid=613638 rate=0.34s/card eta=27.7m Slowpoke - 059/ADV-P
  1337/6230 pid=613639 rate=0.34s/card eta=27.7m Squirtle - 055/ADV-P
  1338/6230 pid=613640 rate=0.34s/card eta=27.7m Swampert - 048/ADV-P
  1339/6230 pid=613641 rate=0.34s/card eta=27.7m Torchic - 004/ADV-P
  1340/6230 pid=613642 rate=0.34s/card eta=27.7m Torchic - 017/ADV-P
  1341/6230 pid=613643 rate=0.34s/card eta=27.7m Torchic - 018/ADV-P
  1342/6230 pid=613644 rate=0.34s/card eta=27.7m Treecko - 003/ADV-P
  1343/6230 pid=613645 rate=0.34s/card eta=27.7m Treecko - 015/ADV-P
  1344/6230 pid=613646 rate=0.34s/card eta=27.7m Treecko - 016/ADV-P
  1345/6230 pid=613647 rate=0.34s/card eta=27.7m Whismur - 030/ADV-P
  1346/6230 pid=613648 rate=0.34s/card eta=27.7m Whismur - 031/ADV-P
  1347/6230 pid=613649 rate=0.34s/card eta=27.7m Charmeleon
  1348/6230 pid=613650 rate=0.34s/card eta=27.7m Voltorb
  1349/6230 pid=613651 rate=0.34s/card eta=27.6m Exeggcute
  1350/6230 pid=613652 rate=0.34s/card eta=27.6m Slowpoke
  1351/6230 pid=613653 rate=0.34s/card eta=27.6m Bill's Teleporter
  1352/6230 pid=613654 rate=0.34s/card eta=27.6m New Pokedex
  1353/6230 pid=613655 rate=0.34s/card eta=27.6m Tangela
  1354/6230 pid=613656 rate=0.34s/card eta=27.6m Marill
  1355/6230 pid=613657 rate=0.34s/card eta=27.6m Diglett
  1356/6230 pid=613658 rate=0.34s/card eta=27.6m Nidoran
  1357/6230 pid=613659 rate=0.34s/card eta=27.6m Hitmonlee
  1358/6230 pid=613660 rate=0.34s/card eta=27.6m Ivysaur
  1359/6230 pid=613661 rate=0.34s/card eta=27.6m Wartortle
  1360/6230 pid=613662 rate=0.34s/card eta=27.6m Growlithe
  1361/6230 pid=613663 rate=0.34s/card eta=27.6m Venonat
  1362/6230 pid=613664 rate=0.34s/card eta=27.6m Vulpix
  1363/6230 pid=613665 rate=0.34s/card eta=27.6m Dark Blastoise
  1364/6230 pid=613666 rate=0.34s/card eta=27.6m Dark Charizard
  1365/6230 pid=613667 rate=0.34s/card eta=27.6m Dark Venusaur
  1366/6230 pid=613668 rate=0.34s/card eta=27.5m Machamp
  1367/6230 pid=613669 rate=0.34s/card eta=27.5m Gengar
  1368/6230 pid=613670 rate=0.34s/card eta=27.5m Moltres
  1369/6230 pid=613671 rate=0.34s/card eta=27.5m Articuno
  1370/6230 pid=613672 rate=0.34s/card eta=27.5m Zapdos
  1371/6230 pid=613673 rate=0.34s/card eta=27.5m Nidoking
  1372/6230 pid=613674 rate=0.34s/card eta=27.5m Ninetales
  1373/6230 pid=613675 rate=0.34s/card eta=27.5m Raichu
  1374/6230 pid=613676 rate=0.34s/card eta=27.5m Dark Alakazam
  1375/6230 pid=613677 rate=0.34s/card eta=27.5m Rocket's Sneak Attack
  1376/6230 pid=613678 rate=0.34s/card eta=27.5m Dragonite
  1377/6230 pid=613679 rate=0.34s/card eta=27.5m Magikarp
  1378/6230 pid=613680 rate=0.34s/card eta=27.5m Exeggutor
  1379/6230 pid=613681 rate=0.34s/card eta=27.5m Surfing Pikachu
  1380/6230 pid=613682 rate=0.34s/card eta=27.5m Dark Weezing
  1381/6230 pid=613683 rate=0.34s/card eta=27.5m Dark Slowbro
  1382/6230 pid=613684 rate=0.34s/card eta=27.5m Dark Kadabra
  1383/6230 pid=613685 rate=0.34s/card eta=27.4m Hyper Devolution Spray
  1384/6230 pid=613686 rate=0.34s/card eta=27.4m Dark Charmeleon
  1385/6230 pid=613687 rate=0.34s/card eta=27.4m Max Revive
  1386/6230 pid=613688 rate=0.34s/card eta=27.4m Electrode
  1387/6230 pid=613689 rate=0.34s/card eta=27.4m Dark Ivysaur
  1388/6230 pid=613690 rate=0.34s/card eta=27.4m Dugtrio
  1389/6230 pid=613691 rate=0.34s/card eta=27.4m Venomoth
  1390/6230 pid=613692 rate=0.34s/card eta=27.4m Arcanine
  1391/6230 pid=613693 rate=0.34s/card eta=27.4m Nidorino
  1392/6230 pid=613694 rate=0.34s/card eta=27.4m Pokemon Retransfer
  1393/6230 pid=613695 rate=0.34s/card eta=27.4m Dark Wartortle
  1394/6230 pid=613696 rate=0.34s/card eta=27.4m Timeless Celebi (Jumbo)
  1395/6230 pid=613697 rate=0.34s/card eta=27.4m Latias and Latios (Jumbo)
  1396/6230 pid=613698 rate=0.34s/card eta=27.4m Bill - 009/P
  1397/6230 pid=613699 rate=0.34s/card eta=27.4m Blastoise - 013/P
  1398/6230 pid=613700 rate=0.34s/card eta=27.4m Boost Energy - 040/P
  1399/6230 pid=613701 rate=0.34s/card eta=27.4m Celebi - 006/P
  1400/6230 pid=613702 rate=0.34s/card eta=27.3m Celebi - 042/P
  1401/6230 pid=613703 rate=0.34s/card eta=27.3m Charizard - 014/P
  1402/6230 pid=613704 rate=0.34s/card eta=27.3m Crystal Energy - 039/P
  1403/6230 pid=613705 rate=0.34s/card eta=27.3m Donphan - 034/P
  1404/6230 pid=613706 rate=0.34s/card eta=27.3m Entei - 043/P
  1405/6230 pid=613707 rate=0.34s/card eta=27.3m Feraligatr - 016/P
  1406/6230 pid=613708 rate=0.34s/card eta=27.3m Growlithe - 030/P
  1407/6230 pid=613709 rate=0.34s/card eta=27.3m Ho-Oh - 010/P
  1408/6230 pid=613710 rate=0.34s/card eta=27.3m Hoppip - 029/P
  1409/6230 pid=613711 rate=0.34s/card eta=27.3m Kecleon - 001/P
  1410/6230 pid=613712 rate=0.34s/card eta=27.3m Lanturn - 031/P
  1411/6230 pid=613713 rate=0.34s/card eta=27.3m Larvitar - 005/P
  1412/6230 pid=613714 rate=0.34s/card eta=27.3m Lugia - 047/P
  1413/6230 pid=613715 rate=0.34s/card eta=27.3m Meganium - 015/P
  1414/6230 pid=613716 rate=0.34s/card eta=27.3m Mew - 033/P
  1415/6230 pid=613717 rate=0.34s/card eta=27.3m Mewtwo - 046/P
  1416/6230 pid=613718 rate=0.34s/card eta=27.3m Pichu - 032/P
  1417/6230 pid=613719 rate=0.34s/card eta=27.2m Pichu - 045/P
  1418/6230 pid=613720 rate=0.34s/card eta=27.2m Pichu Bros. - 028/P
  1419/6230 pid=613721 rate=0.34s/card eta=27.2m Pikachu - 004/P
  1420/6230 pid=613722 rate=0.34s/card eta=27.2m Pikachu - 021/P
  1421/6230 pid=613723 rate=0.34s/card eta=27.2m Pikachu - 038/P
  1422/6230 pid=613724 rate=0.34s/card eta=27.2m Pikachu - 044/P
  1423/6230 pid=613725 rate=0.34s/card eta=27.2m Pokemon Center Osaka - 020/P
  1424/6230 pid=613726 rate=0.34s/card eta=27.2m Pokemon Center Tokyo - 019/P
  1425/6230 pid=613727 rate=0.34s/card eta=27.2m Rapidash - 011/P
  1426/6230 pid=613728 rate=0.34s/card eta=27.2m Rocket's Scizor - 002/P
  1427/6230 pid=613729 rate=0.34s/card eta=27.2m Rocket's Sneasel - 003/P
  1428/6230 pid=613730 rate=0.34s/card eta=27.2m Scizor - 037/P
  1429/6230 pid=613731 rate=0.34s/card eta=27.2m Shining Imakuni? - 018/P
  1430/6230 pid=613732 rate=0.34s/card eta=27.2m Sneasel - 036/P
  1431/6230 pid=613733 rate=0.34s/card eta=27.2m Suicune - 026/P
  1432/6230 pid=613734 rate=0.34s/card eta=27.2m Togepi - 035/P
  1433/6230 pid=613735 rate=0.34s/card eta=27.2m Touch Generation Change! - 027/P
  1434/6230 pid=613736 rate=0.34s/card eta=27.1m Tropical Wind - 008/P
  1435/6230 pid=613737 rate=0.34s/card eta=27.1m Typhlosion - 017/P
  1436/6230 pid=613738 rate=0.34s/card eta=27.1m Tyrogue - 023/P
  1437/6230 pid=613739 rate=0.34s/card eta=27.1m Umbreon - 025/P
  1438/6230 pid=613740 rate=0.34s/card eta=27.1m Venusaur - 012/P
  1439/6230 pid=613741 rate=0.34s/card eta=27.1m Warp Energy - 041/P
  1440/6230 pid=613742 rate=0.34s/card eta=27.1m Wooper - 022/P
  1441/6230 pid=613743 rate=0.34s/card eta=27.1m Zapdos - 024/P
  1442/6230 pid=613744 rate=0.34s/card eta=27.1m Arceus - 020/022
  1443/6230 pid=613745 rate=0.34s/card eta=27.1m Arceus - 021/022
  1444/6230 pid=613746 rate=0.34s/card eta=27.1m Arceus - 022/022
  1445/6230 pid=613747 rate=0.34s/card eta=27.1m Beautifly M - 003/022
  1446/6230 pid=613748 rate=0.34s/card eta=27.1m Bronzong M - 015/022
  1447/6230 pid=613749 rate=0.34s/card eta=27.1m Buneary M - 019/022
  1448/6230 pid=613750 rate=0.34s/card eta=27.1m Chikorita M - 001/022
  1449/6230 pid=613751 rate=0.34s/card eta=27.1m Croagunk M - 013/022
  1450/6230 pid=613752 rate=0.34s/card eta=27.1m Cyndaquil M - 004/022
  1451/6230 pid=613753 rate=0.34s/card eta=27.0m Dialga M - 016/022
  1452/6230 pid=613754 rate=0.34s/card eta=27.0m Giratina M - 014/022
  1453/6230 pid=613755 rate=0.34s/card eta=27.0m Heatran M - 005/022
  1454/6230 pid=613756 rate=0.34s/card eta=27.0m Heracross M - 002/022
  1455/6230 pid=613757 rate=0.34s/card eta=27.0m Meowth M - 017/022
  1456/6230 pid=613758 rate=0.34s/card eta=27.0m Palkia M - 008/022
  1457/6230 pid=613759 rate=0.34s/card eta=27.0m Pikachu M - 012/022
  1458/6230 pid=613760 rate=0.34s/card eta=27.0m Piplup M - 007/022
  1459/6230 pid=613761 rate=0.34s/card eta=27.0m Spiky-eared Pichu M - 009/022
  1460/6230 pid=613762 rate=0.34s/card eta=27.0m Spiky-eared Pichu M - 010/022
  1461/6230 pid=613763 rate=0.34s/card eta=27.0m Spiky-eared Pichu M - 011/022
  1462/6230 pid=613764 rate=0.34s/card eta=27.0m Staraptor M - 018/022
  1463/6230 pid=613765 rate=0.34s/card eta=27.0m Totodile M - 006/022
  1464/6230 pid=613766 rate=0.34s/card eta=27.0m Icy Sky's Shaymin
  1465/6230 pid=613767 rate=0.34s/card eta=27.0m Piplup
  1466/6230 pid=613768 rate=0.34s/card eta=27.0m Pikachu
  1467/6230 pid=613769 rate=0.34s/card eta=27.0m Magnezone
  1468/6230 pid=613770 rate=0.34s/card eta=26.9m Reverse World's Giratina
  1469/6230 pid=613771 rate=0.34s/card eta=26.9m Mamoswine
  1470/6230 pid=613772 rate=0.34s/card eta=26.9m Shieldon
  1471/6230 pid=613773 rate=0.34s/card eta=26.9m Dialga
  1472/6230 pid=613774 rate=0.34s/card eta=26.9m Regigigas
  1473/6230 pid=613775 rate=0.34s/card eta=26.9m Striking Back Mewtwo
  1474/6230 pid=613776 rate=0.34s/card eta=26.9m Explosive Birth Lugia
  1475/6230 pid=613777 rate=0.34s/card eta=26.9m Crystal Tower's Entei
  1476/6230 pid=613778 rate=0.34s/card eta=26.9m Timeless Celebi
  1477/6230 pid=613779 rate=0.34s/card eta=26.9m Alto Mare's Latias
  1478/6230 pid=613780 rate=0.34s/card eta=26.9m Alto Mare's Latios
  1479/6230 pid=613781 rate=0.34s/card eta=26.9m Seven Nights Jirachi
  1480/6230 pid=613782 rate=0.34s/card eta=26.9m Visitor Deoxys
  1481/6230 pid=613783 rate=0.34s/card eta=26.9m Tree of Beginning's Mew
  1482/6230 pid=613784 rate=0.34s/card eta=26.9m Wave-Guiding Hero Lucario
  1483/6230 pid=613785 rate=0.34s/card eta=26.9m Prince of the Sea Manaphy
  1484/6230 pid=613786 rate=0.34s/card eta=26.9m Ash's Aipom
  1485/6230 pid=613787 rate=0.34s/card eta=26.8m Brock's Marshtomp
  1486/6230 pid=613788 rate=0.34s/card eta=26.8m Energy Restore
  1487/6230 pid=613789 rate=0.34s/card eta=26.8m Energy Search
  1488/6230 pid=613790 rate=0.34s/card eta=26.8m Jackie's Capture
  1489/6230 pid=613791 rate=0.34s/card eta=26.8m Lizabeth's Medicham
  1490/6230 pid=613792 rate=0.34s/card eta=26.8m Manaphy's Egg
  1491/6230 pid=613793 rate=0.34s/card eta=26.8m May's Combusken
  1492/6230 pid=613794 rate=0.34s/card eta=26.8m Phantom's Beedrill
  1493/6230 pid=613795 rate=0.34s/card eta=26.8m Phantom's Chatot
  1494/6230 pid=613796 rate=0.34s/card eta=26.8m Poke Ball
  1495/6230 pid=613797 rate=0.34s/card eta=26.8m Potion
  1496/6230 pid=613798 rate=0.34s/card eta=26.8m Rainbow Energy
  1497/6230 pid=613799 rate=0.34s/card eta=26.8m Samiya's Buizel
  1498/6230 pid=613800 rate=0.34s/card eta=26.8m Samiya's Fearow
  1499/6230 pid=613801 rate=0.34s/card eta=26.8m Samiya's Mantyke
  1500/6230 pid=613802 rate=0.34s/card eta=26.8m Sea's Manaphy
  1501/6230 pid=613803 rate=0.34s/card eta=26.8m Shep's Walrein
  1502/6230 pid=613804 rate=0.34s/card eta=26.7m Switch
  1503/6230 pid=613805 rate=0.34s/card eta=26.7m Dark Metal Energy
  1504/6230 pid=613806 rate=0.34s/card eta=26.7m Potion
  1505/6230 pid=613807 rate=0.34s/card eta=26.7m Switch
  1506/6230 pid=613808 rate=0.34s/card eta=26.7m Poke Ball
  1507/6230 pid=613809 rate=0.34s/card eta=26.7m Energy Search
  1508/6230 pid=613810 rate=0.34s/card eta=26.7m Pokemon Reversal
  1509/6230 pid=613811 rate=0.34s/card eta=26.7m Ash's Grovyle
  1510/6230 pid=613812 rate=0.34s/card eta=26.7m Ilene's Mime Jr.
  1511/6230 pid=613813 rate=0.34s/card eta=26.7m Ash's Phanpy
  1512/6230 pid=613814 rate=0.34s/card eta=26.7m Rota's Mew
  1513/6230 pid=613815 rate=0.34s/card eta=26.7m Rota's Bonsly
  1514/6230 pid=613816 rate=0.34s/card eta=26.7m Aaron's Pidgeot
  1515/6230 pid=613817 rate=0.34s/card eta=26.7m Ash's Swellow
  1516/6230 pid=613818 rate=0.34s/card eta=26.7m May's Munchlax
  1517/6230 pid=613819 rate=0.34s/card eta=26.7m Kidd's Weavile - 009/020
  1518/6230 pid=613820 rate=0.34s/card eta=26.7m Kidd's Weavile - 010/020
  1519/6230 pid=613821 rate=0.34s/card eta=26.6m Brock's Forretress
  1520/6230 pid=613822 rate=0.34s/card eta=26.6m Aura's Lucario
  1521/6230 pid=613823 rate=0.34s/card eta=26.6m Aaron's Aura
  1522/6230 pid=613824 rate=0.34s/card eta=26.6m Time Flower
  1523/6230 pid=613825 rate=0.34s/card eta=26.6m Forina's Nuzleaf
  1524/6230 pid=613826 rate=0.34s/card eta=26.6m Forina's Breloom
  1525/6230 pid=613827 rate=0.34s/card eta=26.6m Forina's Tropius
  1526/6230 pid=613828 rate=0.34s/card eta=26.6m Forina's Jirachi
  1527/6230 pid=613829 rate=0.34s/card eta=26.6m Forina's Linoone
  1528/6230 pid=613830 rate=0.34s/card eta=26.6m Forina's Flygon
  1529/6230 pid=613831 rate=0.34s/card eta=26.6m Forina's Altaria
  1530/6230 pid=613832 rate=0.34s/card eta=26.6m Forina's Absol
  1531/6230 pid=613833 rate=0.34s/card eta=26.6m Butler's Kirlia
  1532/6230 pid=613834 rate=0.34s/card eta=26.6m Butler's Dusclops
  1533/6230 pid=613835 rate=0.34s/card eta=26.6m Butler's Salamence
  1534/6230 pid=613836 rate=0.34s/card eta=26.6m Butler's Mightyena
  1535/6230 pid=613837 rate=0.34s/card eta=26.6m Energy Restore
  1536/6230 pid=613838 rate=0.34s/card eta=26.5m Energy Switch
  1537/6230 pid=613839 rate=0.34s/card eta=26.5m Potion
  1538/6230 pid=613840 rate=0.34s/card eta=26.5m Switch
  1539/6230 pid=613841 rate=0.34s/card eta=26.5m Pokemon Reversal
  1540/6230 pid=613842 rate=0.34s/card eta=26.5m Butler's Magic Trick
  1541/6230 pid=613843 rate=0.34s/card eta=26.5m Wish Maker
  1542/6230 pid=613844 rate=0.34s/card eta=26.5m Potion
  1543/6230 pid=613845 rate=0.34s/card eta=26.5m Switch
  1544/6230 pid=613846 rate=0.34s/card eta=26.5m Energy Search
  1545/6230 pid=613847 rate=0.34s/card eta=26.5m Energy Restore
  1546/6230 pid=613848 rate=0.34s/card eta=26.5m Oakley's Ariados
  1547/6230 pid=613849 rate=0.34s/card eta=26.5m Brock's Crobat
  1548/6230 pid=613850 rate=0.34s/card eta=26.5m Alto Mare's Latias
  1549/6230 pid=613851 rate=0.34s/card eta=26.5m Alto Mare's Latios
  1550/6230 pid=613852 rate=0.34s/card eta=26.5m Ross's Wailmer
  1551/6230 pid=613853 rate=0.34s/card eta=26.5m Misty's Politoed
  1552/6230 pid=613854 rate=0.34s/card eta=26.4m Misty's Corsola
  1553/6230 pid=613855 rate=0.34s/card eta=26.4m Alto Mare's Xatu
  1554/6230 pid=613856 rate=0.34s/card eta=26.4m Annie's Espeon
  1555/6230 pid=613857 rate=0.34s/card eta=26.4m Alto Mare's Kabutops
  1556/6230 pid=613858 rate=0.34s/card eta=26.4m Alto Mare's Aerodactyl
  1557/6230 pid=613859 rate=0.34s/card eta=26.4m Alto Mare's Pidgeotto
  1558/6230 pid=613860 rate=0.34s/card eta=26.4m Soul Dew
  1559/6230 pid=613861 rate=0.34s/card eta=26.4m Alto Mare Cube
  1560/6230 pid=613880 rate=0.34s/card eta=26.4m Darkrai
  1561/6230 pid=613881 rate=0.34s/card eta=26.4m Dialga
  1562/6230 pid=613882 rate=0.34s/card eta=26.4m Palkia
  1563/6230 pid=613883 rate=0.34s/card eta=26.4m Chimchar
  1564/6230 pid=613884 rate=0.34s/card eta=26.4m Piplup
  1565/6230 pid=613885 rate=0.34s/card eta=26.4m Turtwig
  1566/6230 pid=613886 rate=0.34s/card eta=26.4m Manaphy
  1567/6230 pid=613896 rate=0.34s/card eta=26.4m Warp Energy
  1568/6230 pid=613897 rate=0.34s/card eta=26.4m Cyclone Energy
  1569/6230 pid=613898 rate=0.34s/card eta=26.4m Boost Energy
  1570/6230 pid=613899 rate=0.34s/card eta=26.3m Master Ball
  1571/6230 pid=613900 rate=0.34s/card eta=26.3m Jolteon Star
  1572/6230 pid=613901 rate=0.34s/card eta=26.3m Umbreon Star
  1573/6230 pid=613902 rate=0.34s/card eta=26.3m Espeon Star
  1574/6230 pid=613903 rate=0.34s/card eta=26.3m Minun
  1575/6230 pid=613904 rate=0.34s/card eta=26.3m Plusle
  1576/6230 pid=613905 rate=0.34s/card eta=26.3m Flareon Star
  1577/6230 pid=613906 rate=0.34s/card eta=26.3m Vaporeon Star
  1578/6230 pid=613907 rate=0.34s/card eta=26.3m Kyogre ex
  1579/6230 pid=613908 rate=0.34s/card eta=26.3m Zapdos ex
  1580/6230 pid=613909 rate=0.34s/card eta=26.3m Regice ex
  1581/6230 pid=613910 rate=0.34s/card eta=26.3m Regirock ex
  1582/6230 pid=613911 rate=0.34s/card eta=26.3m Registeel ex
  1583/6230 pid=613912 rate=0.34s/card eta=26.3m Moltres ex
  1584/6230 pid=613913 rate=0.34s/card eta=26.3m Articuno ex
  1585/6230 pid=613914 rate=0.34s/card eta=26.3m Groudon ex
  1586/6230 pid=613915 rate=0.34s/card eta=26.2m Rayquaza ex
  1587/6230 pid=613916 rate=0.34s/card eta=26.2m Celebi ex
  1588/6230 pid=613917 rate=0.34s/card eta=26.2m _____'s Celebi
  1589/6230 pid=613918 rate=0.34s/card eta=26.2m _____'s Mew
  1590/6230 pid=613919 rate=0.34s/card eta=26.2m _____'s Jirachi
  1591/6230 pid=613920 rate=0.34s/card eta=26.2m _____'s Kyogre
  1592/6230 pid=613921 rate=0.34s/card eta=26.2m _____'s Groudon
  1593/6230 pid=613922 rate=0.34s/card eta=26.2m _____'s Rayquaza
  1594/6230 pid=613923 rate=0.34s/card eta=26.2m Ho-Oh ex
  1595/6230 pid=613924 rate=0.34s/card eta=26.2m Lugia ex
  1596/6230 pid=613925 rate=0.34s/card eta=26.2m Jirachi ex
  1597/6230 pid=613926 rate=0.34s/card eta=26.2m Pokemon Card Fan
  1598/6230 pid=613927 rate=0.34s/card eta=26.2m Mew ex
  1599/6230 pid=613928 rate=0.34s/card eta=26.2m Bulbasaur
  1600/6230 pid=613929 rate=0.34s/card eta=26.2m Oddish
  1601/6230 pid=613930 rate=0.34s/card eta=26.2m Chikorita
  1602/6230 pid=613931 rate=0.34s/card eta=26.2m Charmander
  1603/6230 pid=613932 rate=0.34s/card eta=26.1m Vulpix
  1604/6230 pid=613933 rate=0.34s/card eta=26.1m Cyndaquil
  1605/6230 pid=613934 rate=0.34s/card eta=26.1m Squirtle
  1606/6230 pid=613935 rate=0.34s/card eta=26.1m Totodile
  1607/6230 pid=613936 rate=0.34s/card eta=26.1m Marill
  1608/6230 pid=613937 rate=0.34s/card eta=26.1m Pikachu
  1609/6230 pid=613938 rate=0.34s/card eta=26.1m Chinchou
  1610/6230 pid=613939 rate=0.34s/card eta=26.1m Mareep
  1611/6230 pid=613940 rate=0.34s/card eta=26.1m Abra
  1612/6230 pid=613941 rate=0.34s/card eta=26.1m Slowpoke
  1613/6230 pid=613942 rate=0.34s/card eta=26.1m Natu
  1614/6230 pid=613943 rate=0.34s/card eta=26.1m Sandshrew
  1615/6230 pid=613944 rate=0.34s/card eta=26.1m Phanpy
  1616/6230 pid=613945 rate=0.34s/card eta=26.1m Larvitar
  1617/6230 pid=613946 rate=0.34s/card eta=26.1m Pupitar
  1618/6230 pid=613947 rate=0.34s/card eta=26.1m Larvitar
  1619/6230 pid=613948 rate=0.34s/card eta=26.0m Flareon
  1620/6230 pid=613949 rate=0.34s/card eta=26.0m Vaporeon
  1621/6230 pid=613950 rate=0.34s/card eta=26.0m Jolteon
  1622/6230 pid=613951 rate=0.34s/card eta=26.0m Slowpoke
  1623/6230 pid=613952 rate=0.34s/card eta=26.0m Slowbro
  1624/6230 pid=613953 rate=0.34s/card eta=26.0m Slowking
  1625/6230 pid=613954 rate=0.34s/card eta=26.0m Bayleef
  1626/6230 pid=613955 rate=0.34s/card eta=26.0m Quilava
  1627/6230 pid=613956 rate=0.34s/card eta=26.0m Croconaw
  1628/6230 pid=613957 rate=0.34s/card eta=26.0m Ivysaur
  1629/6230 pid=613958 rate=0.34s/card eta=26.0m Charmeleon
  1630/6230 pid=613959 rate=0.34s/card eta=26.0m Wartortle
  1631/6230 pid=613960 rate=0.34s/card eta=26.0m Moltres
  1632/6230 pid=613961 rate=0.34s/card eta=26.0m Articuno
  1633/6230 pid=613962 rate=0.34s/card eta=26.0m Zapdos
  1634/6230 pid=613963 rate=0.34s/card eta=26.0m Dratini
  1635/6230 pid=613964 rate=0.34s/card eta=26.0m Dragonair
  1636/6230 pid=613965 rate=0.34s/card eta=25.9m Dragonite
  1637/6230 pid=613966 rate=0.34s/card eta=25.9m Tyranitar ex
  1638/6230 pid=613967 rate=0.34s/card eta=25.9m Imakuni?'s Whismur
  1639/6230 pid=613968 rate=0.34s/card eta=25.9m Imakuni?'s Loudred
  1640/6230 pid=613969 rate=0.34s/card eta=25.9m Imakuni?'s Exploud ex
  1641/6230 pid=613979 rate=0.34s/card eta=25.9m Potion
  1642/6230 pid=613980 rate=0.34s/card eta=25.9m Switch
  1643/6230 pid=613981 rate=0.34s/card eta=25.9m Poke Ball
  1644/6230 pid=613982 rate=0.34s/card eta=25.9m Energy Switch
  1645/6230 pid=613983 rate=0.34s/card eta=25.9m PokeNav
  1646/6230 pid=613984 rate=0.34s/card eta=25.9m Professor Birch
  1647/6230 pid=613985 rate=0.34s/card eta=25.9m Lum Berry
  1648/6230 pid=613986 rate=0.34s/card eta=25.9m Ralts - 007/019
  1649/6230 pid=613987 rate=0.34s/card eta=25.9m Ralts - 008/019
  1650/6230 pid=613988 rate=0.34s/card eta=25.9m Kirlia
  1651/6230 pid=613989 rate=0.34s/card eta=25.9m Swampert
  1652/6230 pid=613990 rate=0.34s/card eta=25.8m Lairon
  1653/6230 pid=613991 rate=0.34s/card eta=25.8m Marshtomp - 004/019
  1654/6230 pid=613992 rate=0.34s/card eta=25.8m Marshtomp - 005/019
  1655/6230 pid=613993 rate=0.34s/card eta=25.8m Aron - 010/019
  1656/6230 pid=613994 rate=0.34s/card eta=25.8m Aron - 011/019
  1657/6230 pid=613995 rate=0.34s/card eta=25.8m Mudkip - 002/019
  1658/6230 pid=613996 rate=0.34s/card eta=25.8m Mudkip - 003/019
  1659/6230 pid=613997 rate=0.34s/card eta=25.8m Lapras ex
  1660/6230 pid=613998 rate=0.34s/card eta=25.8m Blaziken
  1661/6230 pid=613999 rate=0.34s/card eta=25.8m Combusken - 005/019
  1662/6230 pid=614000 rate=0.34s/card eta=25.8m Combusken - 004/019
  1663/6230 pid=614002 rate=0.34s/card eta=25.8m Electrike - 007/019
  1664/6230 pid=614003 rate=0.34s/card eta=25.8m Electrike - 008/019
  1665/6230 pid=614005 rate=0.34s/card eta=25.8m Lum Berry
  1666/6230 pid=614006 rate=0.34s/card eta=25.8m Magmar ex
  1667/6230 pid=614007 rate=0.34s/card eta=25.8m Manectric
  1668/6230 pid=614008 rate=0.34s/card eta=25.8m Mightyena
  1669/6230 pid=614009 rate=0.34s/card eta=25.7m Poke Ball
  1670/6230 pid=614010 rate=0.34s/card eta=25.7m Pokemon Reversal
  1671/6230 pid=614011 rate=0.34s/card eta=25.7m PokeNav
  1672/6230 pid=614012 rate=0.34s/card eta=25.7m Poochyena - 010/019
  1673/6230 pid=614013 rate=0.34s/card eta=25.7m Poochyena - 011/019
  1674/6230 pid=614015 rate=0.34s/card eta=25.7m Professor Birch
  1675/6230 pid=614016 rate=0.34s/card eta=25.7m Torchic - 002/019
  1676/6230 pid=614017 rate=0.34s/card eta=25.7m Torchic - 003/019
  1677/6230 pid=614023 rate=0.34s/card eta=25.7m Delcatty
  1678/6230 pid=614026 rate=0.34s/card eta=25.7m Grovyle - 004/019
  1679/6230 pid=614027 rate=0.34s/card eta=25.7m Grovyle - 005/019
  1680/6230 pid=614028 rate=0.34s/card eta=25.7m Hariyama
  1681/6230 pid=614030 rate=0.34s/card eta=25.7m Makuhita - 007/019
  1682/6230 pid=614031 rate=0.34s/card eta=25.7m Makuhita - 008/019
  1683/6230 pid=614034 rate=0.34s/card eta=25.7m Potion
  1684/6230 pid=614037 rate=0.34s/card eta=25.7m Sceptile
  1685/6230 pid=614038 rate=0.34s/card eta=25.7m Scyther ex
  1686/6230 pid=614039 rate=0.34s/card eta=25.6m Skitty - 010/019
  1687/6230 pid=614040 rate=0.34s/card eta=25.6m Skitty - 011/019
  1688/6230 pid=614041 rate=0.34s/card eta=25.6m Treecko - 002/019
  1689/6230 pid=614042 rate=0.34s/card eta=25.6m Treecko - 003/019
  1690/6230 pid=614061 rate=0.34s/card eta=25.6m Basic Fighting Energy - 6
  1691/6230 pid=614062 rate=0.34s/card eta=25.6m Basic Fighting Energy - 11
  1692/6230 pid=614063 rate=0.34s/card eta=25.6m Basic Fighting Energy - 18
  1693/6230 pid=614064 rate=0.34s/card eta=25.6m Basic Fire Energy - 5
  1694/6230 pid=614065 rate=0.34s/card eta=25.6m Basic Fire Energy - 14
  1695/6230 pid=614066 rate=0.34s/card eta=25.6m Basic Fire Energy - 17
  1696/6230 pid=614067 rate=0.34s/card eta=25.6m Basic Fire Energy - 19
  1697/6230 pid=614068 rate=0.34s/card eta=25.6m Basic Fire Energy - 25
  1698/6230 pid=614069 rate=0.34s/card eta=25.6m Basic Grass Energy - 3
  1699/6230 pid=614070 rate=0.34s/card eta=25.6m Basic Grass Energy - 4
  1700/6230 pid=614071 rate=0.34s/card eta=25.6m Basic Grass Energy - 9
  1701/6230 pid=614072 rate=0.34s/card eta=25.6m Basic Grass Energy - 26
  1702/6230 pid=614073 rate=0.34s/card eta=25.5m Basic Grass Energy - 27
  1703/6230 pid=614074 rate=0.34s/card eta=25.5m Basic Grass Energy - 28
  1704/6230 pid=614075 rate=0.34s/card eta=25.5m Basic Grass Energy - 29
  1705/6230 pid=614076 rate=0.34s/card eta=25.5m Bayleef
  1706/6230 pid=614077 rate=0.34s/card eta=25.5m Berry
  1707/6230 pid=614078 rate=0.34s/card eta=25.5m Bill
  1708/6230 pid=614079 rate=0.34s/card eta=25.5m Chikorita - 1
  1709/6230 pid=614080 rate=0.34s/card eta=25.5m Chikorita - 30
  1710/6230 pid=614081 rate=0.34s/card eta=25.5m Cyndaquil - 16
  1711/6230 pid=614082 rate=0.34s/card eta=25.5m Cyndaquil - 23
  1712/6230 pid=614083 rate=0.34s/card eta=25.5m Energy Stadium
  1713/6230 pid=614084 rate=0.34s/card eta=25.5m Full Heal
  1714/6230 pid=614085 rate=0.34s/card eta=25.5m Geodude
  1715/6230 pid=614086 rate=0.34s/card eta=25.5m Growlithe
  1716/6230 pid=614087 rate=0.34s/card eta=25.5m Koffing
  1717/6230 pid=614088 rate=0.34s/card eta=25.5m Machop
  1718/6230 pid=614089 rate=0.34s/card eta=25.5m Magby
  1719/6230 pid=614090 rate=0.34s/card eta=25.4m Master Ball
  1720/6230 pid=614091 rate=0.34s/card eta=25.4m Meganium
  1721/6230 pid=614092 rate=0.34s/card eta=25.4m Metal Energy
  1722/6230 pid=614093 rate=0.34s/card eta=25.4m Paras
  1723/6230 pid=614094 rate=0.34s/card eta=25.4m PlusPower
  1724/6230 pid=614095 rate=0.34s/card eta=25.4m Potion
  1725/6230 pid=614096 rate=0.34s/card eta=25.4m Quilava
  1726/6230 pid=614097 rate=0.34s/card eta=25.4m Skarmory
  1727/6230 pid=614098 rate=0.34s/card eta=25.4m Sunkern
  1728/6230 pid=614099 rate=0.34s/card eta=25.4m Switch
  1729/6230 pid=614100 rate=0.34s/card eta=25.4m Teddiursa
  1730/6230 pid=614102 rate=0.34s/card eta=25.4m Abra
  1731/6230 pid=614103 rate=0.34s/card eta=25.4m Basic Lightning Energy - 6
  1732/6230 pid=614104 rate=0.34s/card eta=25.4m Basic Lightning Energy - 9
  1733/6230 pid=614105 rate=0.34s/card eta=25.4m Basic Lightning Energy - 15
  1734/6230 pid=614106 rate=0.34s/card eta=25.4m Basic Lightning Energy - 23
  1735/6230 pid=614107 rate=0.34s/card eta=25.4m Basic Lightning Energy - 29
  1736/6230 pid=614108 rate=0.34s/card eta=25.3m Basic Psychic Energy - 7
  1737/6230 pid=614109 rate=0.34s/card eta=25.3m Basic Psychic Energy - 12
  1738/6230 pid=614110 rate=0.34s/card eta=25.3m Basic Psychic Energy - 27
  1739/6230 pid=614111 rate=0.34s/card eta=25.3m Basic Water Energy - 5
  1740/6230 pid=614112 rate=0.34s/card eta=25.3m Basic Water Energy - 11
  1741/6230 pid=614113 rate=0.34s/card eta=25.3m Basic Water Energy - 13
  1742/6230 pid=614114 rate=0.34s/card eta=25.3m Basic Water Energy - 14
  1743/6230 pid=614115 rate=0.34s/card eta=25.3m Basic Water Energy - 17
  1744/6230 pid=614116 rate=0.34s/card eta=25.3m Basic Water Energy - 19
  1745/6230 pid=614117 rate=0.34s/card eta=25.3m Basic Water Energy - 28
  1746/6230 pid=614118 rate=0.34s/card eta=25.3m Berry
  1747/6230 pid=614119 rate=0.34s/card eta=25.3m Bill
  1748/6230 pid=614120 rate=0.34s/card eta=25.3m Croconaw
  1749/6230 pid=614121 rate=0.34s/card eta=25.3m Darkness Energy
  1750/6230 pid=614122 rate=0.34s/card eta=25.3m Defender
  1751/6230 pid=614123 rate=0.34s/card eta=25.3m Feraligatr
  1752/6230 pid=614124 rate=0.34s/card eta=25.3m Flaaffy
  1753/6230 pid=614125 rate=0.34s/card eta=25.2m Full Heal
  1754/6230 pid=614126 rate=0.34s/card eta=25.2m Gust of Wind
  1755/6230 pid=614127 rate=0.34s/card eta=25.2m Hoothoot
  1756/6230 pid=614128 rate=0.34s/card eta=25.2m Houndour
  1757/6230 pid=614129 rate=0.34s/card eta=25.2m Lucky Stadium
  1758/6230 pid=614130 rate=0.34s/card eta=25.2m Mareep - 18
  1759/6230 pid=614131 rate=0.34s/card eta=25.2m Mareep - 30
  1760/6230 pid=614132 rate=0.34s/card eta=25.2m Marill
  1761/6230 pid=614133 rate=0.34s/card eta=25.2m Master Ball
  1762/6230 pid=614134 rate=0.34s/card eta=25.2m Natu
  1763/6230 pid=614135 rate=0.34s/card eta=25.2m Pichu
  1764/6230 pid=614136 rate=0.34s/card eta=25.2m Pikachu
  1765/6230 pid=614137 rate=0.34s/card eta=25.2m Potion
  1766/6230 pid=614138 rate=0.34s/card eta=25.2m Qwilfish
  1767/6230 pid=614139 rate=0.34s/card eta=25.2m Remoraid
  1768/6230 pid=614140 rate=0.34s/card eta=25.2m Totodile - 16
  1769/6230 pid=614141 rate=0.34s/card eta=25.2m Totodile - 21
  1770/6230 pid=614505 rate=0.34s/card eta=25.1m Bayleef
  1771/6230 pid=614506 rate=0.34s/card eta=25.1m Blastoise
  1772/6230 pid=614507 rate=0.34s/card eta=25.1m Bulbasaur - 001/029
  1773/6230 pid=614508 rate=0.34s/card eta=25.1m Bulbasaur - 002/029
  1774/6230 pid=614509 rate=0.34s/card eta=25.1m Charizard
  1775/6230 pid=614510 rate=0.34s/card eta=25.1m Charmander - 009/029
  1776/6230 pid=614511 rate=0.34s/card eta=25.1m Charmander - 010/029
  1777/6230 pid=614512 rate=0.34s/card eta=25.1m Charmeleon
  1778/6230 pid=614513 rate=0.34s/card eta=25.1m Chikorita - 005/029
  1779/6230 pid=614514 rate=0.34s/card eta=25.1m Chikorita - 006/029
  1780/6230 pid=614515 rate=0.34s/card eta=25.1m Croconaw
  1781/6230 pid=614516 rate=0.34s/card eta=25.1m Cyndaquil - 014/029
  1782/6230 pid=614517 rate=0.34s/card eta=25.1m Cyndaquil - 013/029
  1783/6230 pid=614518 rate=0.34s/card eta=25.1m Energy Search
  1784/6230 pid=614519 rate=0.34s/card eta=25.1m Feraligatr
  1785/6230 pid=614520 rate=0.34s/card eta=25.1m Full Heal
  1786/6230 pid=614521 rate=0.34s/card eta=25.1m Ivysaur
  1787/6230 pid=614522 rate=0.34s/card eta=25.1m Meganium
  1788/6230 pid=614523 rate=0.34s/card eta=25.0m Potion
  1789/6230 pid=614524 rate=0.34s/card eta=25.0m Quilava
  1790/6230 pid=614525 rate=0.34s/card eta=25.0m Squirtle - 017/029
  1791/6230 pid=614526 rate=0.34s/card eta=25.0m Squirtle - 018/029
  1792/6230 pid=614527 rate=0.34s/card eta=25.0m Switch
  1793/6230 pid=614528 rate=0.34s/card eta=25.0m Totodile - 022/029
  1794/6230 pid=614529 rate=0.34s/card eta=25.0m Totodile - 021/029
  1795/6230 pid=614530 rate=0.34s/card eta=25.0m Typhlosion
  1796/6230 pid=614531 rate=0.34s/card eta=25.0m Venusaur
  1797/6230 pid=614532 rate=0.34s/card eta=25.0m Wartortle
  1798/6230 pid=614589 rate=0.34s/card eta=25.0m Basic Grass Energy - 4
  1799/6230 pid=614590 rate=0.34s/card eta=25.0m Basic Grass Energy - 5
  1800/6230 pid=614591 rate=0.34s/card eta=25.0m Basic Grass Energy - 8
  1801/6230 pid=614592 rate=0.34s/card eta=25.0m Basic Grass Energy - 11
  1802/6230 pid=614593 rate=0.34s/card eta=25.0m Basic Grass Energy - 15
  1803/6230 pid=614594 rate=0.34s/card eta=25.0m Basic Grass Energy - 21
  1804/6230 pid=614595 rate=0.34s/card eta=25.0m Basic Grass Energy - 25
  1805/6230 pid=614596 rate=0.34s/card eta=24.9m Basic Grass Energy - 34
  1806/6230 pid=614597 rate=0.34s/card eta=24.9m Basic Grass Energy - 36
  1807/6230 pid=614598 rate=0.34s/card eta=24.9m Basic Lightning Energy - 6
  1808/6230 pid=614599 rate=0.34s/card eta=24.9m Basic Lightning Energy - 10
  1809/6230 pid=614600 rate=0.34s/card eta=24.9m Basic Lightning Energy - 12
  1810/6230 pid=614601 rate=0.34s/card eta=24.9m Basic Lightning Energy - 14
  1811/6230 pid=614602 rate=0.34s/card eta=24.9m Basic Lightning Energy - 17
  1812/6230 pid=614603 rate=0.34s/card eta=24.9m Basic Lightning Energy - 33
  1813/6230 pid=614604 rate=0.34s/card eta=24.9m Basic Psychic Energy - 24
  1814/6230 pid=614605 rate=0.34s/card eta=24.9m Basic Psychic Energy - 27
  1815/6230 pid=614606 rate=0.34s/card eta=24.9m Basic Psychic Energy - 31
  1816/6230 pid=614607 rate=0.34s/card eta=24.9m Basic Psychic Energy - 38
  1817/6230 pid=614608 rate=0.34s/card eta=24.9m Bill's Teleporter
  1818/6230 pid=614609 rate=0.34s/card eta=24.9m Bulbasaur - 1
  1819/6230 pid=614610 rate=0.34s/card eta=24.9m Bulbasaur - 18
  1820/6230 pid=614611 rate=0.34s/card eta=24.9m Bulbasaur - 29
  1821/6230 pid=614612 rate=0.34s/card eta=24.9m Bulbasaur - 35
  1822/6230 pid=614613 rate=0.34s/card eta=24.9m Doduo
  1823/6230 pid=614614 rate=0.34s/card eta=24.8m Double Colorless Energy
  1824/6230 pid=614615 rate=0.34s/card eta=24.8m Drowzee
  1825/6230 pid=614616 rate=0.34s/card eta=24.8m Electabuzz
  1826/6230 pid=614617 rate=0.34s/card eta=24.8m Gust of Wind
  1827/6230 pid=614618 rate=0.34s/card eta=24.8m Ivysaur - 22
  1828/6230 pid=614619 rate=0.34s/card eta=24.8m Ivysaur - 32
  1829/6230 pid=614620 rate=0.34s/card eta=24.8m Jynx
  1830/6230 pid=614621 rate=0.34s/card eta=24.8m Koffing
  1831/6230 pid=614622 rate=0.34s/card eta=24.8m Meowth
  1832/6230 pid=614623 rate=0.34s/card eta=24.8m Pikachu - 13
  1833/6230 pid=614624 rate=0.34s/card eta=24.8m Pikachu - 40
  1834/6230 pid=614625 rate=0.34s/card eta=24.8m Potion
  1835/6230 pid=614626 rate=0.34s/card eta=24.8m Raichu
  1836/6230 pid=614627 rate=0.34s/card eta=24.8m Super Scoop Up
  1837/6230 pid=614628 rate=0.34s/card eta=24.8m Switch
  1838/6230 pid=614629 rate=0.34s/card eta=24.8m Venusaur
  1839/6230 pid=614630 rate=0.34s/card eta=24.8m Arcanine
  1840/6230 pid=614631 rate=0.34s/card eta=24.8m Basic Fighting Energy - 12
  1841/6230 pid=614632 rate=0.34s/card eta=24.7m Basic Fighting Energy - 15
  1842/6230 pid=614633 rate=0.34s/card eta=24.7m Basic Fighting Energy - 17
  1843/6230 pid=614634 rate=0.34s/card eta=24.7m Basic Fighting Energy - 34
  1844/6230 pid=614635 rate=0.34s/card eta=24.7m Basic Fire Energy - 4
  1845/6230 pid=614636 rate=0.34s/card eta=24.7m Basic Fire Energy - 8
  1846/6230 pid=614637 rate=0.34s/card eta=24.7m Basic Fire Energy - 11
  1847/6230 pid=614638 rate=0.34s/card eta=24.7m Basic Fire Energy - 28
  1848/6230 pid=614639 rate=0.34s/card eta=24.7m Basic Fire Energy - 31
  1849/6230 pid=614640 rate=0.34s/card eta=24.7m Basic Fire Energy - 33
  1850/6230 pid=614641 rate=0.34s/card eta=24.7m Basic Water Energy - 5
  1851/6230 pid=614642 rate=0.34s/card eta=24.7m Basic Water Energy - 6
  1852/6230 pid=614643 rate=0.34s/card eta=24.7m Basic Water Energy - 20
  1853/6230 pid=614644 rate=0.34s/card eta=24.7m Basic Water Energy - 22
  1854/6230 pid=614645 rate=0.34s/card eta=24.7m Basic Water Energy - 23
  1855/6230 pid=614646 rate=0.34s/card eta=24.7m Basic Water Energy - 27
  1856/6230 pid=614647 rate=0.34s/card eta=24.7m Basic Water Energy - 30
  1857/6230 pid=614648 rate=0.34s/card eta=24.7m Basic Water Energy - 36
  1858/6230 pid=614649 rate=0.34s/card eta=24.6m Basic Water Energy - 38
  1859/6230 pid=614650 rate=0.34s/card eta=24.6m Bill's Teleporter
  1860/6230 pid=614651 rate=0.34s/card eta=24.6m Blastoise
  1861/6230 pid=614652 rate=0.34s/card eta=24.6m Diglett
  1862/6230 pid=614653 rate=0.34s/card eta=24.6m Double Colorless Energy
  1863/6230 pid=614654 rate=0.34s/card eta=24.6m Energy Removal
  1864/6230 pid=614655 rate=0.34s/card eta=24.6m Full Heal
  1865/6230 pid=614656 rate=0.34s/card eta=24.6m Growlithe - 1
  1866/6230 pid=614657 rate=0.34s/card eta=24.6m Growlithe - 26
  1867/6230 pid=614658 rate=0.34s/card eta=24.6m Jigglypuff
  1868/6230 pid=614659 rate=0.34s/card eta=24.6m Machop
  1869/6230 pid=614660 rate=0.34s/card eta=24.6m Magmar
  1870/6230 pid=614661 rate=0.34s/card eta=24.6m Poliwag
  1871/6230 pid=614662 rate=0.34s/card eta=24.6m Potion
  1872/6230 pid=614663 rate=0.34s/card eta=24.6m Spearow
  1873/6230 pid=614664 rate=0.34s/card eta=24.6m Squirtle - 16
  1874/6230 pid=614665 rate=0.34s/card eta=24.6m Squirtle - 18
  1875/6230 pid=614666 rate=0.34s/card eta=24.6m Squirtle - 37
  1876/6230 pid=614667 rate=0.34s/card eta=24.5m Squirtle - 40
  1877/6230 pid=614668 rate=0.34s/card eta=24.5m Super Scoop Up
  1878/6230 pid=614669 rate=0.34s/card eta=24.5m Wartortle - 3
  1879/6230 pid=614670 rate=0.34s/card eta=24.5m Wartortle - 10
  1880/6230 pid=614674 rate=0.34s/card eta=24.5m Blaine's Charmander
  1881/6230 pid=614703 rate=0.34s/card eta=24.5m Battle Partner Booster Pack
  1882/6230 pid=614704 rate=0.34s/card eta=24.5m Battle Partners Deck Build Box
  1883/6230 pid=614705 rate=0.34s/card eta=24.5m Collection File Set N
  1884/6230 pid=614706 rate=0.34s/card eta=24.5m Collection File Set Lillie
  1885/6230 pid=614707 rate=0.34s/card eta=24.5m Battle Partners Booster Box
  1886/6230 pid=614727 rate=0.34s/card eta=24.5m Blaine
  1887/6230 pid=614728 rate=0.34s/card eta=24.5m Blaine's Arcanine
  1888/6230 pid=614729 rate=0.34s/card eta=24.5m Blaine's Dodrio
  1889/6230 pid=614730 rate=0.34s/card eta=24.5m Blaine's Doduo
  1890/6230 pid=614731 rate=0.34s/card eta=24.5m Blaine's Gamble
  1891/6230 pid=614732 rate=0.34s/card eta=24.5m Blaine's Growlithe (LV.17)
  1892/6230 pid=614733 rate=0.34s/card eta=24.5m Blaine's Growlithe (LV.20)
  1893/6230 pid=614734 rate=0.34s/card eta=24.5m Blaine's Magmar
  1894/6230 pid=614735 rate=0.34s/card eta=24.5m Blaine's Ninetales
  1895/6230 pid=614736 rate=0.34s/card eta=24.4m Blaine's Ponyta (LV.11)
  1896/6230 pid=614737 rate=0.34s/card eta=24.4m Blaine's Ponyta (LV.13)
  1897/6230 pid=614738 rate=0.34s/card eta=24.4m Blaine's Quiz 1
  1898/6230 pid=614739 rate=0.34s/card eta=24.4m Blaine's Quiz 2
  1899/6230 pid=614740 rate=0.34s/card eta=24.4m Blaine's Rapidash
  1900/6230 pid=614741 rate=0.34s/card eta=24.4m Blaine's Vulpix (LV.9)
  1901/6230 pid=614742 rate=0.34s/card eta=24.4m Blaine's Vulpix (LV.18)
  1902/6230 pid=614743 rate=0.34s/card eta=24.4m Brock
  1903/6230 pid=614744 rate=0.34s/card eta=24.4m Brock's Geodude (LV.17)
  1904/6230 pid=614745 rate=0.34s/card eta=24.4m Brock's Geodude (LV.13)
  1905/6230 pid=614746 rate=0.34s/card eta=24.4m Brock's Golem
  1906/6230 pid=614747 rate=0.34s/card eta=24.4m Brock's Graveler
  1907/6230 pid=614748 rate=0.34s/card eta=24.4m Brock's Mankey
  FAILED pid=614749 Brock's Onix (LV.30): NaN/Inf embedding for 614749
  1909/6230 pid=614750 rate=0.34s/card eta=24.4m Brock's Onix (LV.41)
  1910/6230 pid=614751 rate=0.34s/card eta=24.4m Brock's Rhydon
  1911/6230 pid=614752 rate=0.34s/card eta=24.4m Brock's Rhyhorn
  1912/6230 pid=614753 rate=0.34s/card eta=24.4m Brock's Sandshrew
  1913/6230 pid=614754 rate=0.34s/card eta=24.4m Brock's Sandslash
  1914/6230 pid=614755 rate=0.34s/card eta=24.4m Brock's Training Method
  1915/6230 pid=614756 rate=0.34s/card eta=24.3m Brock's Vulpix
  1916/6230 pid=614757 rate=0.34s/card eta=24.3m Brock's Zubat
  1917/6230 pid=614758 rate=0.34s/card eta=24.3m Celadon City Gym
  1918/6230 pid=614759 rate=0.34s/card eta=24.3m Cerulean City Gym
  1919/6230 pid=614760 rate=0.34s/card eta=24.3m Charity
  1920/6230 pid=614761 rate=0.34s/card eta=24.3m Cinnabar City Gym
  1921/6230 pid=614762 rate=0.34s/card eta=24.3m Defender
  1922/6230 pid=614763 rate=0.34s/card eta=24.3m Double Colorless Energy
  1923/6230 pid=614764 rate=0.34s/card eta=24.3m Energy Flow
  1924/6230 pid=614765 rate=0.34s/card eta=24.3m Energy Retrieval
  1925/6230 pid=614766 rate=0.34s/card eta=24.3m Erika
  1926/6230 pid=614767 rate=0.34s/card eta=24.3m Erika's Bellsprout (LV.12)
  1927/6230 pid=614768 rate=0.34s/card eta=24.3m Erika's Bellsprout (LV.15)
  1928/6230 pid=614769 rate=0.34s/card eta=24.3m Erika's Clefairy
  1929/6230 pid=614770 rate=0.34s/card eta=24.3m Erika's Dratini
  1930/6230 pid=614771 rate=0.34s/card eta=24.3m Erika's Exeggcute
  1931/6230 pid=614772 rate=0.34s/card eta=24.3m Erika's Exeggutor
  1932/6230 pid=614773 rate=0.34s/card eta=24.3m Erika's Gloom
  1933/6230 pid=614774 rate=0.34s/card eta=24.2m Erika's Maids
  1934/6230 pid=614775 rate=0.34s/card eta=24.2m Erika's Oddish (LV.12)
  1935/6230 pid=614776 rate=0.34s/card eta=24.2m Erika's Oddish (LV.15)
  1936/6230 pid=614777 rate=0.34s/card eta=24.2m Erika's Perfume
  1937/6230 pid=614778 rate=0.34s/card eta=24.2m Erika's Tangela
  1938/6230 pid=614779 rate=0.34s/card eta=24.2m Erika's Victreebel
  1939/6230 pid=614780 rate=0.34s/card eta=24.2m Erika's Vileplume
  1940/6230 pid=614781 rate=0.34s/card eta=24.2m Erika's Weepinbell
  1941/6230 pid=614782 rate=0.34s/card eta=24.2m Fervor
  1942/6230 pid=614783 rate=0.34s/card eta=24.2m Full Heal
  1943/6230 pid=614784 rate=0.34s/card eta=24.2m Good Manners
  1944/6230 pid=614785 rate=0.34s/card eta=24.2m Gust of Wind
  1945/6230 pid=614786 rate=0.34s/card eta=24.2m Lt. Surge
  1946/6230 pid=614787 rate=0.34s/card eta=24.2m Lt. Surge's Electabuzz
  1947/6230 pid=614788 rate=0.34s/card eta=24.2m Lt. Surge's Electrode
  1948/6230 pid=614789 rate=0.34s/card eta=24.2m Lt. Surge's Magnemite (LV.10)
  1949/6230 pid=614790 rate=0.34s/card eta=24.2m Lt. Surge's Magnemite (LV.12)
  1950/6230 pid=614791 rate=0.34s/card eta=24.1m Lt. Surge's Magneton
  1951/6230 pid=614792 rate=0.34s/card eta=24.1m Lt. Surge's Pikachu (LV.15)
  1952/6230 pid=614793 rate=0.34s/card eta=24.1m Lt. Surge's Pikachu (LV.10)
  1953/6230 pid=614794 rate=0.34s/card eta=24.1m Lt. Surge's Raichu
  1954/6230 pid=614795 rate=0.34s/card eta=24.1m Lt. Surge's Raticate
  1955/6230 pid=614796 rate=0.34s/card eta=24.1m Lt. Surge's Rattata
  1956/6230 pid=614797 rate=0.34s/card eta=24.1m Lt. Surge's Spearow
  1957/6230 pid=614798 rate=0.34s/card eta=24.1m Lt. Surge's Treaty
  1958/6230 pid=614799 rate=0.34s/card eta=24.1m Lt. Surge's Voltorb (LV.12)
  1959/6230 pid=614800 rate=0.34s/card eta=24.1m Lt. Surge's Voltorb (LV.15)
  1960/6230 pid=614801 rate=0.34s/card eta=24.1m Master Ball
  1961/6230 pid=614802 rate=0.34s/card eta=24.1m Max Revive
  1962/6230 pid=614803 rate=0.34s/card eta=24.1m Misty
  1963/6230 pid=614804 rate=0.34s/card eta=24.1m Misty's Cloyster
  1964/6230 pid=614805 rate=0.34s/card eta=24.1m Misty's Duel
  1965/6230 pid=614806 rate=0.34s/card eta=24.1m Misty's Goldeen (LV.8)
  1966/6230 pid=614807 rate=0.34s/card eta=24.1m Misty's Goldeen (LV.10)
  1967/6230 pid=614808 rate=0.34s/card eta=24.0m Misty's Horsea
  1968/6230 pid=614809 rate=0.34s/card eta=24.0m Misty's Poliwag
  1969/6230 pid=614810 rate=0.34s/card eta=24.0m Misty's Psyduck
  1970/6230 pid=614811 rate=0.34s/card eta=24.0m Misty's Seaking
  1971/6230 pid=614812 rate=0.34s/card eta=24.0m Misty's Seel
  1972/6230 pid=614813 rate=0.34s/card eta=24.0m Misty's Shellder
  1973/6230 pid=614814 rate=0.34s/card eta=24.0m Misty's Starmie
  1974/6230 pid=614815 rate=0.34s/card eta=24.0m Misty's Staryu (LV.20)
  1975/6230 pid=614816 rate=0.34s/card eta=24.0m Misty's Staryu (LV.16)
  1976/6230 pid=614817 rate=0.34s/card eta=24.0m Misty's Tears
  1977/6230 pid=614818 rate=0.34s/card eta=24.0m Misty's Tentacool
  1978/6230 pid=614819 rate=0.34s/card eta=24.0m Misty's Tentacruel
  1979/6230 pid=614820 rate=0.34s/card eta=24.0m Misty's Wrath
  1980/6230 pid=614821 rate=0.34s/card eta=24.0m Pewter City Gym
  1981/6230 pid=614822 rate=0.34s/card eta=24.0m PlusPower
  1982/6230 pid=614823 rate=0.34s/card eta=24.0m Poke Ball
  1983/6230 pid=614824 rate=0.34s/card eta=24.0m Pokedex
  1984/6230 pid=614825 rate=0.34s/card eta=23.9m Pokemon Center
  1985/6230 pid=614826 rate=0.34s/card eta=23.9m Potion
  1986/6230 pid=614827 rate=0.34s/card eta=23.9m Recall
  1987/6230 pid=614828 rate=0.34s/card eta=23.9m Recycle
  1988/6230 pid=614829 rate=0.34s/card eta=23.9m Revive
  1989/6230 pid=614830 rate=0.34s/card eta=23.9m Sabrina
  1990/6230 pid=614831 rate=0.34s/card eta=23.9m Sabrina's Abra (LV.12)
  1991/6230 pid=614832 rate=0.34s/card eta=23.9m Sabrina's Abra (LV.18)
  1992/6230 pid=614833 rate=0.34s/card eta=23.9m Sabrina's Alakazam
  1993/6230 pid=614834 rate=0.34s/card eta=23.9m Sabrina's Drowzee
  1994/6230 pid=614835 rate=0.34s/card eta=23.9m Sabrina's ESP
  1995/6230 pid=614836 rate=0.34s/card eta=23.9m Sabrina's Gastly (LV.16)
  1996/6230 pid=614837 rate=0.34s/card eta=23.9m Sabrina's Gastly (LV.9)
  1997/6230 pid=614838 rate=0.34s/card eta=23.9m Sabrina's Gaze
  1998/6230 pid=614839 rate=0.34s/card eta=23.9m Sabrina's Gengar
  1999/6230 pid=614840 rate=0.34s/card eta=23.9m Sabrina's Haunter
  2000/6230 pid=614841 rate=0.34s/card eta=23.9m Sabrina's Hypno
  2001/6230 pid=614842 rate=0.34s/card eta=23.8m Sabrina's Jynx
  2002/6230 pid=614843 rate=0.34s/card eta=23.8m Sabrina's Kadabra
  2003/6230 pid=614844 rate=0.34s/card eta=23.8m Sabrina's Mr. Mime
  2004/6230 pid=614845 rate=0.34s/card eta=23.8m Sabrina's Porygon
  2005/6230 pid=614846 rate=0.34s/card eta=23.8m Saffron City Gym
  2006/6230 pid=614847 rate=0.34s/card eta=23.8m Secret Mission
  2007/6230 pid=614848 rate=0.34s/card eta=23.8m Vermilion City Gym
  2008/6230 pid=614849 rate=0.34s/card eta=23.8m Warp Point
  2009/6230 pid=614852 rate=0.34s/card eta=23.8m Caterpie
  2010/6230 pid=614853 rate=0.34s/card eta=23.8m Metapod
  2011/6230 pid=614854 rate=0.34s/card eta=23.8m Butterfree
  2012/6230 pid=614855 rate=0.34s/card eta=23.8m Paras
  2013/6230 pid=614856 rate=0.34s/card eta=23.8m Parasect
  2014/6230 pid=614857 rate=0.34s/card eta=23.8m Maractus
  2015/6230 pid=614858 rate=0.34s/card eta=23.8m Karrablast
  2016/6230 pid=614859 rate=0.34s/card eta=23.8m Shelmet
  2017/6230 pid=614860 rate=0.34s/card eta=23.8m Accelgor
  2018/6230 pid=614861 rate=0.34s/card eta=23.7m Sprigatito
  2019/6230 pid=614862 rate=0.34s/card eta=23.7m Floragato
  2020/6230 pid=614863 rate=0.34s/card eta=23.7m Meowscarada
  2021/6230 pid=614864 rate=0.34s/card eta=23.7m Magmar
  2022/6230 pid=614865 rate=0.34s/card eta=23.7m Magmortar
  2023/6230 pid=614866 rate=0.34s/card eta=23.7m N's Darumaka
  2024/6230 pid=614867 rate=0.34s/card eta=23.7m N's Darmanitan
  2025/6230 pid=614868 rate=0.34s/card eta=23.7m Volcanion ex
  2026/6230 pid=614869 rate=0.34s/card eta=23.7m Articuno
  2027/6230 pid=614870 rate=0.34s/card eta=23.7m Remoraid
  2028/6230 pid=614871 rate=0.34s/card eta=23.7m Octillery
  2029/6230 pid=614872 rate=0.34s/card eta=23.7m Lotad
  2030/6230 pid=614873 rate=0.34s/card eta=23.7m Lombre
  2031/6230 pid=614874 rate=0.34s/card eta=23.7m Ludicolo
  2032/6230 pid=614875 rate=0.34s/card eta=23.7m Wailmer
  2033/6230 pid=614876 rate=0.34s/card eta=23.7m Wailord
  2034/6230 pid=614877 rate=0.34s/card eta=23.7m Iono's Voltorb
  2035/6230 pid=614878 rate=0.34s/card eta=23.7m Iono's Electrode
  2036/6230 pid=614879 rate=0.34s/card eta=23.7m N's Joltik
  2037/6230 pid=614880 rate=0.34s/card eta=23.7m Iono's Tadbulb
  2038/6230 pid=614881 rate=0.34s/card eta=23.7m Iono's Bellibolt ex
  2039/6230 pid=614882 rate=0.34s/card eta=23.7m Iono's Wattrel
  2040/6230 pid=614883 rate=0.34s/card eta=23.6m Iono's Kilowattrel
  2041/6230 pid=614884 rate=0.34s/card eta=23.6m Lillie's Clefairy ex
  2042/6230 pid=614885 rate=0.34s/card eta=23.6m Mr. Mime
  2043/6230 pid=614886 rate=0.34s/card eta=23.6m Shuppet
  2044/6230 pid=614887 rate=0.34s/card eta=23.6m Banette
  2045/6230 pid=614888 rate=0.34s/card eta=23.6m Beldum
  2046/6230 pid=614889 rate=0.34s/card eta=23.6m Metang
  2047/6230 pid=614890 rate=0.34s/card eta=23.6m Metagross
  2048/6230 pid=614891 rate=0.34s/card eta=23.6m N's Sigilyph
  2049/6230 pid=614892 rate=0.34s/card eta=23.6m Lillie's Cutiefly
  2050/6230 pid=614893 rate=0.34s/card eta=23.6m Lillie's Ribombee
  2051/6230 pid=614894 rate=0.34s/card eta=23.6m Lillie's Comfey
  2052/6230 pid=614895 rate=0.34s/card eta=23.6m Swinub
  2053/6230 pid=614896 rate=0.34s/card eta=23.6m Piloswine
  2054/6230 pid=614897 rate=0.34s/card eta=23.6m Mamoswine ex
  2055/6230 pid=614898 rate=0.34s/card eta=23.6m Larvitar
  2056/6230 pid=614899 rate=0.34s/card eta=23.6m Pupitar
  2057/6230 pid=614900 rate=0.34s/card eta=23.6m Regirock
  2058/6230 pid=614901 rate=0.34s/card eta=23.6m Pancham
  2059/6230 pid=614902 rate=0.34s/card eta=23.6m Rockruff
  2060/6230 pid=614903 rate=0.34s/card eta=23.5m Lycanroc
  2061/6230 pid=614904 rate=0.34s/card eta=23.5m Hop's Silicobra
  2062/6230 pid=614905 rate=0.34s/card eta=23.5m Hop's Sandaconda
  2063/6230 pid=614906 rate=0.34s/card eta=23.5m Klawf
  2064/6230 pid=614907 rate=0.34s/card eta=23.5m Koffing
  2065/6230 pid=614908 rate=0.34s/card eta=23.5m Weezing
  2066/6230 pid=614909 rate=0.34s/card eta=23.5m Tyranitar
  2067/6230 pid=614910 rate=0.34s/card eta=23.5m N's Purrloin
  2068/6230 pid=614911 rate=0.34s/card eta=23.5m N's Zorua
  2069/6230 pid=614912 rate=0.34s/card eta=23.5m N's Zoroark ex
  2070/6230 pid=614913 rate=0.34s/card eta=23.5m Pangoro
  2071/6230 pid=614914 rate=0.34s/card eta=23.5m Escavalier
  2072/6230 pid=614915 rate=0.34s/card eta=23.5m N's Klink
  2073/6230 pid=614916 rate=0.34s/card eta=23.5m N's Klang
  2074/6230 pid=614917 rate=0.34s/card eta=23.5m N's Klinklang
  2075/6230 pid=614918 rate=0.34s/card eta=23.5m Magearna
  2076/6230 pid=614919 rate=0.34s/card eta=23.5m Hop's Corviknight
  2077/6230 pid=614920 rate=0.34s/card eta=23.5m Hop's Zacian ex
  2078/6230 pid=614921 rate=0.34s/card eta=23.5m Bagon
  2079/6230 pid=614922 rate=0.34s/card eta=23.5m Shelgon
  2080/6230 pid=614923 rate=0.34s/card eta=23.4m Salamence ex
  2081/6230 pid=614924 rate=0.34s/card eta=23.4m Druddigon
  2082/6230 pid=614925 rate=0.34s/card eta=23.4m N's Reshiram
  2083/6230 pid=614926 rate=0.34s/card eta=23.4m Hop's Snorlax
  2084/6230 pid=614927 rate=0.34s/card eta=23.4m Sentret
  2085/6230 pid=614928 rate=0.34s/card eta=23.4m Furret
  2086/6230 pid=614929 rate=0.34s/card eta=23.4m Dunsparce
  2087/6230 pid=614930 rate=0.34s/card eta=23.4m Dudunsparce ex
  2088/6230 pid=614931 rate=0.34s/card eta=23.4m Noibat
  2089/6230 pid=614932 rate=0.34s/card eta=23.4m Noivern
  2090/6230 pid=614933 rate=0.34s/card eta=23.4m Komala
  2091/6230 pid=614934 rate=0.34s/card eta=23.4m Hop's Rookidee
  2092/6230 pid=614935 rate=0.34s/card eta=23.4m Hop's Corvisquire
  2093/6230 pid=614936 rate=0.34s/card eta=23.4m Hop's Wooloo
  2094/6230 pid=614937 rate=0.34s/card eta=23.4m Hop's Dubwool
  2095/6230 pid=614938 rate=0.34s/card eta=23.4m Hop's Cramorant
  2096/6230 pid=614939 rate=0.34s/card eta=23.4m Super Potion
  2097/6230 pid=614940 rate=0.34s/card eta=23.4m N's PP Up
  2098/6230 pid=614941 rate=0.34s/card eta=23.4m Exchange Ticket
  2099/6230 pid=614942 rate=0.34s/card eta=23.4m Hop's Bag
  2100/6230 pid=614943 rate=0.34s/card eta=23.3m Hop's Choice Band
  2101/6230 pid=614944 rate=0.34s/card eta=23.3m Lillie's Pearl
  2102/6230 pid=614945 rate=0.34s/card eta=23.3m Iris's Fighting Spirit
  2103/6230 pid=614946 rate=0.34s/card eta=23.3m Ruffian
  2104/6230 pid=614947 rate=0.34s/card eta=23.3m Brock's Scouting
  2105/6230 pid=614948 rate=0.34s/card eta=23.3m N's Castle
  2106/6230 pid=614949 rate=0.34s/card eta=23.3m Levincia
  2107/6230 pid=614950 rate=0.34s/card eta=23.3m Postwick
  2108/6230 pid=614951 rate=0.34s/card eta=23.3m Spike Energy
  2109/6230 pid=614957 rate=0.34s/card eta=23.3m Basic Fairy Energy - FAI
  2110/6230 pid=614958 rate=0.34s/card eta=23.3m Basic Fire Energy - FIR
  2111/6230 pid=614960 rate=0.34s/card eta=23.3m Basic Fighting Energy - FIG
  2112/6230 pid=614962 rate=0.34s/card eta=23.3m Basic Grass Energy - GRA
  2113/6230 pid=614964 rate=0.34s/card eta=23.3m Basic Lightning Energy - LIG
  2114/6230 pid=614966 rate=0.34s/card eta=23.3m Basic Metal Energy - MET
  2115/6230 pid=614968 rate=0.34s/card eta=23.3m Basic Psychic Energy - PSY
  2116/6230 pid=614972 rate=0.34s/card eta=23.3m Basic Water Energy - WAT
  2117/6230 pid=614974 rate=0.34s/card eta=23.3m Basic Darkness Energy - DAR
  2118/6230 pid=614977 rate=0.34s/card eta=23.3m Maractus - 101/100
  2119/6230 pid=614978 rate=0.34s/card eta=23.2m Articuno - 102/100
  2120/6230 pid=614979 rate=0.34s/card eta=23.2m Wailord - 103/100
  2121/6230 pid=614980 rate=0.34s/card eta=23.2m Iono's Kilowattrel - 104/100
  2122/6230 pid=614981 rate=0.34s/card eta=23.2m Lillie's Ribombee - 105/100
  2123/6230 pid=614982 rate=0.34s/card eta=23.2m Swinub - 106/100
  2124/6230 pid=614983 rate=0.34s/card eta=23.2m Lycanroc - 107/100
  2125/6230 pid=614984 rate=0.34s/card eta=23.2m N's Zorua - 108/100
  2126/6230 pid=614985 rate=0.34s/card eta=23.2m N's Reshiram - 109/100
  2127/6230 pid=614986 rate=0.34s/card eta=23.2m Furret - 110/100
  2128/6230 pid=614987 rate=0.34s/card eta=23.2m Noibat - 111/100
  2129/6230 pid=614989 rate=0.34s/card eta=23.2m Volcanion ex - 113/100
  2130/6230 pid=614990 rate=0.34s/card eta=23.2m Iono's Bellibolt ex - 114/100
  2131/6230 pid=614991 rate=0.34s/card eta=23.2m Lillie's Clefairy ex - 115/100
  2132/6230 pid=614992 rate=0.34s/card eta=23.2m Mamoswine ex - 116/100
  2133/6230 pid=614993 rate=0.34s/card eta=23.2m N's Zoroark ex - 117/100
  2134/6230 pid=614994 rate=0.34s/card eta=23.2m Hop's Zacian ex - 118/100
  2135/6230 pid=614995 rate=0.34s/card eta=23.2m Salamence ex - 119/100
  2136/6230 pid=614996 rate=0.34s/card eta=23.2m Dudunsparce ex - 120/100
  2137/6230 pid=614997 rate=0.34s/card eta=23.2m Iris's Fighting Spirit - 121/100
  2138/6230 pid=614998 rate=0.34s/card eta=23.2m Ruffian - 122/100
  2139/6230 pid=614999 rate=0.34s/card eta=23.1m Brock's Scouting - 123/100
  2140/6230 pid=615000 rate=0.34s/card eta=23.1m Volcanion ex - 124/100
  2141/6230 pid=615001 rate=0.34s/card eta=23.1m Iono's Bellibolt ex - 125/100
  2142/6230 pid=615002 rate=0.34s/card eta=23.1m Lillie's Clefairy ex - 126/100
  2143/6230 pid=615003 rate=0.34s/card eta=23.1m N's Zoroark ex - 127/100
  2144/6230 pid=615004 rate=0.34s/card eta=23.1m Hop's Zacian ex - 128/100
  2145/6230 pid=615005 rate=0.34s/card eta=23.1m Salamence ex - 129/100
  2146/6230 pid=615006 rate=0.34s/card eta=23.1m Iono's Bellibolt ex - 130/100
  2147/6230 pid=615007 rate=0.34s/card eta=23.1m N's Zoroark ex - 131/100
  2148/6230 pid=615008 rate=0.34s/card eta=23.1m Spike Energy - 132/100
  2149/6230 pid=615009 rate=0.34s/card eta=23.1m Iono's Wattrel - 232/SV-P
  2150/6230 pid=615313 rate=0.34s/card eta=23.1m Darkness Energy
  2151/6230 pid=615324 rate=0.34s/card eta=23.1m Whitney's Clefable
  2152/6230 pid=616306 rate=0.34s/card eta=23.1m Exeggutor
  2153/6230 pid=617204 rate=0.34s/card eta=23.1m _____'s Pikachu
  2154/6230 pid=617205 rate=0.34s/card eta=23.1m Hoppip
  2155/6230 pid=617206 rate=0.34s/card eta=23.1m Jynx
  2156/6230 pid=617207 rate=0.34s/card eta=23.1m Mankey
  2157/6230 pid=617208 rate=0.34s/card eta=23.1m Psyduck
  2158/6230 pid=617209 rate=0.34s/card eta=23.1m Sunkern
  2159/6230 pid=617211 rate=0.34s/card eta=23.0m Arceus (Comic competition)
  2160/6230 pid=617212 rate=0.34s/card eta=23.0m Arceus (Ichiban! competition)
  2161/6230 pid=617213 rate=0.34s/card eta=23.0m Articuno, Moltres, and Zapdos (Jumbo)
  2162/6230 pid=617214 rate=0.34s/card eta=23.0m Blaine's Growlithe
  2163/6230 pid=617215 rate=0.34s/card eta=23.0m Brock's Mankey
  2164/6230 pid=617216 rate=0.34s/card eta=23.0m Brock's Onix
  2165/6230 pid=617217 rate=0.34s/card eta=23.0m Bulbasaur
  2166/6230 pid=617218 rate=0.34s/card eta=23.0m Cleffa
  2167/6230 pid=617219 rate=0.34s/card eta=23.0m Computer Error
  2168/6230 pid=617220 rate=0.34s/card eta=23.0m Corrected Illustrator Pikachu
  2169/6230 pid=617221 rate=0.34s/card eta=23.0m Crystal Tower's Entei (Jumbo)
  2170/6230 pid=617222 rate=0.34s/card eta=23.0m Cubone
  2171/6230 pid=617223 rate=0.34s/card eta=23.0m Erika's Bulbasaur
  2172/6230 pid=617224 rate=0.34s/card eta=23.0m Erika's Dratini
  2173/6230 pid=617225 rate=0.34s/card eta=23.0m Farfetch'd
  2174/6230 pid=617226 rate=0.34s/card eta=23.0m Flying Pikachu
  2175/6230 pid=617227 rate=0.34s/card eta=23.0m Giovanni's Nidoking
  2176/6230 pid=617228 rate=0.34s/card eta=23.0m Gyarados
  2177/6230 pid=617229 rate=0.34s/card eta=23.0m Hama-chan's Slowking
  2178/6230 pid=617230 rate=0.34s/card eta=23.0m Imakuni?
  2179/6230 pid=617231 rate=0.34s/card eta=23.0m Jigglypuff
  2180/6230 pid=617232 rate=0.34s/card eta=22.9m Jynx
  2181/6230 pid=617233 rate=0.34s/card eta=22.9m Koga's Ninja Gym
  2182/6230 pid=617234 rate=0.34s/card eta=22.9m Lawrence III (Jumbo)
  2183/6230 pid=617235 rate=0.34s/card eta=22.9m Lt. Surge's Electabuzz
  2184/6230 pid=617236 rate=0.34s/card eta=22.9m Lt. Surge's Jolteon
  2185/6230 pid=617237 rate=0.34s/card eta=22.9m Magikarp
  2186/6230 pid=617238 rate=0.34s/card eta=22.9m Marill
  2187/6230 pid=617239 rate=0.34s/card eta=22.9m Meowth (1997)
  2188/6230 pid=617240 rate=0.34s/card eta=22.9m Meowth (1999)
  2189/6230 pid=617241 rate=0.34s/card eta=22.9m Mew
  2190/6230 pid=617242 rate=0.34s/card eta=22.9m Mewtwo
  2191/6230 pid=617243 rate=0.34s/card eta=22.9m Mewtwo Strikes Back (Jumbo)
  2192/6230 pid=617244 rate=0.34s/card eta=22.9m Misty's Staryu
  2193/6230 pid=617245 rate=0.34s/card eta=22.9m Misty's Tentacool
  2194/6230 pid=617246 rate=0.34s/card eta=22.9m Pikachu (1996)
  2195/6230 pid=617247 rate=0.34s/card eta=22.9m Pikachu (1999)
  2196/6230 pid=617248 rate=0.34s/card eta=22.9m Pikachu & Pichu (Jumbo)
  2197/6230 pid=617249 rate=0.34s/card eta=22.9m Pikachu, Jigglypuff, and Clefairy (Jumbo
  2198/6230 pid=617250 rate=0.34s/card eta=22.9m Pikachu's Summer Vacation (Jumbo)
  2199/6230 pid=617251 rate=0.34s/card eta=22.9m Pokemon Plaza (Jumbo)
  2200/6230 pid=617252 rate=0.34s/card eta=22.9m Pokemon Valley (Jumbo)
  2201/6230 pid=617253 rate=0.34s/card eta=22.9m Poliwag
  2202/6230 pid=617254 rate=0.34s/card eta=22.9m Sabrina's Abra
  2203/6230 pid=617255 rate=0.34s/card eta=22.9m Scizor
  2204/6230 pid=617256 rate=0.34s/card eta=22.8m Smoochum
  2205/6230 pid=617257 rate=0.34s/card eta=22.8m Surfing Pikachu
  2206/6230 pid=617258 rate=0.34s/card eta=22.8m Togepi
  2207/6230 pid=617259 rate=0.34s/card eta=22.8m Unown
  2208/6230 pid=617260 rate=0.34s/card eta=22.8m Wooper
  2209/6230 pid=617261 rate=0.34s/card eta=22.8m Shining Mew
  2210/6230 pid=617262 rate=0.34s/card eta=22.8m Arceus (3rd Grade)
  2211/6230 pid=617263 rate=0.34s/card eta=22.8m Arceus (4th Grade)
  2212/6230 pid=617264 rate=0.34s/card eta=22.8m Arceus (5th Grade)
  2213/6230 pid=617265 rate=0.34s/card eta=22.8m Arceus (6th Grade)
  2214/6230 pid=617266 rate=0.34s/card eta=22.8m Articuno
  2215/6230 pid=617268 rate=0.34s/card eta=22.8m Charmander
  2216/6230 pid=617269 rate=0.34s/card eta=22.8m Koffing
  2217/6230 pid=617270 rate=0.34s/card eta=22.8m Squirtle
  2218/6230 pid=617271 rate=0.34s/card eta=22.8m Bellossom
  2219/6230 pid=617272 rate=0.34s/card eta=22.8m Dunsparce
  2220/6230 pid=617273 rate=0.34s/card eta=22.8m Pryce's Lapras
  2221/6230 pid=617275 rate=0.34s/card eta=22.8m Pokemon Pal City (Kyushu)
  2222/6230 pid=617276 rate=0.34s/card eta=22.8m Pokemon Pal City (Tohoku)
  2223/6230 pid=617277 rate=0.34s/card eta=22.8m Pokemon Pal City (Hokkaido)
  2224/6230 pid=617278 rate=0.34s/card eta=22.8m Pokemon Pal City (Kanto)
  2225/6230 pid=617279 rate=0.34s/card eta=22.8m Pokemon Pal City (Chubu)
  2226/6230 pid=617280 rate=0.34s/card eta=22.8m Pokemon Pal City (Chugoku)
  2227/6230 pid=617281 rate=0.34s/card eta=22.7m Pokemon Pal City (Kansai)
  2228/6230 pid=617283 rate=0.34s/card eta=22.7m Victory Ring (2003)
  2229/6230 pid=617284 rate=0.34s/card eta=22.7m Armor Fossil
  2230/6230 pid=617285 rate=0.34s/card eta=22.7m Bebe's Search
  2231/6230 pid=617286 rate=0.34s/card eta=22.7m Buck's Training
  2232/6230 pid=617287 rate=0.34s/card eta=22.7m Cynthia's Feelings
  2233/6230 pid=617288 rate=0.34s/card eta=22.7m Miracle Diamond
  2234/6230 pid=617289 rate=0.34s/card eta=22.7m Mysterious Pearl
  2235/6230 pid=617290 rate=0.34s/card eta=22.7m Professor Oak's Visit
  2236/6230 pid=617291 rate=0.34s/card eta=22.7m Roseanne's Research
  2237/6230 pid=617292 rate=0.34s/card eta=22.7m Skull Fossil
  2238/6230 pid=617293 rate=0.34s/card eta=22.7m Time-Space Distortion
  2239/6230 pid=617294 rate=0.34s/card eta=22.7m Victory Orb (2003)
  2240/6230 pid=617295 rate=0.34s/card eta=22.7m Victory Orb (2005)
  2241/6230 pid=617296 rate=0.34s/card eta=22.7m Victory Ring (2005)
  2242/6230 pid=617297 rate=0.34s/card eta=22.7m Chikorita
  2243/6230 pid=617298 rate=0.34s/card eta=22.7m Cyndaquil
  2244/6230 pid=617299 rate=0.34s/card eta=22.7m Mew
  2245/6230 pid=617300 rate=0.34s/card eta=22.7m Mewtwo
  2246/6230 pid=617301 rate=0.34s/card eta=22.7m Pikachu
  2247/6230 pid=617302 rate=0.34s/card eta=22.7m Darkness Energy
  2248/6230 pid=617303 rate=0.34s/card eta=22.6m Metal Energy
  2249/6230 pid=617304 rate=0.34s/card eta=22.6m Totodile
  2250/6230 pid=617305 rate=0.34s/card eta=22.6m Berry
  2251/6230 pid=617306 rate=0.34s/card eta=22.6m Chikorita
  2252/6230 pid=617307 rate=0.34s/card eta=22.6m Cyndaquil
  2253/6230 pid=617308 rate=0.34s/card eta=22.6m Miracle Berry
  2254/6230 pid=617309 rate=0.34s/card eta=22.6m Totodile
  2255/6230 pid=617310 rate=0.34s/card eta=22.6m Trainer Certification Card
  2256/6230 pid=617312 rate=0.34s/card eta=22.6m Darkness Energy (2003)
  2257/6230 pid=617313 rate=0.34s/card eta=22.6m Basic Darkness Energy
  2258/6230 pid=617314 rate=0.34s/card eta=22.6m Basic Fighting Energy (2003)
  2259/6230 pid=617315 rate=0.34s/card eta=22.6m Basic Fighting Energy (2006)
  2260/6230 pid=617316 rate=0.34s/card eta=22.6m Basic Fire Energy (2003)
  2261/6230 pid=617318 rate=0.34s/card eta=22.6m Basic Grass Energy (2003)
  2262/6230 pid=617319 rate=0.34s/card eta=22.6m Basic Grass Energy (2006)
  2263/6230 pid=617320 rate=0.34s/card eta=22.6m Basic Lightning Energy (2003)
  2264/6230 pid=617321 rate=0.34s/card eta=22.6m Basic Lightning Energy (2006)
  2265/6230 pid=617322 rate=0.34s/card eta=22.6m Metal Energy (2003)
  2266/6230 pid=617323 rate=0.34s/card eta=22.6m Basic Metal Energy (2006)
  2267/6230 pid=617325 rate=0.34s/card eta=22.5m Basic Psychic Energy (2006)
  2268/6230 pid=617326 rate=0.34s/card eta=22.5m Darkness Energy (2006)
  2269/6230 pid=617327 rate=0.34s/card eta=22.5m Basic Water Energy (2003)
  2270/6230 pid=617328 rate=0.34s/card eta=22.5m Basic Water Energy (2006)
  2271/6230 pid=617331 rate=0.34s/card eta=22.5m Victory Medal (2006)
  2272/6230 pid=617332 rate=0.34s/card eta=22.5m Victory Medal
  2273/6230 pid=617334 rate=0.34s/card eta=22.5m Spiky-eared Pichu M (Taisei Fujita)
  2274/6230 pid=617335 rate=0.34s/card eta=22.5m Spiky-eared Pichu M (Keita Mizuno)
  2275/6230 pid=617336 rate=0.34s/card eta=22.5m Spiky-eared Pichu M (Mahiro Shinozaki)
  2276/6230 pid=617337 rate=0.34s/card eta=22.5m Spiky-eared Pichu M (Haruka Uekura)
  2277/6230 pid=617338 rate=0.34s/card eta=22.5m Spiky-eared Pichu M (Shunsuke Takemori)
  2278/6230 pid=617339 rate=0.34s/card eta=22.5m Spiky-eared Pichu M (Shizuka Kusakabe)
  2279/6230 pid=617340 rate=0.34s/card eta=22.5m Dark Persian
  2280/6230 pid=617341 rate=0.34s/card eta=22.5m New Century Present (Jumbo)
  2281/6230 pid=617342 rate=0.34s/card eta=22.5m New Year Present (Jumbo)
  2282/6230 pid=617343 rate=0.34s/card eta=22.5m Touch Change!
  2283/6230 pid=617344 rate=0.34s/card eta=22.5m Tropical Present (Spring) (Jumbo)
  2284/6230 pid=617345 rate=0.34s/card eta=22.5m Tropical Present (Summer 1999) (Jumbo)
  2285/6230 pid=617346 rate=0.34s/card eta=22.4m Tropical Present (Summer 2001) (Jumbo)
  2286/6230 pid=617347 rate=0.34s/card eta=22.4m Eevee
  2287/6230 pid=617348 rate=0.34s/card eta=22.4m Porygon
  2288/6230 pid=617349 rate=0.34s/card eta=22.4m Shining Magikarp
  2289/6230 pid=617350 rate=0.34s/card eta=22.4m Tropical Tidal Wave (2005)
  2290/6230 pid=617351 rate=0.34s/card eta=22.4m Tropical Tidal Wave (2006)
  2291/6230 pid=617352 rate=0.34s/card eta=22.4m Tropical Wind (2004)
  2292/6230 pid=617353 rate=0.34s/card eta=22.4m Tropical Wind (2007)
  2293/6230 pid=617354 rate=0.34s/card eta=22.4m Tropical Wind (2008)
  2294/6230 pid=617355 rate=0.34s/card eta=22.4m Tropical Wind (2009)
  2295/6230 pid=617363 rate=0.34s/card eta=22.4m Dark Ivysaur
  2296/6230 pid=617385 rate=0.34s/card eta=22.4m Murkrow
  2297/6230 pid=617415 rate=0.34s/card eta=22.4m Cool Porygon
  2298/6230 pid=617417 rate=0.34s/card eta=22.4m Dragonite (Pokemon TCG Game Boy Game)
  2299/6230 pid=617421 rate=0.34s/card eta=22.4m Hungry Snorlax
  2300/6230 pid=617430 rate=0.34s/card eta=22.4m Venusaur (Pokemon Trading Card Game Guid
  2301/6230 pid=617439 rate=0.34s/card eta=22.4m Abra
  2302/6230 pid=617440 rate=0.34s/card eta=22.4m Bulbasaur
  2303/6230 pid=617441 rate=0.34s/card eta=22.3m Caterpie
  2304/6230 pid=617442 rate=0.34s/card eta=22.3m Chansey
  2305/6230 pid=617443 rate=0.34s/card eta=22.3m Charmander
  2306/6230 pid=617444 rate=0.34s/card eta=22.3m Clefairy
  2307/6230 pid=617445 rate=0.34s/card eta=22.3m Dodrio
  2308/6230 pid=617446 rate=0.34s/card eta=22.3m Doduo
  2309/6230 pid=617447 rate=0.34s/card eta=22.3m Eevee
  2310/6230 pid=617448 rate=0.34s/card eta=22.3m Fossil Excavation
  2311/6230 pid=617449 rate=0.34s/card eta=22.3m Geodude
  2312/6230 pid=617450 rate=0.34s/card eta=22.3m Golbat
  2313/6230 pid=617451 rate=0.34s/card eta=22.3m Kakuna
  2314/6230 pid=617452 rate=0.34s/card eta=22.3m Lickitung
  2315/6230 pid=617453 rate=0.34s/card eta=22.3m Metapod
  2316/6230 pid=617454 rate=0.34s/card eta=22.3m Mewtwo
  2317/6230 pid=617455 rate=0.34s/card eta=22.3m Moon Stone
  2318/6230 pid=617456 rate=0.34s/card eta=22.3m Mr. Mime
  2319/6230 pid=617457 rate=0.34s/card eta=22.3m Nidoran f
  2320/6230 pid=617458 rate=0.34s/card eta=22.3m Nidoran m
  2321/6230 pid=617459 rate=0.34s/card eta=22.2m Paras
  2322/6230 pid=617460 rate=0.34s/card eta=22.2m Parasect
  2323/6230 pid=617461 rate=0.34s/card eta=22.2m Pidgey
  2324/6230 pid=617462 rate=0.34s/card eta=22.2m Pikachu
  2325/6230 pid=617463 rate=0.34s/card eta=22.2m Pinsir
  2326/6230 pid=617464 rate=0.34s/card eta=22.2m Poliwag
  2327/6230 pid=617465 rate=0.34s/card eta=22.2m Poliwhirl
  2328/6230 pid=617466 rate=0.34s/card eta=22.2m Poliwrath
  2329/6230 pid=617467 rate=0.34s/card eta=22.2m Porygon
  2330/6230 pid=617468 rate=0.34s/card eta=22.2m Rapidash
  2331/6230 pid=617469 rate=0.34s/card eta=22.2m Rattata
  2332/6230 pid=617470 rate=0.34s/card eta=22.2m Snorlax
  2333/6230 pid=617471 rate=0.34s/card eta=22.2m Squirtle
  2334/6230 pid=617472 rate=0.34s/card eta=22.2m Weedle
  2335/6230 pid=617473 rate=0.34s/card eta=22.2m Wigglytuff
  2336/6230 pid=617474 rate=0.34s/card eta=22.2m Zubat
  2337/6230 pid=617475 rate=0.34s/card eta=22.2m Max Revive
  2338/6230 pid=617476 rate=0.34s/card eta=22.2m Electabuzz
  2339/6230 pid=617477 rate=0.34s/card eta=22.1m Venomoth
  2340/6230 pid=617478 rate=0.34s/card eta=22.1m Grimer
  2341/6230 pid=617479 rate=0.34s/card eta=22.1m Koffing
  2342/6230 pid=617480 rate=0.34s/card eta=22.1m Tangela
  2343/6230 pid=617481 rate=0.34s/card eta=22.1m Magnemite
  2344/6230 pid=617482 rate=0.34s/card eta=22.1m Voltorb
  2345/6230 pid=617483 rate=0.34s/card eta=22.1m Sandshrew
  2346/6230 pid=617484 rate=0.34s/card eta=22.1m Machop
  2347/6230 pid=617485 rate=0.34s/card eta=22.1m Machoke
  2348/6230 pid=617486 rate=0.34s/card eta=22.1m Spearow
  2349/6230 pid=617487 rate=0.34s/card eta=22.1m Fearow
  2350/6230 pid=617488 rate=0.34s/card eta=22.1m Seel
  2351/6230 pid=617489 rate=0.34s/card eta=22.1m Shellder
  2352/6230 pid=617490 rate=0.34s/card eta=22.1m Krabby
  2353/6230 pid=617491 rate=0.34s/card eta=22.1m Lapras
  2354/6230 pid=617492 rate=0.34s/card eta=22.1m Guard Spec.
  2355/6230 pid=617493 rate=0.34s/card eta=22.1m Master Ball
  2356/6230 pid=617494 rate=0.34s/card eta=22.1m Articuno
  2357/6230 pid=617495 rate=0.34s/card eta=22.0m Moltres
  2358/6230 pid=617496 rate=0.34s/card eta=22.0m Raichu
  2359/6230 pid=617497 rate=0.34s/card eta=22.0m Magneton
  2360/6230 pid=617498 rate=0.34s/card eta=22.0m Zapdos
  2361/6230 pid=617499 rate=0.34s/card eta=22.0m Jynx
  2362/6230 pid=617500 rate=0.34s/card eta=22.0m Graveler
  2363/6230 pid=617501 rate=0.34s/card eta=22.0m Onix
  2364/6230 pid=617502 rate=0.34s/card eta=22.0m Marowak
  2365/6230 pid=617503 rate=0.34s/card eta=22.0m Hitmonlee
  2366/6230 pid=617504 rate=0.34s/card eta=22.0m Hitmonchan
  2367/6230 pid=617505 rate=0.34s/card eta=22.0m Kabuto
  2368/6230 pid=617506 rate=0.34s/card eta=22.0m Aerodactyl
  2369/6230 pid=617507 rate=0.34s/card eta=22.0m Ditto
  2370/6230 pid=617508 rate=0.34s/card eta=22.0m Dewgong
  2371/6230 pid=617509 rate=0.34s/card eta=22.0m Omanyte
  2372/6230 pid=617510 rate=0.34s/card eta=22.0m Flash
  2373/6230 pid=617511 rate=0.34s/card eta=22.0m 20 Damage from Confusion
  2374/6230 pid=617512 rate=0.34s/card eta=22.0m 3 Deck Battle
  2375/6230 pid=617513 rate=0.34s/card eta=21.9m 3 vs 3 Dugtrio Team Battle
  2376/6230 pid=617514 rate=0.34s/card eta=21.9m 4 Prize Battle
  2377/6230 pid=617515 rate=0.34s/card eta=21.9m Arbok
  2378/6230 pid=617516 rate=0.34s/card eta=21.9m Bellsprout
  2379/6230 pid=617517 rate=0.34s/card eta=21.9m Bill's PC
  2380/6230 pid=617518 rate=0.34s/card eta=21.9m Cubone
  2381/6230 pid=617519 rate=0.34s/card eta=21.9m Deck Exchange
  2382/6230 pid=617520 rate=0.34s/card eta=21.9m Gastly
  2383/6230 pid=617521 rate=0.34s/card eta=21.9m Golduck
  2384/6230 pid=617522 rate=0.34s/card eta=21.9m Graveler
  2385/6230 pid=617523 rate=0.34s/card eta=21.9m Growlithe
  2386/6230 pid=617524 rate=0.34s/card eta=21.9m Haunter (Nobuyuki Habu)
  2387/6230 pid=617525 rate=0.34s/card eta=21.9m Haunter (Sumiyoshi Kizuki)
  2388/6230 pid=617526 rate=0.34s/card eta=21.9m Horsea
  2389/6230 pid=617527 rate=0.34s/card eta=21.9m Horsea of the Seafoam Islands
  2390/6230 pid=617528 rate=0.34s/card eta=21.9m Hypno
  2391/6230 pid=617529 rate=0.34s/card eta=21.9m Imakuni?'s Corner
  2392/6230 pid=617530 rate=0.34s/card eta=21.9m Imakuni?'s Nasty Plot
  2393/6230 pid=617531 rate=0.34s/card eta=21.8m Imakuni?'s PC
  2394/6230 pid=617532 rate=0.34s/card eta=21.8m Kadabra (Shin-ichi Yoshida)
  2395/6230 pid=617533 rate=0.34s/card eta=21.8m Kadabra (Miki Tanaka)
  2396/6230 pid=617534 rate=0.34s/card eta=21.8m Kangaskhan
  2397/6230 pid=617535 rate=0.34s/card eta=21.8m Kingler
  2398/6230 pid=617536 rate=0.34s/card eta=21.8m Lose?
  2399/6230 pid=617537 rate=0.34s/card eta=21.8m Machoke
  2400/6230 pid=617538 rate=0.34s/card eta=21.8m Magmar
  2401/6230 pid=617539 rate=0.34s/card eta=21.8m Mewtwo
  2402/6230 pid=617540 rate=0.34s/card eta=21.8m Nidorina
  2403/6230 pid=617541 rate=0.34s/card eta=21.8m Nidorino
  2404/6230 pid=617542 rate=0.34s/card eta=21.8m Omanyte
  2405/6230 pid=617543 rate=0.34s/card eta=21.8m Ooyama's Pikachu
  2406/6230 pid=617544 rate=0.34s/card eta=21.8m Ouch! At the Pokemon Mansion
  2407/6230 pid=617545 rate=0.34s/card eta=21.8m Pidgeotto
  2408/6230 pid=617546 rate=0.34s/card eta=21.8m Pokemon Retransfer
  2409/6230 pid=617547 rate=0.34s/card eta=21.8m Pokemon Tower
  2410/6230 pid=617548 rate=0.34s/card eta=21.8m Ponyta
  2411/6230 pid=617549 rate=0.34s/card eta=21.7m Rhydon
  2412/6230 pid=617550 rate=0.34s/card eta=21.7m Sandslash
  2413/6230 pid=617551 rate=0.34s/card eta=21.7m Scyther
  2414/6230 pid=617552 rate=0.34s/card eta=21.7m Seadra
  2415/6230 pid=617553 rate=0.34s/card eta=21.7m Slowbro
  2416/6230 pid=617554 rate=0.34s/card eta=21.7m Staryu
  2417/6230 pid=617555 rate=0.34s/card eta=21.7m Tauros
  2418/6230 pid=617556 rate=0.34s/card eta=21.7m The Last Cave - Cerulean!
  2419/6230 pid=617557 rate=0.34s/card eta=21.7m The Puzzle of Pokemon Tower?
  2420/6230 pid=617558 rate=0.34s/card eta=21.7m Venonat
  2421/6230 pid=617559 rate=0.34s/card eta=21.7m Violence in the Safari Zone!
  2422/6230 pid=617560 rate=0.34s/card eta=21.7m Vulpix
  2423/6230 pid=617561 rate=0.34s/card eta=21.7m Weepinbell
  2424/6230 pid=617562 rate=0.34s/card eta=21.7m Weezing
  2425/6230 pid=618166 rate=0.34s/card eta=21.7m Bidoof (Peelable Ditto)
  2426/6230 pid=618167 rate=0.34s/card eta=21.7m Spinarak (Peelable Ditto)
  2427/6230 pid=618168 rate=0.34s/card eta=21.7m Numel (Peelable Ditto)
  2428/6230 pid=618176 rate=0.34s/card eta=21.7m Lost Abyss Special Set
  2429/6230 pid=618334 rate=0.34s/card eta=21.6m Whitney's Wigglytuff
  2430/6230 pid=618704 rate=0.34s/card eta=21.6m Pokemon Card 151 Card File Set - Venusau
  2431/6230 pid=618706 rate=0.34s/card eta=21.6m Pokemon Card 151 Card File Set - Poke Ba
  2432/6230 pid=618723 rate=0.34s/card eta=21.6m Falkner's Pidgeot
  2433/6230 pid=618726 rate=0.34s/card eta=21.6m Falkner's Fearow
  2434/6230 pid=618728 rate=0.34s/card eta=21.6m Falkner's Farfetch'd
  2435/6230 pid=618731 rate=0.34s/card eta=21.6m Falkner's Dodrio
  2436/6230 pid=618734 rate=0.34s/card eta=21.6m Falkner's Togetic
  2437/6230 pid=618736 rate=0.34s/card eta=21.6m Falkner's Delibird
  2438/6230 pid=618738 rate=0.34s/card eta=21.6m Falkner's Skarmory
  2439/6230 pid=618739 rate=0.34s/card eta=21.6m Bugsy's Butterfree
  2440/6230 pid=618740 rate=0.34s/card eta=21.6m Bugsy's Beedrill
  2441/6230 pid=618741 rate=0.34s/card eta=21.6m Bugsy's Pinsir
  2442/6230 pid=618742 rate=0.34s/card eta=21.6m Bugsy's Ledian
  2443/6230 pid=618743 rate=0.34s/card eta=21.6m Bugsy's Yanma
  2444/6230 pid=618747 rate=0.34s/card eta=21.6m Bugsy's Scizor
  2445/6230 pid=619254 rate=0.34s/card eta=21.6m Marnie's Purrloin
  2446/6230 pid=619255 rate=0.34s/card eta=21.6m Marnie's Liepard
  2447/6230 pid=619256 rate=0.34s/card eta=21.5m Marnie's Scraggy
  2448/6230 pid=619257 rate=0.34s/card eta=21.5m Marnie's Scrafty
  2449/6230 pid=619258 rate=0.34s/card eta=21.5m Marnie's Impidimp
  2450/6230 pid=619259 rate=0.34s/card eta=21.5m Marnie's Morgrem
  2451/6230 pid=619260 rate=0.34s/card eta=21.5m Marnie's Grimmsnarl ex
  2452/6230 pid=619261 rate=0.34s/card eta=21.5m Marnie's Morpeko - 008/019
  2453/6230 pid=619262 rate=0.34s/card eta=21.5m Energy Recycler
  2454/6230 pid=619263 rate=0.34s/card eta=21.5m Super Rod
  2455/6230 pid=619264 rate=0.34s/card eta=21.5m Buddy-Buddy Poffin
  2456/6230 pid=619265 rate=0.34s/card eta=21.5m Ultra Ball
  2457/6230 pid=619266 rate=0.34s/card eta=21.5m Rare Candy
  2458/6230 pid=619267 rate=0.34s/card eta=21.5m Switch
  2459/6230 pid=619268 rate=0.34s/card eta=21.5m Iono
  2460/6230 pid=619269 rate=0.34s/card eta=21.5m Nemona
  2461/6230 pid=619270 rate=0.34s/card eta=21.5m Professor's Research
  2462/6230 pid=619271 rate=0.34s/card eta=21.5m Boss's Orders
  2463/6230 pid=619272 rate=0.34s/card eta=21.5m Spikemuth Gym
  2464/6230 pid=619273 rate=0.34s/card eta=21.5m Marnie's Morpeko - 020/019
  2465/6230 pid=619274 rate=0.34s/card eta=21.4m Steven's Baltoy
  2466/6230 pid=619275 rate=0.34s/card eta=21.4m Steven's Claydol
  2467/6230 pid=619276 rate=0.34s/card eta=21.4m Steven's Carbink
  2468/6230 pid=619277 rate=0.34s/card eta=21.4m Steven's Skarmory
  2469/6230 pid=619278 rate=0.34s/card eta=21.4m Steven's Beldum - 005/018
  2470/6230 pid=619279 rate=0.34s/card eta=21.4m Steven's Metang
  2471/6230 pid=619280 rate=0.34s/card eta=21.4m Steven's Metagross ex
  2472/6230 pid=619281 rate=0.34s/card eta=21.4m Energy Recycler
  2473/6230 pid=619282 rate=0.34s/card eta=21.4m Super Rod
  2474/6230 pid=619283 rate=0.34s/card eta=21.4m Buddy-Buddy Poffin
  2475/6230 pid=619284 rate=0.34s/card eta=21.4m Ultra Ball
  2476/6230 pid=619285 rate=0.34s/card eta=21.4m Rare Candy
  2477/6230 pid=619286 rate=0.34s/card eta=21.4m Switch
  2478/6230 pid=619287 rate=0.34s/card eta=21.4m Iono
  2479/6230 pid=619288 rate=0.34s/card eta=21.4m Nemona
  2480/6230 pid=619289 rate=0.34s/card eta=21.4m Professor's Research
  2481/6230 pid=619290 rate=0.34s/card eta=21.4m Boss's Orders
  2482/6230 pid=619291 rate=0.34s/card eta=21.4m Granite Cave
  2483/6230 pid=619292 rate=0.34s/card eta=21.3m Steven's Beldum - 019/018
  2484/6230 pid=619293 rate=0.34s/card eta=21.3m ex Starter Set Steven's Beldum & Metagro
  2485/6230 pid=619294 rate=0.34s/card eta=21.3m ex Starter Set Marnie's Morpeko & Grimms
  2486/6230 pid=622575 rate=0.34s/card eta=21.3m Whitney's Persian
  2487/6230 pid=622599 rate=0.34s/card eta=21.3m Whitney's Lickitung
  2488/6230 pid=622600 rate=0.34s/card eta=21.3m Whitney's Furret
  2489/6230 pid=622601 rate=0.34s/card eta=21.3m Whitney's Miltank
  2490/6230 pid=622609 rate=0.34s/card eta=21.3m Morty's Ninetales
  2491/6230 pid=622613 rate=0.34s/card eta=21.3m Morty's Gengar
  2492/6230 pid=622619 rate=0.34s/card eta=21.3m Morty's Hypno
  2493/6230 pid=622634 rate=0.34s/card eta=21.3m Morty's Marowak
  2494/6230 pid=622638 rate=0.34s/card eta=21.3m Morty's Noctowl
  2495/6230 pid=622645 rate=0.34s/card eta=21.3m Morty's Murkrow
  2496/6230 pid=622648 rate=0.34s/card eta=21.3m Morty's Misdreavus
  2497/6230 pid=622683 rate=0.34s/card eta=21.3m Jasmine's Raichu
  2498/6230 pid=622684 rate=0.34s/card eta=21.3m Jasmine's Magneton
  2499/6230 pid=622689 rate=0.34s/card eta=21.3m Jasmine's Electabuzz
  2500/6230 pid=622694 rate=0.34s/card eta=21.3m Jasmine's Jolteon
  2501/6230 pid=622697 rate=0.34s/card eta=21.2m Jasmine's Ampharos
  2502/6230 pid=622701 rate=0.34s/card eta=21.2m Jasmine's Steelix
  2503/6230 pid=623247 rate=0.34s/card eta=21.2m Ethan's Pinsir
  2504/6230 pid=623248 rate=0.34s/card eta=21.2m Yanma
  2505/6230 pid=623249 rate=0.34s/card eta=21.2m Yanmega ex
  2506/6230 pid=623250 rate=0.34s/card eta=21.2m Cynthia's Roselia
  2507/6230 pid=623251 rate=0.34s/card eta=21.2m Cynthia's Roserade
  2508/6230 pid=623252 rate=0.34s/card eta=21.2m Shaymin
  2509/6230 pid=623253 rate=0.34s/card eta=21.2m Dwebble
  2510/6230 pid=623254 rate=0.34s/card eta=21.2m Crustle
  2511/6230 pid=623255 rate=0.34s/card eta=21.2m Applin
  2512/6230 pid=623256 rate=0.34s/card eta=21.2m Dipplin
  2513/6230 pid=623257 rate=0.34s/card eta=21.2m Hydrapple
  2514/6230 pid=623258 rate=0.34s/card eta=21.2m Teal Mask Ogerpon
  2515/6230 pid=623259 rate=0.34s/card eta=21.2m Ponyta
  2516/6230 pid=623260 rate=0.34s/card eta=21.2m Rapidash
  2517/6230 pid=623261 rate=0.34s/card eta=21.2m Ethan's Cyndaquil
  2518/6230 pid=623262 rate=0.34s/card eta=21.2m Ethan's Quilava
  2519/6230 pid=623263 rate=0.34s/card eta=21.1m Ethan's Typhlosion
  2520/6230 pid=623264 rate=0.34s/card eta=21.1m Ethan's Slugma
  2521/6230 pid=623265 rate=0.34s/card eta=21.1m Ethan's Magcargo
  2522/6230 pid=623266 rate=0.34s/card eta=21.1m Ethan's Ho-Oh ex
  2523/6230 pid=623267 rate=0.34s/card eta=21.1m Hearthflame Mask Ogerpon
  2524/6230 pid=623268 rate=0.34s/card eta=21.1m Misty's Psyduck
  2525/6230 pid=623269 rate=0.34s/card eta=21.1m Misty's Staryu
  2526/6230 pid=623270 rate=0.34s/card eta=21.1m Misty's Starmie
  2527/6230 pid=623271 rate=0.34s/card eta=21.1m Misty's Magikarp
  2528/6230 pid=623272 rate=0.34s/card eta=21.1m Misty's Gyarados
  2529/6230 pid=623273 rate=0.34s/card eta=21.1m Misty's Lapras
  2530/6230 pid=623274 rate=0.34s/card eta=21.1m Cynthia's Feebas
  2531/6230 pid=623275 rate=0.34s/card eta=21.1m Cynthia's Milotic
  2532/6230 pid=623276 rate=0.34s/card eta=21.1m Buizel
  2533/6230 pid=623277 rate=0.34s/card eta=21.1m Floatzel
  2534/6230 pid=623278 rate=0.34s/card eta=21.1m Dondozo ex
  2535/6230 pid=623279 rate=0.34s/card eta=21.1m Wellspring Mask Ogerpon
  2536/6230 pid=623280 rate=0.34s/card eta=21.1m Electabuzz
  2537/6230 pid=623281 rate=0.34s/card eta=21.0m Electivire ex
  2538/6230 pid=623282 rate=0.34s/card eta=21.0m Ethan's Pichu
  2539/6230 pid=623283 rate=0.34s/card eta=21.0m Electrike
  2540/6230 pid=623284 rate=0.34s/card eta=21.0m Manectric
  2541/6230 pid=623285 rate=0.34s/card eta=21.0m Rotom
  2542/6230 pid=623286 rate=0.34s/card eta=21.0m Zeraora
  2543/6230 pid=623287 rate=0.34s/card eta=21.0m Ethan's Sudowoodo
  2544/6230 pid=623288 rate=0.34s/card eta=21.0m Cynthia's Gible
  2545/6230 pid=623289 rate=0.34s/card eta=21.0m Cynthia's Gabite
  2546/6230 pid=623290 rate=0.34s/card eta=21.0m Cynthia's Garchomp ex
  2547/6230 pid=623291 rate=0.34s/card eta=21.0m Mudbray
  2548/6230 pid=623292 rate=0.34s/card eta=21.0m Mudsdale
  2549/6230 pid=623293 rate=0.34s/card eta=21.0m Arven's Toedscool
  2550/6230 pid=623294 rate=0.34s/card eta=21.0m Arven's Toedscruel
  2551/6230 pid=623295 rate=0.34s/card eta=21.0m Cornerstone Mask Ogerpon
  2552/6230 pid=623296 rate=0.34s/card eta=21.0m Cynthia's Spiritomb
  2553/6230 pid=623297 rate=0.34s/card eta=21.0m Arven's Maschiff
  2554/6230 pid=623298 rate=0.34s/card eta=21.0m Arven's Mabosstiff ex
  2555/6230 pid=623299 rate=0.34s/card eta=20.9m Tauros
  2556/6230 pid=623300 rate=0.34s/card eta=20.9m Arven's Skwovet
  2557/6230 pid=623301 rate=0.34s/card eta=20.9m Arven's Greedent
  2558/6230 pid=623302 rate=0.34s/card eta=20.9m Sacred Ash
  2559/6230 pid=623303 rate=0.34s/card eta=20.9m Arven's Sandwich
  2560/6230 pid=623304 rate=0.34s/card eta=20.9m Switch
  2561/6230 pid=623305 rate=0.34s/card eta=20.9m Pokemon Catcher
  2562/6230 pid=623306 rate=0.34s/card eta=20.9m Cynthia's Power Weight
  2563/6230 pid=623307 rate=0.34s/card eta=20.9m Emcee's Excitement
  2564/6230 pid=623308 rate=0.34s/card eta=20.9m Judge
  2565/6230 pid=623309 rate=0.34s/card eta=20.9m Ethan's Adventure
  2566/6230 pid=623310 rate=0.34s/card eta=20.9m Heat Wave Arena Booster Box
  2567/6230 pid=623311 rate=0.34s/card eta=20.9m Heat Wave Arena Booster Pack
  2568/6230 pid=623312 rate=0.34s/card eta=20.9m Yanma - 064/063
  2569/6230 pid=623313 rate=0.34s/card eta=20.9m Cynthia's Roserade - 065/063
  2570/6230 pid=623314 rate=0.34s/card eta=20.9m Shaymin - 066/063
  2571/6230 pid=623315 rate=0.34s/card eta=20.9m Crustle - 067/063
  2572/6230 pid=623316 rate=0.34s/card eta=20.9m Hydrapple - 068/063
  2573/6230 pid=623317 rate=0.34s/card eta=20.8m Rapidash - 069/063
  2574/6230 pid=623318 rate=0.34s/card eta=20.8m Ethan's Typhlosion - 070/063
  2575/6230 pid=623319 rate=0.34s/card eta=20.8m Misty's Psyduck - 071/063
  2576/6230 pid=623320 rate=0.34s/card eta=20.8m Misty's Lapras - 072/063
  2577/6230 pid=623321 rate=0.34s/card eta=20.8m Electrike - 073/063
  2578/6230 pid=623322 rate=0.34s/card eta=20.8m Rotom - 074/063
  2579/6230 pid=623323 rate=0.34s/card eta=20.8m Arven's Greedent - 075/063
  2580/6230 pid=623324 rate=0.34s/card eta=20.8m Yanmega ex - 076/063
  2581/6230 pid=623325 rate=0.34s/card eta=20.8m Ethan's Ho-Oh ex - 077/063
  2582/6230 pid=623326 rate=0.34s/card eta=20.8m Dondozo ex - 078/063
  2583/6230 pid=623327 rate=0.34s/card eta=20.8m Electivire ex - 079/063
  2584/6230 pid=623328 rate=0.34s/card eta=20.8m Cynthia's Garchomp ex - 080/063
  2585/6230 pid=623329 rate=0.34s/card eta=20.8m Arven's Mabosstiff ex - 081/063
  2586/6230 pid=623330 rate=0.34s/card eta=20.8m Emcee's Excitement - 082/063
  2587/6230 pid=623331 rate=0.34s/card eta=20.8m Judge - 083/063
  2588/6230 pid=623332 rate=0.34s/card eta=20.8m Ethan's Adventure - 084/063
  2589/6230 pid=623333 rate=0.34s/card eta=20.8m Yanmega ex - 085/063
  2590/6230 pid=623334 rate=0.34s/card eta=20.8m Ethan's Ho-Oh ex - 086/063
  2591/6230 pid=623335 rate=0.34s/card eta=20.7m Cynthia's Garchomp ex - 087/063
  2592/6230 pid=623336 rate=0.34s/card eta=20.7m Arven's Mabosstiff ex - 088/063
  2593/6230 pid=623337 rate=0.34s/card eta=20.7m Ethan's Adventure - 089/063
  2594/6230 pid=623338 rate=0.34s/card eta=20.7m Ethan's Ho-Oh ex - 090/063
  2595/6230 pid=623339 rate=0.34s/card eta=20.7m Cynthia's Garchomp ex - 091/063
  2596/6230 pid=623340 rate=0.34s/card eta=20.7m Levincia - 092/063
  2597/6230 pid=626014 rate=0.34s/card eta=20.7m Scizor ex - 210/SV-P
  2598/6230 pid=626015 rate=0.34s/card eta=20.7m Tatsugiri - 201/SV-P
  2599/6230 pid=626016 rate=0.34s/card eta=20.7m Enhanced Hammer - 211/SV-P
  2600/6230 pid=626514 rate=0.34s/card eta=20.7m Toxtricity V Special Set
  2601/6230 pid=627698 rate=0.34s/card eta=20.7m Pokemon Deluxe Stamp Box Set
  2602/6230 pid=627702 rate=0.34s/card eta=20.7m Pokemon Go Card File Set - Pokemon Go Te
  2603/6230 pid=628138 rate=0.34s/card eta=20.7m Karen's Tyranitar
  2604/6230 pid=628139 rate=0.34s/card eta=20.7m Feraligatr - 241
  2605/6230 pid=628273 rate=0.34s/card eta=20.7m Toxtricity ex - 243
  2606/6230 pid=628274 rate=0.34s/card eta=20.7m Pikachu - 242
  2607/6230 pid=628278 rate=0.34s/card eta=20.7m 2024 Pokemon Japan Illustration Contest 
  2608/6230 pid=628329 rate=0.34s/card eta=20.7m Basic Grass Energy - 202/SV-P
  2609/6230 pid=628330 rate=0.34s/card eta=20.6m Basic Fire Energy - 203/SV-P
  2610/6230 pid=628334 rate=0.34s/card eta=20.6m Basic Lightning Energy - 205/SV-P
  2611/6230 pid=628642 rate=0.34s/card eta=20.6m Pineco
  2612/6230 pid=628643 rate=0.34s/card eta=20.6m Shroomish
  2613/6230 pid=628644 rate=0.34s/card eta=20.6m Breloom
  2614/6230 pid=628645 rate=0.34s/card eta=20.6m Mow Rotom
  2615/6230 pid=628646 rate=0.34s/card eta=20.6m Fomantis
  2616/6230 pid=628647 rate=0.34s/card eta=20.6m Lurantis
  2617/6230 pid=628648 rate=0.34s/card eta=20.6m Team Rocket's Blipbug
  2618/6230 pid=628649 rate=0.34s/card eta=20.6m Team Rocket's Tarountula
  2619/6230 pid=628650 rate=0.34s/card eta=20.6m Team Rocket's Spidops
  2620/6230 pid=628651 rate=0.34s/card eta=20.6m Smoliv
  2621/6230 pid=628652 rate=0.34s/card eta=20.6m Dolliv
  2622/6230 pid=628653 rate=0.34s/card eta=20.6m Arboliva ex
  2623/6230 pid=628654 rate=0.34s/card eta=20.6m Growlithe
  2624/6230 pid=628655 rate=0.34s/card eta=20.6m Arcanine
  2625/6230 pid=628656 rate=0.34s/card eta=20.6m Team Rocket's Moltres ex
  2626/6230 pid=628657 rate=0.34s/card eta=20.6m Team Rocket's Houndour
  2627/6230 pid=628658 rate=0.34s/card eta=20.5m Team Rocket's Houndoom
  2628/6230 pid=628659 rate=0.34s/card eta=20.5m Torchic
  2629/6230 pid=628660 rate=0.34s/card eta=20.5m Combusken
  2630/6230 pid=628661 rate=0.34s/card eta=20.5m Blaziken
  2631/6230 pid=628662 rate=0.34s/card eta=20.5m Heat Rotom
  2632/6230 pid=628663 rate=0.34s/card eta=20.5m Team Rocket's Articuno
  2633/6230 pid=628664 rate=0.34s/card eta=20.5m Clamperl
  2634/6230 pid=628665 rate=0.34s/card eta=20.5m Huntail
  2635/6230 pid=628666 rate=0.34s/card eta=20.5m Gorebyss
  2636/6230 pid=628667 rate=0.34s/card eta=20.5m Snover
  2637/6230 pid=628668 rate=0.34s/card eta=20.5m Abomasnow
  2638/6230 pid=628669 rate=0.34s/card eta=20.5m Wash Rotom
  2639/6230 pid=628670 rate=0.34s/card eta=20.5m Arrokuda
  2640/6230 pid=628671 rate=0.34s/card eta=20.5m Barraskewda
  2641/6230 pid=628672 rate=0.34s/card eta=20.5m Cetoddle
  2642/6230 pid=628673 rate=0.34s/card eta=20.5m Cetitan ex
  2643/6230 pid=628674 rate=0.34s/card eta=20.5m Team Rocket's Zapdos
  2644/6230 pid=628675 rate=0.34s/card eta=20.5m Team Rocket's Mareep
  2645/6230 pid=628676 rate=0.34s/card eta=20.4m Team Rocket's Flaaffy
  2646/6230 pid=628677 rate=0.34s/card eta=20.4m Team Rocket's Ampharos
  2647/6230 pid=628678 rate=0.34s/card eta=20.4m Team Rocket's Drowzee
  2648/6230 pid=628679 rate=0.34s/card eta=20.4m Team Rocket's Hypno
  2649/6230 pid=628680 rate=0.34s/card eta=20.4m Team Rocket's Mewtwo ex
  2650/6230 pid=628681 rate=0.34s/card eta=20.4m Team Rocket's Wobbuffet
  2651/6230 pid=628682 rate=0.34s/card eta=20.4m Team Rocket's Chingling
  2652/6230 pid=628683 rate=0.34s/card eta=20.4m Team Rocket's Mimikyu
  2653/6230 pid=628684 rate=0.34s/card eta=20.4m Team Rocket's Dottler
  2654/6230 pid=628685 rate=0.34s/card eta=20.4m Team Rocket's Orbeetle
  2655/6230 pid=628686 rate=0.34s/card eta=20.4m Mankey
  2656/6230 pid=628687 rate=0.34s/card eta=20.4m Primeape
  2657/6230 pid=628688 rate=0.34s/card eta=20.4m Annihilape
  2658/6230 pid=628689 rate=0.34s/card eta=20.4m Team Rocket's Larvitar
  2659/6230 pid=628690 rate=0.34s/card eta=20.4m Team Rocket's Pupitar
  2660/6230 pid=628691 rate=0.34s/card eta=20.4m Team Rocket's Tyranitar
  2661/6230 pid=628692 rate=0.34s/card eta=20.4m Nosepass
  2662/6230 pid=628693 rate=0.34s/card eta=20.3m Probopass
  2663/6230 pid=628694 rate=0.34s/card eta=20.3m Meditite
  2664/6230 pid=628695 rate=0.34s/card eta=20.3m Medicham
  2665/6230 pid=628696 rate=0.34s/card eta=20.3m Regirock ex
  2666/6230 pid=628697 rate=0.34s/card eta=20.3m Team Rocket's Ekans
  2667/6230 pid=628698 rate=0.34s/card eta=20.3m Team Rocket's Arbok
  2668/6230 pid=628699 rate=0.34s/card eta=20.3m Team Rocket's Nidoran F
  2669/6230 pid=628700 rate=0.34s/card eta=20.3m Team Rocket's Nidorina
  2670/6230 pid=628701 rate=0.34s/card eta=20.3m Team Rocket's Nidoqueen
  2671/6230 pid=628702 rate=0.34s/card eta=20.3m Team Rocket's Nidoran M
  2672/6230 pid=628703 rate=0.34s/card eta=20.3m Team Rocket's Nidorino
  2673/6230 pid=628704 rate=0.34s/card eta=20.3m Team Rocket's Nidoking ex
  2674/6230 pid=628705 rate=0.34s/card eta=20.3m Team Rocket's Zubat
  2675/6230 pid=628706 rate=0.34s/card eta=20.3m Team Rocket's Golbat
  2676/6230 pid=628707 rate=0.34s/card eta=20.3m Team Rocket's Crobat ex
  2677/6230 pid=628708 rate=0.34s/card eta=20.3m Team Rocket's Grimer
  2678/6230 pid=628709 rate=0.34s/card eta=20.3m Team Rocket's Muk
  2679/6230 pid=628710 rate=0.34s/card eta=20.3m Team Rocket's Koffing
  2680/6230 pid=628711 rate=0.34s/card eta=20.2m Team Rocket's Weezing
  2681/6230 pid=628712 rate=0.34s/card eta=20.2m Team Rocket's Murkrow
  2682/6230 pid=628713 rate=0.34s/card eta=20.2m Team Rocket's Sneasel
  2683/6230 pid=628714 rate=0.34s/card eta=20.2m Forretress
  2684/6230 pid=628715 rate=0.34s/card eta=20.2m Skarmory
  2685/6230 pid=628716 rate=0.34s/card eta=20.2m Zamazenta
  2686/6230 pid=628717 rate=0.34s/card eta=20.2m Team Rocket's Rattata
  2687/6230 pid=628718 rate=0.34s/card eta=20.2m Team Rocket's Raticate
  2688/6230 pid=628719 rate=0.34s/card eta=20.2m Team Rocket's Meowth
  2689/6230 pid=628720 rate=0.34s/card eta=20.2m Team Rocket's Persian ex
  2690/6230 pid=628721 rate=0.34s/card eta=20.2m Kangaskhan
  2691/6230 pid=628722 rate=0.34s/card eta=20.2m Team Rocket's Porygon
  2692/6230 pid=628723 rate=0.34s/card eta=20.2m Team Rocket's Porygon2
  2693/6230 pid=628724 rate=0.34s/card eta=20.2m Team Rocket's Porygon-Z
  2694/6230 pid=628725 rate=0.34s/card eta=20.2m Taillow
  2695/6230 pid=628726 rate=0.34s/card eta=20.2m Swellow
  2696/6230 pid=628727 rate=0.34s/card eta=20.2m Squawkabilly
  2697/6230 pid=628728 rate=0.34s/card eta=20.2m Team Rocket's Hindering Robo
  2698/6230 pid=628729 rate=0.34s/card eta=20.1m Team Rocket's Great Ball
  2699/6230 pid=628730 rate=0.34s/card eta=20.1m Team Rocket's Surprise Bomb
  2700/6230 pid=628731 rate=0.34s/card eta=20.1m Team Rocket's Receiver
  2701/6230 pid=628732 rate=0.34s/card eta=20.1m Team Rocket's Ariana
  2702/6230 pid=628733 rate=0.34s/card eta=20.1m Team Rocket's Archer
  2703/6230 pid=628734 rate=0.34s/card eta=20.1m Team Rocket's Giovanni
  2704/6230 pid=628735 rate=0.34s/card eta=20.1m Team Rocket's Petrel
  2705/6230 pid=628736 rate=0.34s/card eta=20.1m Team Rocket's Proton
  2706/6230 pid=628737 rate=0.34s/card eta=20.1m Team Rocket's Watchtower
  2707/6230 pid=628738 rate=0.34s/card eta=20.1m Team Rocket's Factory
  2708/6230 pid=628739 rate=0.34s/card eta=20.1m Team Rocket Energy
  2709/6230 pid=629040 rate=0.34s/card eta=20.1m Team Rocket's Spidops - 099/098
  2710/6230 pid=629041 rate=0.34s/card eta=20.1m Team Rocket's Houndoom - 100/098
  2711/6230 pid=629042 rate=0.34s/card eta=20.1m Blaziken - 101/098
  2712/6230 pid=629043 rate=0.34s/card eta=20.1m Clamperl - 102/098
  2713/6230 pid=629044 rate=0.34s/card eta=20.1m Team Rocket's Wobbuffet - 103/098
  2714/6230 pid=629045 rate=0.34s/card eta=20.1m Team Rocket's Orbeetle - 104/098
  2715/6230 pid=629046 rate=0.34s/card eta=20.1m Team Rocket's Weezing - 105/098
  2716/6230 pid=629047 rate=0.34s/card eta=20.1m Team Rocket's Murkrow - 106/098
  2717/6230 pid=629048 rate=0.34s/card eta=20.0m Zamazenta - 107/098
  2718/6230 pid=629049 rate=0.34s/card eta=20.0m Team Rocket's Raticate - 108/098
  2719/6230 pid=629050 rate=0.34s/card eta=20.0m Team Rocket's Meowth - 109/098
  2720/6230 pid=629051 rate=0.34s/card eta=20.0m Kangaskhan - 110/098
  2721/6230 pid=629052 rate=0.34s/card eta=20.0m Arboliva ex - 111/098
  2722/6230 pid=629053 rate=0.34s/card eta=20.0m Team Rocket's Moltres ex - 112/098
  2723/6230 pid=629054 rate=0.34s/card eta=20.0m Cetitan ex - 113/098
  2724/6230 pid=629055 rate=0.34s/card eta=20.0m Team Rocket's Mewtwo ex - 114/098
  2725/6230 pid=629056 rate=0.34s/card eta=20.0m Regirock ex - 115/098
  2726/6230 pid=629057 rate=0.34s/card eta=20.0m Team Rocket's Nidoking ex - 116/098
  2727/6230 pid=629058 rate=0.34s/card eta=20.0m Team Rocket's Crobat ex - 117/098
  2728/6230 pid=629059 rate=0.34s/card eta=20.0m Team Rocket's Persian ex - 118/098
  2729/6230 pid=629060 rate=0.34s/card eta=20.0m Team Rocket's Ariana - 119/098
  2730/6230 pid=629061 rate=0.34s/card eta=20.0m Team Rocket's Archer - 120/098
  2731/6230 pid=629062 rate=0.34s/card eta=20.0m Team Rocket's Giovanni - 121/098
  2732/6230 pid=629063 rate=0.34s/card eta=20.0m Team Rocket's Petrel - 122/098
  2733/6230 pid=629064 rate=0.34s/card eta=20.0m Team Rocket's Proton - 123/098
  2734/6230 pid=629065 rate=0.34s/card eta=20.0m Team Rocket's Moltres ex - 124/098
  2735/6230 pid=629066 rate=0.34s/card eta=19.9m Team Rocket's Mewtwo ex - 125/098
  2736/6230 pid=629067 rate=0.34s/card eta=19.9m Team Rocket's Nidoking ex - 126/098
  2737/6230 pid=629068 rate=0.34s/card eta=19.9m Team Rocket's Crobat ex - 127/098
  2738/6230 pid=629069 rate=0.34s/card eta=19.9m Team Rocket's Ariana - 128/098
  2739/6230 pid=629070 rate=0.34s/card eta=19.9m Team Rocket's Giovanni - 129/098
  2740/6230 pid=629071 rate=0.34s/card eta=19.9m Team Rocket's Mewtwo ex - 130/098
  2741/6230 pid=629072 rate=0.34s/card eta=19.9m Team Rocket's Crobat ex - 131/098
  2742/6230 pid=629074 rate=0.34s/card eta=19.9m Jamming Tower
  2743/6230 pid=629197 rate=0.34s/card eta=19.9m Glory of Team Rocket Booster Box
  2744/6230 pid=629198 rate=0.34s/card eta=19.9m Glory of Team Rocket Booster Pack
  2745/6230 pid=630782 rate=0.34s/card eta=19.9m Chuck's Primeape
  2746/6230 pid=630785 rate=0.34s/card eta=19.9m Chuck's Poliwrath
  2747/6230 pid=630787 rate=0.34s/card eta=19.9m Chuck's Rhydon
  2748/6230 pid=630788 rate=0.34s/card eta=19.9m Chuck's Tauros
  2749/6230 pid=630789 rate=0.34s/card eta=19.9m Chuck's Granbull
  2750/6230 pid=630790 rate=0.34s/card eta=19.9m Chuck's Donphan
  2751/6230 pid=630791 rate=0.34s/card eta=19.9m Pryce's Dewgong
  2752/6230 pid=630794 rate=0.34s/card eta=19.9m Pryce's Cloyster
  2753/6230 pid=630795 rate=0.34s/card eta=19.8m Pryce's Lapras
  2754/6230 pid=630796 rate=0.34s/card eta=19.8m Pryce's Articuno
  2755/6230 pid=630797 rate=0.34s/card eta=19.8m Pryce's Sneasel
  2756/6230 pid=630798 rate=0.34s/card eta=19.8m Pryce's Piloswine
  2757/6230 pid=630799 rate=0.34s/card eta=19.8m Pryce's Delibird
  2758/6230 pid=630800 rate=0.34s/card eta=19.8m Clair's Blastoise
  2759/6230 pid=630801 rate=0.34s/card eta=19.8m Clair's Jynx
  2760/6230 pid=630802 rate=0.34s/card eta=19.8m Clair's Gyarados
  2761/6230 pid=630832 rate=0.34s/card eta=19.8m Clair's Dragonite
  2762/6230 pid=630833 rate=0.34s/card eta=19.8m Clair's Politoed
  2763/6230 pid=630836 rate=0.34s/card eta=19.8m Clair's Mantine
  2764/6230 pid=630838 rate=0.34s/card eta=19.8m Lt. Surge's Raichu
  2765/6230 pid=630839 rate=0.34s/card eta=19.8m Lt. Surge's Lanturn
  2766/6230 pid=630840 rate=0.34s/card eta=19.8m Sabrina's Xatu
  2767/6230 pid=630841 rate=0.34s/card eta=19.8m Sabrina's Espeon
  2768/6230 pid=630842 rate=0.34s/card eta=19.8m Clair's Kingdra
  2769/6230 pid=630843 rate=0.34s/card eta=19.8m Misty's Lapras
  2770/6230 pid=630844 rate=0.34s/card eta=19.8m Misty's Quagsire
  2771/6230 pid=630845 rate=0.34s/card eta=19.8m Erika's Bellossom
  2772/6230 pid=630846 rate=0.34s/card eta=19.7m Erika's Jumpluff
  2773/6230 pid=630847 rate=0.34s/card eta=19.7m Janine's Beedrill
  2774/6230 pid=631767 rate=0.34s/card eta=19.7m Janine's Venomoth
  2775/6230 pid=631769 rate=0.34s/card eta=19.7m Janine's Weezing
  2776/6230 pid=631771 rate=0.34s/card eta=19.7m Janine's Ariados
  2777/6230 pid=631774 rate=0.34s/card eta=19.7m Janine's Crobat
  2778/6230 pid=631776 rate=0.34s/card eta=19.7m Janine's Shuckle
  2779/6230 pid=631777 rate=0.34s/card eta=19.7m Brock's Omastar
  2780/6230 pid=631778 rate=0.34s/card eta=19.7m Brock's Kabutops
  2781/6230 pid=631779 rate=0.34s/card eta=19.7m Blaine's Typhlosion
  2782/6230 pid=631781 rate=0.34s/card eta=19.7m Blaine's Magcargo
  2783/6230 pid=631783 rate=0.34s/card eta=19.7m Will's Slowbro
  2784/6230 pid=631831 rate=0.34s/card eta=19.7m Will's Exeggutor
  2785/6230 pid=631835 rate=0.34s/card eta=19.7m Will's Jynx
  2786/6230 pid=631838 rate=0.34s/card eta=19.7m Will's Xatu
  2787/6230 pid=631841 rate=0.34s/card eta=19.7m Will's Espeon
  2788/6230 pid=631844 rate=0.34s/card eta=19.7m Will's Girafarig
  2789/6230 pid=631846 rate=0.34s/card eta=19.7m Koga's Crobat
  2790/6230 pid=631848 rate=0.34s/card eta=19.6m Koga's Forretress
  2791/6230 pid=631850 rate=0.34s/card eta=19.6m Bruno's Machamp
  2792/6230 pid=631853 rate=0.34s/card eta=19.6m Bruno's Hitmonlee
  2793/6230 pid=631856 rate=0.34s/card eta=19.6m Bruno's Hitmonchan
  2794/6230 pid=631858 rate=0.34s/card eta=19.6m Bruno's Steelix
  2795/6230 pid=631859 rate=0.34s/card eta=19.6m Bruno's Ursaring
  2796/6230 pid=631867 rate=0.34s/card eta=19.6m Bruno's Hitmontop
  2797/6230 pid=631872 rate=0.34s/card eta=19.6m Karen's Rapidash
  2798/6230 pid=631874 rate=0.34s/card eta=19.6m Karen's Magmar
  2799/6230 pid=631877 rate=0.34s/card eta=19.6m Karen's Flareon
  2800/6230 pid=631878 rate=0.34s/card eta=19.6m Karen's Umbreon
  2801/6230 pid=631879 rate=0.34s/card eta=19.6m Karen's Houndoom
  2802/6230 pid=631881 rate=0.34s/card eta=19.6m Rocket's Wobbuffet
  2803/6230 pid=631883 rate=0.34s/card eta=19.6m Rocket's Raikou
  2804/6230 pid=631897 rate=0.34s/card eta=19.6m Rocket's Entei
  2805/6230 pid=631898 rate=0.34s/card eta=19.6m Rocket's Suicune
  2806/6230 pid=631899 rate=0.34s/card eta=19.6m Lance's Charizard
  2807/6230 pid=631900 rate=0.34s/card eta=19.6m Lance's Gyarados
  2808/6230 pid=631901 rate=0.34s/card eta=19.6m Lance's Aerodactyl
  2809/6230 pid=631902 rate=0.34s/card eta=19.5m Lance's Dragonite
  2810/6230 pid=631903 rate=0.34s/card eta=19.5m Lance's Ampharos
  2811/6230 pid=631904 rate=0.34s/card eta=19.5m Lance's Kingdra
  2812/6230 pid=632755 rate=0.34s/card eta=19.5m Mew ex
  2813/6230 pid=632756 rate=0.34s/card eta=19.5m Fezandipiti ex
  2814/6230 pid=632757 rate=0.34s/card eta=19.5m Tatsugiri
  2815/6230 pid=632762 rate=0.34s/card eta=19.5m Pidgey
  2816/6230 pid=632763 rate=0.34s/card eta=19.5m Pidgeotto
  2817/6230 pid=632767 rate=0.34s/card eta=19.5m Pidgeot ex
  2818/6230 pid=632783 rate=0.34s/card eta=19.5m Hoothoot
  2819/6230 pid=632784 rate=0.34s/card eta=19.5m Noctowl
  2820/6230 pid=632786 rate=0.34s/card eta=19.5m Squawkabilly ex
  2821/6230 pid=632787 rate=0.34s/card eta=19.5m Electric Generator
  2822/6230 pid=632789 rate=0.34s/card eta=19.5m Counter Catcher
  2823/6230 pid=632791 rate=0.34s/card eta=19.5m Superior Energy Retrieval
  2824/6230 pid=632792 rate=0.34s/card eta=19.5m Super Rod
  2825/6230 pid=632794 rate=0.34s/card eta=19.5m Earthen Vessel
  2826/6230 pid=632795 rate=0.34s/card eta=19.5m Tera Orb
  2827/6230 pid=632796 rate=0.34s/card eta=19.5m Buddy-Buddy Poffin
  2828/6230 pid=632798 rate=0.34s/card eta=19.4m Nest Ball
  2829/6230 pid=632799 rate=0.34s/card eta=19.4m Ultra Ball
  2830/6230 pid=632800 rate=0.34s/card eta=19.4m Rare Candy
  2831/6230 pid=632802 rate=0.34s/card eta=19.4m Prime Catcher
  2832/6230 pid=632803 rate=0.34s/card eta=19.4m Switch
  2833/6230 pid=632806 rate=0.34s/card eta=19.4m Bug Catching Set
  2834/6230 pid=632807 rate=0.34s/card eta=19.4m Night Stretcher
  2835/6230 pid=632808 rate=0.34s/card eta=19.4m Counter Gain
  2836/6230 pid=632809 rate=0.34s/card eta=19.4m Rigid Band
  2837/6230 pid=632810 rate=0.34s/card eta=19.4m Rescue Board
  2838/6230 pid=632811 rate=0.34s/card eta=19.4m Maximum Belt
  2839/6230 pid=632813 rate=0.34s/card eta=19.4m Bravery Charm
  2840/6230 pid=632815 rate=0.34s/card eta=19.4m Technical Machine: Evolution
  2841/6230 pid=632816 rate=0.34s/card eta=19.4m Technical Machine: Devolution
  2842/6230 pid=632817 rate=0.34s/card eta=19.4m Ciphermaniac's Codebreaking
  2843/6230 pid=635073 rate=0.34s/card eta=19.4m Altaria - 148/BW-P
  2844/6230 pid=635074 rate=0.34s/card eta=19.4m Ampharos - 134/BW-P
  2845/6230 pid=635075 rate=0.34s/card eta=19.4m Aron - 136/BW-P
  2846/6230 pid=635076 rate=0.34s/card eta=19.4m Axew - 003/BW-P
  2847/6230 pid=635077 rate=0.34s/card eta=19.3m Axew - 006/BW-P
  2848/6230 pid=635078 rate=0.34s/card eta=19.3m Axew - 050/BW-P
  2849/6230 pid=635079 rate=0.34s/card eta=19.3m Axew - 206/BW-P
  2850/6230 pid=635080 rate=0.34s/card eta=19.3m Bagon - 193/BW-P
  2851/6230 pid=635081 rate=0.34s/card eta=19.3m Basic Darkness Energy - 017/BW-P
  2852/6230 pid=635082 rate=0.34s/card eta=19.3m Basic Darkness Energy - 033/BW-P
  2853/6230 pid=635083 rate=0.34s/card eta=19.3m Basic Darkness Energy - 089/BW-P
  2854/6230 pid=635084 rate=0.34s/card eta=19.3m Basic Darkness Energy - 133/BW-P
  2855/6230 pid=635085 rate=0.34s/card eta=19.3m Basic Darkness Energy - 227/BW-P
  2856/6230 pid=635086 rate=0.34s/card eta=19.3m Basic Fighting Energy - 016/BW-P
  2857/6230 pid=635087 rate=0.34s/card eta=19.3m Basic Fighting Energy - 088/BW-P
  2858/6230 pid=635088 rate=0.34s/card eta=19.3m Basic Fighting Energy - 132/BW-P
  2859/6230 pid=635089 rate=0.34s/card eta=19.3m Basic Fighting Energy - 226/BW-P
  2860/6230 pid=635090 rate=0.34s/card eta=19.3m Basic Fire Energy - 014/BW-P
  2861/6230 pid=635091 rate=0.34s/card eta=19.3m Basic Fire Energy - 084/BW-P
  2862/6230 pid=635092 rate=0.34s/card eta=19.3m Basic Fire Energy - 130/BW-P
  2863/6230 pid=635093 rate=0.34s/card eta=19.3m Basic Fire Energy - 222/BW-P
  2864/6230 pid=635094 rate=0.34s/card eta=19.3m Basic Grass Energy - 071/BW-P
  2865/6230 pid=635095 rate=0.34s/card eta=19.3m Basic Grass Energy - 083/BW-P
  2866/6230 pid=635096 rate=0.34s/card eta=19.2m Basic Grass Energy - 099/BW-P
  2867/6230 pid=635097 rate=0.34s/card eta=19.2m Basic Grass Energy - 221/BW-P
  2868/6230 pid=635098 rate=0.34s/card eta=19.2m Basic Lightning Energy - 015/BW-P
  2869/6230 pid=635099 rate=0.34s/card eta=19.2m Basic Lightning Energy - 086/BW-P
  2870/6230 pid=635100 rate=0.34s/card eta=19.2m Basic Lightning Energy - 131/BW-P
  2871/6230 pid=635101 rate=0.34s/card eta=19.2m Basic Lightning Energy - 224/BW-P
  2872/6230 pid=635102 rate=0.34s/card eta=19.2m Basic Metal Energy - 074/BW-P
  2873/6230 pid=635103 rate=0.34s/card eta=19.2m Basic Metal Energy - 090/BW-P
  2874/6230 pid=635104 rate=0.34s/card eta=19.2m Basic Metal Energy - 102/BW-P
  2875/6230 pid=635105 rate=0.34s/card eta=19.2m Basic Metal Energy - 228/BW-P
  2876/6230 pid=635106 rate=0.34s/card eta=19.2m Basic Psychic Energy - 073/BW-P
  2877/6230 pid=635107 rate=0.34s/card eta=19.2m Basic Psychic Energy - 087/BW-P
  2878/6230 pid=635108 rate=0.34s/card eta=19.2m Basic Psychic Energy - 101/BW-P
  2879/6230 pid=635109 rate=0.34s/card eta=19.2m Basic Psychic Energy - 225/BW-P
  2880/6230 pid=635110 rate=0.34s/card eta=19.2m Basic Water Energy - 072/BW-P
  2881/6230 pid=635111 rate=0.34s/card eta=19.2m Basic Water Energy - 085/BW-P
  2882/6230 pid=635112 rate=0.34s/card eta=19.2m Basic Water Energy - 100/BW-P
  2883/6230 pid=635113 rate=0.34s/card eta=19.2m Basic Water Energy - 223/BW-P
  2884/6230 pid=635114 rate=0.34s/card eta=19.1m Battle City - 107/BW-P
  2885/6230 pid=635115 rate=0.34s/card eta=19.1m Beartic - 053/BW-P
  2886/6230 pid=635116 rate=0.34s/card eta=19.1m Bianca - 098/BW-P
  2887/6230 pid=635117 rate=0.34s/card eta=19.1m Bisharp - 067/BW-P
  2888/6230 pid=635118 rate=0.34s/card eta=19.1m Black Kyurem - 216/BW-P
  2889/6230 pid=635119 rate=0.34s/card eta=19.1m Bouffalant - Team Plasma
  2890/6230 pid=635120 rate=0.34s/card eta=19.1m Braviary - 137/BW-P
  2891/6230 pid=635121 rate=0.34s/card eta=19.1m Bulbasaur - 124/BW-P
  2892/6230 pid=635122 rate=0.34s/card eta=19.1m Caitlin - 215/BW-P
  2893/6230 pid=635123 rate=0.34s/card eta=19.1m Charmander - 165/BW-P
  2894/6230 pid=635124 rate=0.34s/card eta=19.1m Cheren - 013/BW-P
  2895/6230 pid=635125 rate=0.34s/card eta=19.1m Chimchar - 171/BW-P
  2896/6230 pid=635126 rate=0.34s/card eta=19.1m Cilan - 128/BW-P
  2897/6230 pid=635127 rate=0.34s/card eta=19.1m Cinccino - 069/BW-P
  2898/6230 pid=635128 rate=0.34s/card eta=19.1m Cobalion - 037/BW-P
  2899/6230 pid=635129 rate=0.34s/card eta=19.1m Cobalion - 156/BW-P
  2900/6230 pid=635130 rate=0.34s/card eta=19.1m Crobat - Team Plasma - 181/BW-P
  2901/6230 pid=635131 rate=0.34s/card eta=19.1m Darumaka - 048/BW-P
  2902/6230 pid=635132 rate=0.34s/card eta=19.1m Devolution Spray - 196/BW-P
  2903/6230 pid=635133 rate=0.34s/card eta=19.0m Drifblim - 147/BW-P
  2904/6230 pid=635134 rate=0.34s/card eta=19.0m Druddigon - 026/BW-P
  2905/6230 pid=635135 rate=0.34s/card eta=19.0m Druddigon - Team Plasma - 201/BW-P
  2906/6230 pid=635136 rate=0.34s/card eta=19.0m Ducklett - 008/BW-P
  2907/6230 pid=635137 rate=0.34s/card eta=19.0m Ducklett - 063/BW-P
  2908/6230 pid=635138 rate=0.34s/card eta=19.0m Eevee - 189/BW-P
  2909/6230 pid=635139 rate=0.34s/card eta=19.0m Eevee - 213/BW-P
  2910/6230 pid=635140 rate=0.34s/card eta=19.0m Eevee - 235/BW-P
  2911/6230 pid=635141 rate=0.34s/card eta=19.0m Electrode - Team Plasma - 173/BW-P
  2912/6230 pid=635142 rate=0.34s/card eta=19.0m Elgyem - 126/BW-P
  2913/6230 pid=635143 rate=0.34s/card eta=19.0m Emolga - 025/BW-P
  2914/6230 pid=635144 rate=0.34s/card eta=19.0m Emolga - 081/BW-P
  2915/6230 pid=635145 rate=0.34s/card eta=19.0m Emolga - 236/BW-P
  2916/6230 pid=635146 rate=0.34s/card eta=19.0m Empoleon - 125/BW-P
  2917/6230 pid=635147 rate=0.34s/card eta=19.0m Escape Rope - 169/BW-P
  2918/6230 pid=635148 rate=0.34s/card eta=19.0m Espeon - 187/BW-P
  2919/6230 pid=635149 rate=0.34s/card eta=19.0m Eviolite - 097/BW-P
  2920/6230 pid=635150 rate=0.34s/card eta=19.0m Excadrill - 065/BW-P
  2921/6230 pid=635151 rate=0.34s/card eta=18.9m Excadrill - 118/BW-P
  2922/6230 pid=635152 rate=0.34s/card eta=18.9m Flareon - 183/BW-P
  2923/6230 pid=635153 rate=0.34s/card eta=18.9m Flygon - 157/BW-P
  2924/6230 pid=635154 rate=0.34s/card eta=18.9m Flygon - 168/BW-P
  2925/6230 pid=635155 rate=0.34s/card eta=18.9m Froslass - Team Plasma
  2926/6230 pid=635156 rate=0.34s/card eta=18.9m Genesect - 209/BW-P
  2927/6230 pid=635157 rate=0.34s/card eta=18.9m Genesect - 231/BW-P
  2928/6230 pid=635158 rate=0.34s/card eta=18.9m Genesect - 232/BW-P
  2929/6230 pid=635159 rate=0.34s/card eta=18.9m Genesect - Team Plasma
  2930/6230 pid=635160 rate=0.34s/card eta=18.9m Gigalith - 010/BW-P
  2931/6230 pid=635161 rate=0.34s/card eta=18.9m Giratina EX - 146/BW-P
  2932/6230 pid=635162 rate=0.34s/card eta=18.9m Glaceon - 185/BW-P
  2933/6230 pid=635163 rate=0.34s/card eta=18.9m Golurk - 046/BW-P
  2934/6230 pid=635164 rate=0.34s/card eta=18.9m Gothitelle - 055/BW-P
  2935/6230 pid=635165 rate=0.34s/card eta=18.9m Gothorita - 064/BW-P
  2936/6230 pid=635166 rate=0.34s/card eta=18.9m Haxorus - 070/BW-P
  2937/6230 pid=635167 rate=0.34s/card eta=18.9m Haxorus - 121/BW-P
  2938/6230 pid=635168 rate=0.34s/card eta=18.9m Heavy Ball - 122/BW-P
  2939/6230 pid=635169 rate=0.34s/card eta=18.8m Hugh - 170/BW-P
  2940/6230 pid=635170 rate=0.34s/card eta=18.8m Hypnotoxic Laser - 175/BW-P
  2941/6230 pid=635171 rate=0.34s/card eta=18.8m Jigglypuff - 127/BW-P
  2942/6230 pid=635172 rate=0.34s/card eta=18.8m Jolteon - 186/BW-P
  2943/6230 pid=635173 rate=0.34s/card eta=18.8m Keldeo - 162/BW-P
  2944/6230 pid=635174 rate=0.34s/card eta=18.8m Keldeo - 164/BW-P
  2945/6230 pid=635175 rate=0.34s/card eta=18.8m Klinklang - 045/BW-P
  2946/6230 pid=635176 rate=0.34s/card eta=18.8m Krokorok - 114/BW-P
  2947/6230 pid=635177 rate=0.34s/card eta=18.8m Krookodile - 094/BW-P
  2948/6230 pid=635178 rate=0.34s/card eta=18.8m Kyurem - 150/BW-P
  2949/6230 pid=635179 rate=0.34s/card eta=18.8m Lampent - 172/BW-P
  2950/6230 pid=635180 rate=0.34s/card eta=18.8m Landorus - 047/BW-P
  2951/6230 pid=635181 rate=0.34s/card eta=18.8m Landorus - 112/BW-P
  2952/6230 pid=635182 rate=0.34s/card eta=18.8m Landorus - Team Plasma
  2953/6230 pid=635183 rate=0.34s/card eta=18.8m Leafeon - 182/BW-P
  2954/6230 pid=635184 rate=0.34s/card eta=18.8m Leavanny - 091/BW-P
  2955/6230 pid=635185 rate=0.34s/card eta=18.8m Liepard - 066/BW-P
  2956/6230 pid=635186 rate=0.34s/card eta=18.8m Liepard - 200/BW-P
  2957/6230 pid=635187 rate=0.34s/card eta=18.8m Lilligant - 062/BW-P
  2958/6230 pid=635188 rate=0.34s/card eta=18.7m Lilligant - 117/BW-P
  2959/6230 pid=635189 rate=0.34s/card eta=18.7m Litwick - 009/BW-P
  2960/6230 pid=635190 rate=0.34s/card eta=18.7m Lucario - 106/BW-P
  2961/6230 pid=635191 rate=0.34s/card eta=18.7m Lucario - 203/BW-P
  2962/6230 pid=635192 rate=0.34s/card eta=18.7m Luxio - 103/BW-P
  2963/6230 pid=635193 rate=0.34s/card eta=18.7m Machamp - 212/BW-P
  2964/6230 pid=635194 rate=0.34s/card eta=18.7m Magikarp - 210/BW-P
  2965/6230 pid=635195 rate=0.34s/card eta=18.7m Meloetta - 160/BW-P
  2966/6230 pid=635196 rate=0.34s/card eta=18.7m Meloetta - 161/BW-P
  2967/6230 pid=635197 rate=0.34s/card eta=18.7m Meowth - 105/BW-P
  2968/6230 pid=635198 rate=0.34s/card eta=18.7m Meowth - 204/BW-P
  2969/6230 pid=635199 rate=0.34s/card eta=18.7m Metagross - Team Plasma
  2970/6230 pid=635200 rate=0.34s/card eta=18.7m Mew - 220/BW-P
  2971/6230 pid=635201 rate=0.34s/card eta=18.7m Minccino - 022/BW-P
  2972/6230 pid=635202 rate=0.34s/card eta=18.7m N - 180/BW-P
  2973/6230 pid=635203 rate=0.34s/card eta=18.7m N - 218/BW-P
  2974/6230 pid=635204 rate=0.34s/card eta=18.7m Ninetales - 123/BW-P
  2975/6230 pid=635205 rate=0.34s/card eta=18.7m Oshawott - 020/BW-P
  2976/6230 pid=635206 rate=0.34s/card eta=18.6m Oshawott - 036/BW-P
  2977/6230 pid=635207 rate=0.34s/card eta=18.6m Oshawott - 044/BW-P
  2978/6230 pid=635208 rate=0.34s/card eta=18.6m Oshawott - 077/BW-P
  2979/6230 pid=635209 rate=0.34s/card eta=18.6m Oshawott - 080/BW-P
  2980/6230 pid=635210 rate=0.34s/card eta=18.6m Palace Belt - 153/BW-P
  2981/6230 pid=635211 rate=0.34s/card eta=18.6m Pansage - 001/BW-P
  2982/6230 pid=635212 rate=0.34s/card eta=18.6m Pansage - 004/BW-P
  2983/6230 pid=635213 rate=0.34s/card eta=18.6m Pansage - 202/BW-P
  2984/6230 pid=635214 rate=0.34s/card eta=18.6m Patrat - 011/BW-P
  2985/6230 pid=635215 rate=0.34s/card eta=18.6m Petilil - 061/BW-P
  2986/6230 pid=635216 rate=0.34s/card eta=18.6m Pidove - 002/BW-P
  2987/6230 pid=635217 rate=0.34s/card eta=18.6m Pidove - 005/BW-P
  2988/6230 pid=635218 rate=0.34s/card eta=18.6m Pidove - 205/BW-P
  2989/6230 pid=635219 rate=0.34s/card eta=18.6m Pikachu - 108/BW-P
  2990/6230 pid=635220 rate=0.34s/card eta=18.6m Pikachu - 120/BW-P
  2991/6230 pid=635221 rate=0.34s/card eta=18.6m Pikachu - 151/BW-P
  2992/6230 pid=635222 rate=0.34s/card eta=18.6m Pikachu - 163/BW-P
  2993/6230 pid=635223 rate=0.34s/card eta=18.6m Pikachu - 229/BW-P
  2994/6230 pid=635224 rate=0.34s/card eta=18.5m PlusPower - 082/BW-P
  2995/6230 pid=635225 rate=0.34s/card eta=18.5m Pokedex - 023/BW-P
  2996/6230 pid=635226 rate=0.34s/card eta=18.5m Pokemon Catcher - 027/BW-P
  2997/6230 pid=635227 rate=0.34s/card eta=18.5m Pokemon Center - 190/BW-P
  2998/6230 pid=635228 rate=0.34s/card eta=18.5m Porygon-Z - Team Plasma
  2999/6230 pid=635229 rate=0.34s/card eta=18.5m Prism Energy - 129/BW-P
  3000/6230 pid=635230 rate=0.34s/card eta=18.5m Professor Juniper - 012/BW-P
  3001/6230 pid=635231 rate=0.34s/card eta=18.5m Psyduck - 167/BW-P
  3002/6230 pid=635232 rate=0.34s/card eta=18.5m Purrloin - 095/BW-P
  3003/6230 pid=635233 rate=0.34s/card eta=18.5m Purrloin - 149/BW-P
  3004/6230 pid=635234 rate=0.34s/card eta=18.5m Raichu - 152/BW-P
  3005/6230 pid=635235 rate=0.34s/card eta=18.5m Rare Candy - 138/BW-P
  3006/6230 pid=635236 rate=0.34s/card eta=18.5m Rayquaza - 144/BW-P
  3007/6230 pid=635237 rate=0.34s/card eta=18.5m Rayquaza EX - 145/BW-P
  3008/6230 pid=635238 rate=0.34s/card eta=18.5m Reshiram - 051/BW-P
  3009/6230 pid=635239 rate=0.34s/card eta=18.5m Reshiram - 110/BW-P
  3010/6230 pid=635240 rate=0.34s/card eta=18.5m Reshiram EX - 158/BW-P
  3011/6230 pid=635241 rate=0.34s/card eta=18.5m Reuniclus - 056/BW-P
  3012/6230 pid=635242 rate=0.34s/card eta=18.4m Riolu - 104/BW-P
  3013/6230 pid=635243 rate=0.34s/card eta=18.4m Salamence - 195/BW-P
  3014/6230 pid=635244 rate=0.34s/card eta=18.4m Sandile - 113/BW-P
  3015/6230 pid=635245 rate=0.34s/card eta=18.4m Sawk - 041/BW-P
  3016/6230 pid=635246 rate=0.34s/card eta=18.4m Scolipede - 093/BW-P
  3017/6230 pid=635247 rate=0.34s/card eta=18.4m Scraggy - 049/BW-P
  3018/6230 pid=635248 rate=0.34s/card eta=18.4m Scraggy - 174/BW-P
  3019/6230 pid=635249 rate=0.34s/card eta=18.4m Serperior - 198/BW-P
  3020/6230 pid=635250 rate=0.34s/card eta=18.4m Shaymin - 233/BW-P
  3021/6230 pid=635251 rate=0.34s/card eta=18.4m Shelgon - 194/BW-P
  3022/6230 pid=635252 rate=0.34s/card eta=18.4m Silver Bangle - 214/BW-P
  3023/6230 pid=635253 rate=0.34s/card eta=18.4m Simipour - 059/BW-P
  3024/6230 pid=635254 rate=0.34s/card eta=18.4m Simisage - 057/BW-P
  3025/6230 pid=635255 rate=0.34s/card eta=18.4m Simisear - 058/BW-P
  3026/6230 pid=635256 rate=0.34s/card eta=18.4m Skarmory - Team Plasma
  3027/6230 pid=635257 rate=0.34s/card eta=18.4m Snivy - 018/BW-P
  3028/6230 pid=635258 rate=0.34s/card eta=18.4m Snivy - 034/BW-P
  3029/6230 pid=635259 rate=0.34s/card eta=18.4m Snivy - 042/BW-P
  3030/6230 pid=635260 rate=0.34s/card eta=18.3m Snivy - 075/BW-P
  3031/6230 pid=635261 rate=0.34s/card eta=18.3m Snivy - 078/BW-P
  3032/6230 pid=635262 rate=0.34s/card eta=18.3m Snorlax - Team Plasma
  3033/6230 pid=635263 rate=0.34s/card eta=18.3m Swanna - 092/BW-P
  3034/6230 pid=635264 rate=0.34s/card eta=18.3m Team Plasma Ball - 179/BW-P
  3035/6230 pid=635265 rate=0.34s/card eta=18.3m Team Plasma Grunt - 176/BW-P
  3036/6230 pid=635266 rate=0.34s/card eta=18.3m Tepig - 019/BW-P
  3037/6230 pid=635268 rate=0.34s/card eta=18.3m Tepig - 035/BW-P
  3038/6230 pid=635269 rate=0.34s/card eta=18.3m Tepig - 043/BW-P
  3039/6230 pid=635270 rate=0.34s/card eta=18.3m Tepig - 076/BW-P
  3040/6230 pid=635271 rate=0.34s/card eta=18.3m Tepig - 079/BW-P
  3041/6230 pid=635272 rate=0.34s/card eta=18.3m Terrakion - 038/BW-P
  3042/6230 pid=635273 rate=0.34s/card eta=18.3m Terrakion - 155/BW-P
  3043/6230 pid=635274 rate=0.34s/card eta=18.3m Throh - 040/BW-P
  3044/6230 pid=635275 rate=0.34s/card eta=18.3m Tool Scrapper - 139/BW-P
  3045/6230 pid=635276 rate=0.34s/card eta=18.3m Tornadus EX - 230/BW-P
  3046/6230 pid=635277 rate=0.34s/card eta=18.3m Trubbish - 135/BW-P
  3047/6230 pid=635278 rate=0.34s/card eta=18.3m Tympole - 191/BW-P
  3048/6230 pid=635279 rate=0.34s/card eta=18.2m Umbreon - 115/BW-P
  3049/6230 pid=635280 rate=0.34s/card eta=18.2m Umbreon - 188/BW-P
  3050/6230 pid=635281 rate=0.34s/card eta=18.2m Vaporeon - 184/BW-P
  3051/6230 pid=635282 rate=0.34s/card eta=18.2m Victini - 109/BW-P
  3052/6230 pid=635283 rate=0.34s/card eta=18.2m Victini - 234/BW-P
  3053/6230 pid=635284 rate=0.34s/card eta=18.2m Virizion - 039/BW-P
  3054/6230 pid=635285 rate=0.34s/card eta=18.2m Virizion - 154/BW-P
  3055/6230 pid=635286 rate=0.34s/card eta=18.2m Volcarona - 119/BW-P
  3056/6230 pid=635287 rate=0.34s/card eta=18.2m Vullaby - 068/BW-P
  3057/6230 pid=635288 rate=0.34s/card eta=18.2m Wartortle - 166/BW-P
  3058/6230 pid=635289 rate=0.34s/card eta=18.2m Watchog - 096/BW-P
  3059/6230 pid=635290 rate=0.34s/card eta=18.2m Whimsicott - 060/BW-P
  3060/6230 pid=635291 rate=0.34s/card eta=18.2m White Kyurem - 217/BW-P
  3061/6230 pid=635292 rate=0.34s/card eta=18.2m Zebstrika - 054/BW-P
  3062/6230 pid=635293 rate=0.34s/card eta=18.2m Zebstrika - 199/BW-P
  3063/6230 pid=635294 rate=0.34s/card eta=18.2m Zekrom - 052/BW-P
  3064/6230 pid=635295 rate=0.34s/card eta=18.2m Zekrom - 111/BW-P
  3065/6230 pid=635296 rate=0.34s/card eta=18.2m Zekrom EX - 159/BW-P
  3066/6230 pid=635297 rate=0.34s/card eta=18.1m Zoroark - 007/BW-P
  3067/6230 pid=635298 rate=0.34s/card eta=18.1m Zoroark - 024/BW-P
  3068/6230 pid=635299 rate=0.34s/card eta=18.1m Zorua - 021/BW-P
  3069/6230 pid=635300 rate=0.34s/card eta=18.1m Zorua - 032/BW-P
  3070/6230 pid=635301 rate=0.34s/card eta=18.1m Zorua - 116/BW-P
  3071/6230 pid=636355 rate=0.34s/card eta=18.1m Snivy - 001/086
  3072/6230 pid=636356 rate=0.34s/card eta=18.1m Servine - 002/086
  3073/6230 pid=636357 rate=0.34s/card eta=18.1m Serperior ex - 003/086
  3074/6230 pid=636358 rate=0.34s/card eta=18.1m Pansage - 004/086
  3075/6230 pid=636359 rate=0.34s/card eta=18.1m Simisage - 005/086
  3076/6230 pid=636360 rate=0.34s/card eta=18.1m Petilil - 006/086
  3077/6230 pid=636361 rate=0.34s/card eta=18.1m Lilligant - 007/086
  3078/6230 pid=636362 rate=0.34s/card eta=18.1m Maractus - 008/086
  3079/6230 pid=636363 rate=0.34s/card eta=18.1m Karrablast - 009/086
  3080/6230 pid=636364 rate=0.34s/card eta=18.1m Foongus - 010/086
  3081/6230 pid=636365 rate=0.34s/card eta=18.1m Amoonguss - 011/086
  3082/6230 pid=636366 rate=0.34s/card eta=18.1m Victini - 012/086
  3083/6230 pid=636367 rate=0.34s/card eta=18.1m Darumaka - 013/086
  3084/6230 pid=636368 rate=0.34s/card eta=18.0m Darmanitan - 014/086
  3085/6230 pid=636369 rate=0.34s/card eta=18.0m Litwick - 015/086
  3086/6230 pid=636370 rate=0.34s/card eta=18.0m Lampent - 016/086
  3087/6230 pid=636371 rate=0.34s/card eta=18.0m Chandelure - 017/086
  3088/6230 pid=636372 rate=0.34s/card eta=18.0m Larvesta - 018/086
  3089/6230 pid=636373 rate=0.34s/card eta=18.0m Volcarona - 019/086
  3090/6230 pid=636374 rate=0.34s/card eta=18.0m Panpour - 020/086
  3091/6230 pid=636375 rate=0.34s/card eta=18.0m Simipour - 021/086
  3092/6230 pid=636376 rate=0.34s/card eta=18.0m Tympole - 022/086
  3093/6230 pid=636377 rate=0.34s/card eta=18.0m Palpitoad - 023/086
  3094/6230 pid=636378 rate=0.34s/card eta=18.0m Seismitoad - 024/086
  3095/6230 pid=636379 rate=0.34s/card eta=18.0m Tirtouga - 025/086
  3096/6230 pid=636380 rate=0.34s/card eta=18.0m Carracosta - 026/086
  3097/6230 pid=636381 rate=0.34s/card eta=18.0m Alomomola - 027/086
  3098/6230 pid=636382 rate=0.34s/card eta=18.0m Cubchoo - 028/086
  3099/6230 pid=636383 rate=0.34s/card eta=18.0m Beartic - 029/086
  3100/6230 pid=636384 rate=0.34s/card eta=18.0m Cryogonal - 030/086
  3101/6230 pid=636385 rate=0.34s/card eta=18.0m Kyurem ex - 031/086
  3102/6230 pid=636386 rate=0.34s/card eta=18.0m Emolga - 032/086
  3103/6230 pid=636387 rate=0.34s/card eta=17.9m Tynamo - 033/086
  3104/6230 pid=636388 rate=0.34s/card eta=17.9m Eelektrik - 034/086
  3105/6230 pid=636389 rate=0.34s/card eta=17.9m Eelektross - 035/086
  3106/6230 pid=636390 rate=0.34s/card eta=17.9m Thundurus - 036/086
  3107/6230 pid=636391 rate=0.34s/card eta=17.9m Zekrom ex - 037/086
  3108/6230 pid=636392 rate=0.34s/card eta=17.9m Munna - 038/086
  3109/6230 pid=636393 rate=0.34s/card eta=17.9m Musharna - 039/086
  3110/6230 pid=636394 rate=0.34s/card eta=17.9m Solosis - 040/086
  3111/6230 pid=636395 rate=0.34s/card eta=17.9m Duosion - 041/086
  3112/6230 pid=636396 rate=0.34s/card eta=17.9m Reuniclus - 042/086
  3113/6230 pid=636397 rate=0.34s/card eta=17.9m Elgyem - 043/086
  3114/6230 pid=636398 rate=0.34s/card eta=17.9m Beheeyem - 044/086
  3115/6230 pid=636399 rate=0.34s/card eta=17.9m Golett - 045/086
  3116/6230 pid=636400 rate=0.34s/card eta=17.9m Golurk - 046/086
  3117/6230 pid=636401 rate=0.34s/card eta=17.9m Meloetta ex - 047/086
  3118/6230 pid=636402 rate=0.34s/card eta=17.9m Drilbur - 048/086
  3119/6230 pid=636403 rate=0.34s/card eta=17.9m Excadrill ex - 049/086
  3120/6230 pid=636404 rate=0.34s/card eta=17.9m Timburr - 050/086
  3121/6230 pid=636405 rate=0.34s/card eta=17.8m Gurdurr - 051/086
  3122/6230 pid=636406 rate=0.34s/card eta=17.8m Conkeldurr - 052/086
  3123/6230 pid=636407 rate=0.34s/card eta=17.8m Throh - 053/086
  3124/6230 pid=636408 rate=0.34s/card eta=17.8m Dwebble - 054/086
  3125/6230 pid=636409 rate=0.34s/card eta=17.8m Crustle - 055/086
  3126/6230 pid=636410 rate=0.34s/card eta=17.8m Landorus - 056/086
  3127/6230 pid=636411 rate=0.34s/card eta=17.8m Venipede - 057/086
  3128/6230 pid=636412 rate=0.34s/card eta=17.8m Whirlipede - 058/086
  3129/6230 pid=636413 rate=0.34s/card eta=17.8m Scolipede - 059/086
  3130/6230 pid=636414 rate=0.34s/card eta=17.8m Sandile - 060/086
  3131/6230 pid=636415 rate=0.34s/card eta=17.8m Krokorok - 061/086
  3132/6230 pid=636416 rate=0.34s/card eta=17.8m Krookodile - 062/086
  3133/6230 pid=636417 rate=0.34s/card eta=17.8m Vullaby - 063/086
  3134/6230 pid=636418 rate=0.34s/card eta=17.8m Mandibuzz - 064/086
  3135/6230 pid=636419 rate=0.34s/card eta=17.8m Escavalier - 065/086
  3136/6230 pid=636420 rate=0.34s/card eta=17.8m Pawniard - 066/086
  3137/6230 pid=636421 rate=0.34s/card eta=17.8m Bisharp - 067/086
  3138/6230 pid=636422 rate=0.34s/card eta=17.8m Cobalion - 068/086
  3139/6230 pid=636423 rate=0.34s/card eta=17.7m Genesect ex - 069/086
  3140/6230 pid=636424 rate=0.34s/card eta=17.7m Axew - 070/086
  3141/6230 pid=636425 rate=0.34s/card eta=17.7m Fraxure - 071/086
  3142/6230 pid=636426 rate=0.34s/card eta=17.7m Haxorus - 072/086
  3143/6230 pid=636427 rate=0.34s/card eta=17.7m Pidove - 073/086
  3144/6230 pid=636428 rate=0.34s/card eta=17.7m Tranquill - 074/086
  3145/6230 pid=636429 rate=0.34s/card eta=17.7m Unfezant - 075/086
  3146/6230 pid=636430 rate=0.34s/card eta=17.7m Audino - 076/086
  3147/6230 pid=636431 rate=0.34s/card eta=17.7m Minccino - 077/086
  3148/6230 pid=636432 rate=0.34s/card eta=17.7m Cinccino - 078/086
  3149/6230 pid=636433 rate=0.34s/card eta=17.7m Energy Coin
  3150/6230 pid=636434 rate=0.34s/card eta=17.7m Antique Cover Fossil
  3151/6230 pid=636435 rate=0.34s/card eta=17.7m Pokegear 3.0
  3152/6230 pid=636436 rate=0.34s/card eta=17.7m Air Balloon
  3153/6230 pid=636437 rate=0.34s/card eta=17.7m N's Plot - 083/086
  3154/6230 pid=636438 rate=0.34s/card eta=17.7m Professor's Research
  3155/6230 pid=636439 rate=0.34s/card eta=17.7m Fennel - 085/086
  3156/6230 pid=636440 rate=0.34s/card eta=17.7m Prism Energy
  3157/6230 pid=636441 rate=0.34s/card eta=17.6m Snivy - 087/086
  3158/6230 pid=636442 rate=0.34s/card eta=17.6m Servine - 088/086
  3159/6230 pid=636443 rate=0.34s/card eta=17.6m Pansage - 089/086
  3160/6230 pid=636444 rate=0.34s/card eta=17.6m Simisage - 090/086
  3161/6230 pid=636445 rate=0.34s/card eta=17.6m Petilil - 091/086
  3162/6230 pid=636446 rate=0.34s/card eta=17.6m Lilligant - 092/086
  3163/6230 pid=636447 rate=0.34s/card eta=17.6m Maractus - 093/086
  3164/6230 pid=636448 rate=0.34s/card eta=17.6m Karrablast - 094/086
  3165/6230 pid=636449 rate=0.34s/card eta=17.6m Foongus - 095/086
  3166/6230 pid=636450 rate=0.34s/card eta=17.6m Amoonguss - 096/086
  3167/6230 pid=636451 rate=0.34s/card eta=17.6m Victini - 097/086
  3168/6230 pid=636452 rate=0.34s/card eta=17.6m Darumaka - 098/086
  3169/6230 pid=636453 rate=0.34s/card eta=17.6m Darmanitan - 099/086
  3170/6230 pid=636454 rate=0.34s/card eta=17.6m Litwick - 100/086
  3171/6230 pid=636455 rate=0.34s/card eta=17.6m Lampent - 101/086
  3172/6230 pid=636456 rate=0.34s/card eta=17.6m Chandelure - 102/086
  3173/6230 pid=636457 rate=0.34s/card eta=17.6m Larvesta - 103/086
  3174/6230 pid=636458 rate=0.34s/card eta=17.5m Volcarona - 104/086
  3175/6230 pid=636459 rate=0.34s/card eta=17.5m Panpour - 105/086
  3176/6230 pid=636460 rate=0.34s/card eta=17.5m Simipour - 106/086
  3177/6230 pid=636461 rate=0.34s/card eta=17.5m Tympole - 107/086
  3178/6230 pid=636462 rate=0.34s/card eta=17.5m Palpitoad - 108/086
  3179/6230 pid=636463 rate=0.34s/card eta=17.5m Seismitoad - 109/086
  3180/6230 pid=636464 rate=0.34s/card eta=17.5m Tirtouga - 110/086
  3181/6230 pid=636465 rate=0.34s/card eta=17.5m Carracosta - 111/086
  3182/6230 pid=636466 rate=0.34s/card eta=17.5m Alomomola - 112/086
  3183/6230 pid=636467 rate=0.34s/card eta=17.5m Cubchoo - 113/086
  3184/6230 pid=636468 rate=0.34s/card eta=17.5m Beartic - 114/086
  3185/6230 pid=636469 rate=0.34s/card eta=17.5m Cryogonal - 115/086
  3186/6230 pid=636470 rate=0.34s/card eta=17.5m Emolga - 116/086
  3187/6230 pid=636471 rate=0.34s/card eta=17.5m Tynamo - 117/086
  3188/6230 pid=636472 rate=0.34s/card eta=17.5m Eelektrik - 118/086
  3189/6230 pid=636473 rate=0.34s/card eta=17.5m Eelektross - 119/086
  3190/6230 pid=636474 rate=0.34s/card eta=17.5m Thundurus - 120/086
  3191/6230 pid=636475 rate=0.34s/card eta=17.5m Munna - 121/086
  3192/6230 pid=636476 rate=0.34s/card eta=17.4m Musharna - 122/086
  3193/6230 pid=636477 rate=0.34s/card eta=17.4m Solosis - 123/086
  3194/6230 pid=636478 rate=0.34s/card eta=17.4m Duosion - 124/086
  3195/6230 pid=636479 rate=0.34s/card eta=17.4m Reuniclus - 125/086
  3196/6230 pid=636480 rate=0.34s/card eta=17.4m Elgyem - 126/086
  3197/6230 pid=636481 rate=0.34s/card eta=17.4m Beheeyem - 127/086
  3198/6230 pid=636482 rate=0.34s/card eta=17.4m Golett - 128/086
  3199/6230 pid=636483 rate=0.34s/card eta=17.4m Golurk - 129/086
  3200/6230 pid=636484 rate=0.34s/card eta=17.4m Drilbur - 130/086
  3201/6230 pid=636485 rate=0.34s/card eta=17.4m Timburr - 131/086
  3202/6230 pid=636486 rate=0.34s/card eta=17.4m Gurdurr - 132/086
  3203/6230 pid=636487 rate=0.34s/card eta=17.4m Conkeldurr - 133/086
  3204/6230 pid=636488 rate=0.34s/card eta=17.4m Throh - 134/086
  3205/6230 pid=636489 rate=0.34s/card eta=17.4m Dwebble - 135/086
  3206/6230 pid=636490 rate=0.34s/card eta=17.4m Crustle - 136/086
  3207/6230 pid=636491 rate=0.34s/card eta=17.4m Landorus - 137/086
  3208/6230 pid=636492 rate=0.34s/card eta=17.4m Venipede - 138/086
  3209/6230 pid=636493 rate=0.34s/card eta=17.4m Whirlipede - 139/086
  3210/6230 pid=636494 rate=0.34s/card eta=17.3m Scolipede - 140/086
  3211/6230 pid=636495 rate=0.34s/card eta=17.3m Sandile - 141/086
  3212/6230 pid=636496 rate=0.34s/card eta=17.3m Krokorok - 142/086
  3213/6230 pid=636497 rate=0.34s/card eta=17.3m Krookodile - 143/086
  3214/6230 pid=636498 rate=0.34s/card eta=17.3m Vullaby - 144/086
  3215/6230 pid=636499 rate=0.34s/card eta=17.3m Mandibuzz - 145/086
  3216/6230 pid=636500 rate=0.34s/card eta=17.3m Escavalier - 146/086
  3217/6230 pid=636501 rate=0.34s/card eta=17.3m Pawniard - 147/086
  3218/6230 pid=636502 rate=0.34s/card eta=17.3m Bisharp - 148/086
  3219/6230 pid=636503 rate=0.34s/card eta=17.3m Cobalion - 149/086
  3220/6230 pid=636504 rate=0.34s/card eta=17.3m Axew - 150/086
  3221/6230 pid=636505 rate=0.34s/card eta=17.3m Fraxure - 151/086
  3222/6230 pid=636506 rate=0.34s/card eta=17.3m Haxorus - 152/086
  3223/6230 pid=636507 rate=0.34s/card eta=17.3m Pidove - 153/086
  3224/6230 pid=636508 rate=0.34s/card eta=17.3m Tranquill - 154/086
  3225/6230 pid=636509 rate=0.34s/card eta=17.3m Unfezant - 155/086
  3226/6230 pid=636510 rate=0.34s/card eta=17.3m Audino - 156/086
  3227/6230 pid=636511 rate=0.34s/card eta=17.3m Minccino - 157/086
  3228/6230 pid=636512 rate=0.34s/card eta=17.2m Cinccino - 158/086
  3229/6230 pid=636513 rate=0.34s/card eta=17.2m Serperior ex - 159/086
  3230/6230 pid=636514 rate=0.34s/card eta=17.2m Kyurem ex - 160/086
  3231/6230 pid=636515 rate=0.34s/card eta=17.2m Zekrom ex - 161/086
  3232/6230 pid=636516 rate=0.34s/card eta=17.2m Meloetta ex - 162/086
  3233/6230 pid=636517 rate=0.34s/card eta=17.2m Excadrill ex - 163/086
  3234/6230 pid=636518 rate=0.34s/card eta=17.2m Genesect ex - 164/086
  3235/6230 pid=636519 rate=0.34s/card eta=17.2m N's Plot - 165/086
  3236/6230 pid=636520 rate=0.34s/card eta=17.2m Fennel - 166/086
  3237/6230 pid=636521 rate=0.34s/card eta=17.2m Serperior ex - 167/086
  3238/6230 pid=636522 rate=0.34s/card eta=17.2m Kyurem ex - 168/086
  3239/6230 pid=636523 rate=0.34s/card eta=17.2m Zekrom ex - 169/086
  3240/6230 pid=636524 rate=0.34s/card eta=17.2m Meloetta ex - 170/086
  3241/6230 pid=636525 rate=0.34s/card eta=17.2m Excadrill ex - 171/086
  3242/6230 pid=636526 rate=0.34s/card eta=17.2m Genesect ex - 172/086
  3243/6230 pid=636527 rate=0.34s/card eta=17.2m N's Plot - 173/086
  3244/6230 pid=636528 rate=0.34s/card eta=17.2m Zekrom ex - 174/086
  3245/6230 pid=636554 rate=0.34s/card eta=17.2m Sewaddle - 001/086
  3246/6230 pid=636555 rate=0.34s/card eta=17.1m Swadloon - 002/086
  3247/6230 pid=636556 rate=0.34s/card eta=17.1m Leavanny - 003/086
  3248/6230 pid=636557 rate=0.34s/card eta=17.1m Cottonee - 004/086
  3249/6230 pid=636558 rate=0.34s/card eta=17.1m Whimsicott ex - 005/086
  3250/6230 pid=636559 rate=0.34s/card eta=17.1m Deerling - 006/086
  3251/6230 pid=636560 rate=0.34s/card eta=17.1m Sawsbuck - 007/086
  3252/6230 pid=636561 rate=0.34s/card eta=17.1m Shelmet - 008/086
  3253/6230 pid=636562 rate=0.34s/card eta=17.1m Accelgor - 009/086
  3254/6230 pid=636563 rate=0.34s/card eta=17.1m Virizion - 010/086
  3255/6230 pid=636564 rate=0.34s/card eta=17.1m Tepig - 011/086
  3256/6230 pid=636565 rate=0.34s/card eta=17.1m Pignite - 012/086
  3257/6230 pid=636566 rate=0.34s/card eta=17.1m Emboar - 013/086
  3258/6230 pid=636567 rate=0.34s/card eta=17.1m Pansear - 014/086
  3259/6230 pid=636568 rate=0.34s/card eta=17.1m Simisear - 015/086
  3260/6230 pid=636569 rate=0.34s/card eta=17.1m Heatmor - 016/086
  3261/6230 pid=636570 rate=0.34s/card eta=17.1m Reshiram ex - 017/086
  3262/6230 pid=636571 rate=0.34s/card eta=17.1m Oshawott - 018/086
  3263/6230 pid=636572 rate=0.34s/card eta=17.1m Dewott - 019/086
  3264/6230 pid=636573 rate=0.34s/card eta=17.0m Samurott - 020/086
  3265/6230 pid=636574 rate=0.34s/card eta=17.0m Basculin - 021/086
  3266/6230 pid=636575 rate=0.34s/card eta=17.0m Ducklett - 022/086
  3267/6230 pid=636576 rate=0.34s/card eta=17.0m Swanna - 023/086
  3268/6230 pid=636577 rate=0.34s/card eta=17.0m Vanillite - 024/086
  3269/6230 pid=636578 rate=0.34s/card eta=17.0m Vanillish - 025/086
  3270/6230 pid=636579 rate=0.34s/card eta=17.0m Vanilluxe - 026/086
  3271/6230 pid=636580 rate=0.34s/card eta=17.0m Keldeo ex - 027/086
  3272/6230 pid=636581 rate=0.34s/card eta=17.0m Blitzle - 028/086
  3273/6230 pid=636582 rate=0.34s/card eta=17.0m Zebstrika - 029/086
  3274/6230 pid=636583 rate=0.34s/card eta=17.0m Joltik - 030/086
  3275/6230 pid=636584 rate=0.34s/card eta=17.0m Galvantula - 031/086
  3276/6230 pid=636585 rate=0.34s/card eta=17.0m Stunfisk - 032/086
  3277/6230 pid=636586 rate=0.34s/card eta=17.0m Woobat - 033/086
  3278/6230 pid=636587 rate=0.34s/card eta=17.0m Swoobat - 034/086
  3279/6230 pid=636588 rate=0.34s/card eta=17.0m Sigilyph - 035/086
  3280/6230 pid=636589 rate=0.34s/card eta=17.0m Yamask - 036/086
  3281/6230 pid=636590 rate=0.34s/card eta=17.0m Cofagrigus - 037/086
  3282/6230 pid=636591 rate=0.34s/card eta=16.9m Gothita - 038/086
  3283/6230 pid=636592 rate=0.34s/card eta=16.9m Gothorita - 039/086
  3284/6230 pid=636593 rate=0.34s/card eta=16.9m Gothitelle - 040/086
  3285/6230 pid=636594 rate=0.34s/card eta=16.9m Frillish - 041/086
  3286/6230 pid=636595 rate=0.34s/card eta=16.9m Jellicent ex - 042/086
  3287/6230 pid=636596 rate=0.34s/card eta=16.9m Roggenrola - 043/086
  3288/6230 pid=636597 rate=0.34s/card eta=16.9m Boldore - 044/086
  3289/6230 pid=636598 rate=0.34s/card eta=16.9m Gigalith - 045/086
  3290/6230 pid=636599 rate=0.34s/card eta=16.9m Sawk - 046/086
  3291/6230 pid=636600 rate=0.34s/card eta=16.9m Archen - 047/086
  3292/6230 pid=636601 rate=0.34s/card eta=16.9m Archeops - 048/086
  3293/6230 pid=636602 rate=0.34s/card eta=16.9m Mienfoo - 049/086
  3294/6230 pid=636603 rate=0.34s/card eta=16.9m Mienshao - 050/086
  3295/6230 pid=636604 rate=0.35s/card eta=16.9m Terrakion - 051/086
  3296/6230 pid=636605 rate=0.35s/card eta=16.9m Purrloin - 052/086
  3297/6230 pid=636606 rate=0.35s/card eta=16.9m Liepard - 053/086
  3298/6230 pid=636607 rate=0.35s/card eta=16.9m Scraggy - 054/086
  3299/6230 pid=636608 rate=0.35s/card eta=16.9m Scrafty - 055/086
  3300/6230 pid=636609 rate=0.35s/card eta=16.9m Trubbish - 056/086
  3301/6230 pid=636610 rate=0.35s/card eta=16.9m Garbodor - 057/086
  3302/6230 pid=636611 rate=0.35s/card eta=16.9m Zorua - 058/086
  3303/6230 pid=636612 rate=0.35s/card eta=16.9m Zoroark - 059/086
  3304/6230 pid=636613 rate=0.35s/card eta=16.9m Deino - 060/086
  3305/6230 pid=636614 rate=0.35s/card eta=16.9m Zweilous - 061/086
  3306/6230 pid=636615 rate=0.35s/card eta=16.9m Hydreigon ex - 062/086
  3307/6230 pid=636616 rate=0.35s/card eta=16.8m Ferroseed - 063/086
  3308/6230 pid=636617 rate=0.35s/card eta=16.8m Ferrothorn - 064/086
  3309/6230 pid=636618 rate=0.35s/card eta=16.8m Klink - 065/086
  3310/6230 pid=636619 rate=0.35s/card eta=16.8m Klang - 066/086
  3311/6230 pid=636620 rate=0.35s/card eta=16.8m Klinklang - 067/086
  3312/6230 pid=636621 rate=0.35s/card eta=16.8m Durant - 068/086
  3313/6230 pid=636622 rate=0.35s/card eta=16.8m Druddigon - 069/086
  3314/6230 pid=636623 rate=0.35s/card eta=16.8m Patrat - 070/086
  3315/6230 pid=636624 rate=0.35s/card eta=16.8m Watchog - 071/086
  3316/6230 pid=636625 rate=0.35s/card eta=16.8m Lillipup - 072/086
  3317/6230 pid=636626 rate=0.35s/card eta=16.8m Herdier - 073/086
  3318/6230 pid=636627 rate=0.35s/card eta=16.8m Stoutland - 074/086
  3319/6230 pid=636628 rate=0.35s/card eta=16.8m Bouffalant ex - 075/086
  3320/6230 pid=636629 rate=0.35s/card eta=16.8m Rufflet - 076/086
  3321/6230 pid=636630 rate=0.35s/card eta=16.8m Braviary - 077/086
  3322/6230 pid=636631 rate=0.35s/card eta=16.8m Tornadus - 078/086
  3323/6230 pid=636632 rate=0.35s/card eta=16.8m Energy Retrieval
  3324/6230 pid=636633 rate=0.35s/card eta=16.8m Tool Scrapper
  3325/6230 pid=636634 rate=0.35s/card eta=16.8m Antique Plume Fossil
  3326/6230 pid=636635 rate=0.35s/card eta=16.8m Brave Bangle
  3327/6230 pid=636636 rate=0.35s/card eta=16.8m Harlequin - 083/086
  3328/6230 pid=636637 rate=0.35s/card eta=16.8m Cheren
  3329/6230 pid=636638 rate=0.35s/card eta=16.8m Hilda - 085/086
  3330/6230 pid=636639 rate=0.35s/card eta=16.8m Ignition Energy
  3331/6230 pid=636640 rate=0.35s/card eta=16.7m Sewaddle - 087/086
  3332/6230 pid=636641 rate=0.35s/card eta=16.7m Swadloon - 088/086
  3333/6230 pid=636642 rate=0.35s/card eta=16.7m Leavanny - 089/086
  3334/6230 pid=636643 rate=0.35s/card eta=16.7m Cottonee - 090/086
  3335/6230 pid=636644 rate=0.35s/card eta=16.7m Deerling - 091/086
  3336/6230 pid=636645 rate=0.35s/card eta=16.7m Sawsbuck - 092/086
  3337/6230 pid=636646 rate=0.35s/card eta=16.7m Shelmet - 093/086
  3338/6230 pid=636647 rate=0.35s/card eta=16.7m Accelgor - 094/086
  3339/6230 pid=636648 rate=0.35s/card eta=16.7m Virizion - 095/086
  3340/6230 pid=636649 rate=0.35s/card eta=16.7m Tepig - 096/086
  3341/6230 pid=636650 rate=0.35s/card eta=16.7m Pignite - 097/086
  3342/6230 pid=636651 rate=0.35s/card eta=16.7m Emboar - 098/086
  3343/6230 pid=636652 rate=0.35s/card eta=16.7m Pansear - 099/086
  3344/6230 pid=636653 rate=0.35s/card eta=16.7m Simisear - 100/086
  3345/6230 pid=636654 rate=0.35s/card eta=16.7m Heatmor - 101/086
  3346/6230 pid=636655 rate=0.35s/card eta=16.7m Oshawott - 102/086
  3347/6230 pid=636656 rate=0.35s/card eta=16.7m Dewott - 103/086
  3348/6230 pid=636657 rate=0.35s/card eta=16.7m Samurott - 104/086
  3349/6230 pid=636658 rate=0.35s/card eta=16.7m Basculin - 105/086
  3350/6230 pid=636659 rate=0.35s/card eta=16.7m Ducklett - 106/086
  3351/6230 pid=636660 rate=0.35s/card eta=16.7m Swanna - 107/086
  3352/6230 pid=636661 rate=0.35s/card eta=16.7m Vanillite - 108/086
  3353/6230 pid=636662 rate=0.35s/card eta=16.6m Vanillish - 109/086
  3354/6230 pid=636663 rate=0.35s/card eta=16.6m Vanilluxe - 110/086
  3355/6230 pid=636664 rate=0.35s/card eta=16.6m Blitzle - 111/086
  3356/6230 pid=636665 rate=0.35s/card eta=16.6m Zebstrika - 112/086
  3357/6230 pid=636666 rate=0.35s/card eta=16.6m Joltik - 113/086
  3358/6230 pid=636667 rate=0.35s/card eta=16.6m Galvantula - 114/086
  3359/6230 pid=636668 rate=0.35s/card eta=16.6m Stunfisk - 115/086
  3360/6230 pid=636669 rate=0.35s/card eta=16.6m Woobat - 116/086
  3361/6230 pid=636670 rate=0.35s/card eta=16.6m Swoobat - 117/086
  3362/6230 pid=636671 rate=0.35s/card eta=16.6m Sigilyph - 118/086
  3363/6230 pid=636672 rate=0.35s/card eta=16.6m Yamask - 119/086
  3364/6230 pid=636673 rate=0.35s/card eta=16.6m Cofagrigus - 120/086
  3365/6230 pid=636674 rate=0.35s/card eta=16.6m Gothita - 121/086
  3366/6230 pid=636675 rate=0.35s/card eta=16.6m Gothorita - 122/086
  3367/6230 pid=636676 rate=0.35s/card eta=16.6m Gothitelle - 123/086
  3368/6230 pid=636677 rate=0.35s/card eta=16.6m Frillish - 124/086
  3369/6230 pid=636678 rate=0.35s/card eta=16.6m Roggenrola - 125/086
  3370/6230 pid=636679 rate=0.35s/card eta=16.6m Boldore - 126/086
  3371/6230 pid=636680 rate=0.35s/card eta=16.6m Gigalith - 127/086
  3372/6230 pid=636681 rate=0.35s/card eta=16.6m Sawk - 128/086
  3373/6230 pid=636682 rate=0.35s/card eta=16.5m Archen - 129/086
  3374/6230 pid=636683 rate=0.35s/card eta=16.5m Archeops - 130/086
  3375/6230 pid=636684 rate=0.35s/card eta=16.5m Mienfoo - 131/086
  3376/6230 pid=636685 rate=0.35s/card eta=16.5m Mienshao - 132/086
  3377/6230 pid=636686 rate=0.35s/card eta=16.5m Terrakion - 133/086
  3378/6230 pid=636687 rate=0.35s/card eta=16.5m Purrloin - 134/086
  3379/6230 pid=636688 rate=0.35s/card eta=16.5m Liepard - 135/086
  3380/6230 pid=636689 rate=0.35s/card eta=16.5m Scraggy - 136/086
  3381/6230 pid=636690 rate=0.35s/card eta=16.5m Scrafty - 137/086
  3382/6230 pid=636691 rate=0.35s/card eta=16.5m Trubbish - 138/086
  3383/6230 pid=636692 rate=0.35s/card eta=16.5m Garbodor - 139/086
  3384/6230 pid=636693 rate=0.35s/card eta=16.5m Zorua - 140/086
  3385/6230 pid=636694 rate=0.35s/card eta=16.5m Zoroark - 141/086
  3386/6230 pid=636695 rate=0.35s/card eta=16.5m Deino - 142/086
  3387/6230 pid=636696 rate=0.35s/card eta=16.5m Zweilous - 143/086
  3388/6230 pid=636697 rate=0.35s/card eta=16.5m Ferroseed - 144/086
  3389/6230 pid=636698 rate=0.35s/card eta=16.5m Ferrothorn - 145/086
  3390/6230 pid=636699 rate=0.35s/card eta=16.5m Klink - 146/086
  3391/6230 pid=636700 rate=0.35s/card eta=16.5m Klang - 147/086
  3392/6230 pid=636701 rate=0.35s/card eta=16.4m Klinklang - 148/086
  3393/6230 pid=636702 rate=0.35s/card eta=16.4m Durant - 149/086
  3394/6230 pid=636703 rate=0.35s/card eta=16.4m Druddigon - 150/086
  3395/6230 pid=636704 rate=0.35s/card eta=16.4m Patrat - 151/086
  3396/6230 pid=636705 rate=0.35s/card eta=16.4m Watchog - 152/086
  3397/6230 pid=636706 rate=0.35s/card eta=16.4m Lillipup - 153/086
  3398/6230 pid=636707 rate=0.35s/card eta=16.4m Herdier - 154/086
  3399/6230 pid=636708 rate=0.35s/card eta=16.4m Stoutland - 155/086
  3400/6230 pid=636709 rate=0.35s/card eta=16.4m Rufflet - 156/086
  3401/6230 pid=636710 rate=0.35s/card eta=16.4m Braviary - 157/086
  3402/6230 pid=636711 rate=0.35s/card eta=16.4m Tornadus - 158/086
  3403/6230 pid=636712 rate=0.35s/card eta=16.4m Whimsicott ex - 159/086
  3404/6230 pid=636713 rate=0.35s/card eta=16.4m Reshiram ex - 160/086
  3405/6230 pid=636714 rate=0.35s/card eta=16.4m Keldeo ex - 161/086
  3406/6230 pid=636715 rate=0.35s/card eta=16.4m Jellicent ex - 162/086
  3407/6230 pid=636716 rate=0.35s/card eta=16.4m Hydreigon ex - 163/086
  3408/6230 pid=636717 rate=0.35s/card eta=16.4m Bouffalant ex - 164/086
  3409/6230 pid=636718 rate=0.35s/card eta=16.4m Harlequin - 165/086
  3410/6230 pid=636719 rate=0.35s/card eta=16.4m Hilda - 166/086
  3411/6230 pid=636720 rate=0.35s/card eta=16.4m Whimsicott ex - 167/086
  3412/6230 pid=636721 rate=0.35s/card eta=16.3m Reshiram ex - 168/086
  3413/6230 pid=636722 rate=0.35s/card eta=16.3m Keldeo ex - 169/086
  3414/6230 pid=636723 rate=0.35s/card eta=16.3m Jellicent ex - 170/086
  3415/6230 pid=636724 rate=0.35s/card eta=16.3m Hydreigon ex - 171/086
  3416/6230 pid=636725 rate=0.35s/card eta=16.3m Bouffalant ex - 172/086
  3417/6230 pid=636726 rate=0.35s/card eta=16.3m Hilda - 173/086
  3418/6230 pid=636727 rate=0.35s/card eta=16.3m Reshiram ex - 174/086
  3419/6230 pid=636728 rate=0.35s/card eta=16.3m Basic Grass Energy - 022/DPt-P
  3420/6230 pid=636729 rate=0.35s/card eta=16.3m Basic Fire Energy - 023/DPt-P
  3421/6230 pid=636730 rate=0.35s/card eta=16.3m Basic Water Energy - 024/DPt-P
  3422/6230 pid=636731 rate=0.35s/card eta=16.3m Basic Lightning Energy - 025/DPt-P
  3423/6230 pid=636732 rate=0.35s/card eta=16.3m Basic Psychic Energy - 026/DPt-P
  3424/6230 pid=636733 rate=0.35s/card eta=16.3m Basic Fighting Energy - 027/DPt-P
  3425/6230 pid=636734 rate=0.35s/card eta=16.3m Basic Darkness Energy - 028/DPt-P
  3426/6230 pid=636735 rate=0.35s/card eta=16.3m Basic Metal Energy - 029/DPt-P
  3427/6230 pid=636736 rate=0.35s/card eta=16.3m Black Bolt Booster Pack
  3428/6230 pid=636737 rate=0.35s/card eta=16.3m White Flare Booster Pack
  3429/6230 pid=636738 rate=0.35s/card eta=16.3m White Flare Deluxe Booster Pack
  3430/6230 pid=636739 rate=0.35s/card eta=16.2m Black Bolt Deluxe Booster Pack
  3431/6230 pid=637384 rate=0.35s/card eta=16.2m Black Bolt Booster Box
  3432/6230 pid=637386 rate=0.35s/card eta=16.2m White Flare Booster Box
  3433/6230 pid=637445 rate=0.35s/card eta=16.2m Black Bolt & White Flare Card File Set
  3434/6230 pid=638076 rate=0.35s/card eta=16.2m Matchless Fighters Klara and Avery Set
  3435/6230 pid=638220 rate=0.35s/card eta=16.2m Basic Lightning Energy
  3436/6230 pid=638221 rate=0.35s/card eta=16.2m Basic Grass Energy
  3437/6230 pid=638222 rate=0.35s/card eta=16.2m Basic Water Energy
  3438/6230 pid=638223 rate=0.35s/card eta=16.2m Basic Fire Energy
  3439/6230 pid=638224 rate=0.35s/card eta=16.2m Basic Psychic Energy
  3440/6230 pid=638225 rate=0.35s/card eta=16.2m Basic Fighting Energy
  3441/6230 pid=638226 rate=0.35s/card eta=16.2m Basic Darkness Energy
  3442/6230 pid=638227 rate=0.35s/card eta=16.2m Basic Metal Energy
  3443/6230 pid=638934 rate=0.35s/card eta=16.2m Sword and Shield Precious Collector Box
  3444/6230 pid=639660 rate=0.35s/card eta=16.2m Team Rocket's Giovanni - 270/SV-P
  3445/6230 pid=639889 rate=0.35s/card eta=16.2m Basic Grass Energy
  3446/6230 pid=639890 rate=0.35s/card eta=16.2m Basic Fire Energy
  3447/6230 pid=639892 rate=0.35s/card eta=16.2m Basic Water Energy
  3448/6230 pid=639893 rate=0.35s/card eta=16.1m Basic Lightning Energy
  3449/6230 pid=639894 rate=0.35s/card eta=16.1m Basic Psychic Energy
  3450/6230 pid=639896 rate=0.35s/card eta=16.1m Basic Fighting Energy
  3451/6230 pid=639897 rate=0.35s/card eta=16.1m Basic Darkness Energy
  3452/6230 pid=639898 rate=0.35s/card eta=16.1m Basic Metal Energy
  3453/6230 pid=641826 rate=0.35s/card eta=16.1m Basic Grass Energy - 028/BW-P
  3454/6230 pid=641827 rate=0.35s/card eta=16.1m Basic Water Energy - 029/BW-P
  3455/6230 pid=641828 rate=0.35s/card eta=16.1m Basic Psychic Energy - 030/BW-P
  3456/6230 pid=641829 rate=0.35s/card eta=16.1m Basic Metal Energy - 031/BW-P
  3457/6230 pid=641830 rate=0.35s/card eta=16.1m Basic Grass Energy - 140/BW-P
  3458/6230 pid=641833 rate=0.35s/card eta=16.1m Basic Water Energy - 141/BW-P
  3459/6230 pid=641834 rate=0.35s/card eta=16.1m Basic Psychic Energy - 142/BW-P
  3460/6230 pid=641835 rate=0.35s/card eta=16.1m Basic Metal Energy - 143/BW-P
  3461/6230 pid=641890 rate=0.35s/card eta=16.1m Bianca
  3462/6230 pid=641893 rate=0.35s/card eta=16.1m Bianca
  3463/6230 pid=643120 rate=0.35s/card eta=16.1m Victini - 288/SV-P
  3464/6230 pid=643132 rate=0.35s/card eta=16.1m Generations Start Deck - Pikachu ex & Sn
  3465/6230 pid=643133 rate=0.35s/card eta=16.0m Generations Start Deck - Lugia ex & Tyra
  3466/6230 pid=643134 rate=0.35s/card eta=16.0m Generations Start Deck - Kyogre ex & Bla
  3467/6230 pid=643135 rate=0.35s/card eta=16.0m Generations Start Deck - Dialga ex & Luc
  3468/6230 pid=643136 rate=0.35s/card eta=16.0m Generations Start Deck - Reshiram ex & A
  3469/6230 pid=643137 rate=0.35s/card eta=16.0m Generations Start Deck - Xerneas ex & No
  3470/6230 pid=643138 rate=0.35s/card eta=16.0m Generations Start Deck - Tapu Koko ex & 
  3471/6230 pid=643139 rate=0.35s/card eta=16.0m Generations Start Deck - Zacian ex & Alc
  3472/6230 pid=643140 rate=0.35s/card eta=16.0m Generations Start Deck - Koraidon ex & P
  3473/6230 pid=643721 rate=0.35s/card eta=16.0m Celebi - 007/P
  3474/6230 pid=644687 rate=0.35s/card eta=16.0m Cheren - 279/SV-P
  3475/6230 pid=644826 rate=0.35s/card eta=16.0m Start Deck 100 Display
  3476/6230 pid=644827 rate=0.35s/card eta=16.0m Start Deck 100
  3477/6230 pid=646893 rate=0.35s/card eta=16.0m Altaria - 162/XY-P
  3478/6230 pid=647110 rate=0.35s/card eta=16.0m Bulbasaur - 001/063
  3479/6230 pid=647111 rate=0.35s/card eta=16.0m Ivysaur - 002/063
  3480/6230 pid=647112 rate=0.35s/card eta=16.0m Mega Venusaur ex - 003/063
  3481/6230 pid=647113 rate=0.35s/card eta=16.0m Exeggcute
  3482/6230 pid=647114 rate=0.35s/card eta=16.0m Exeggutor - 005/063
  3483/6230 pid=647115 rate=0.35s/card eta=15.9m Celebi
  3484/6230 pid=647116 rate=0.35s/card eta=15.9m Seedot
  3485/6230 pid=647117 rate=0.35s/card eta=15.9m Nuzleaf
  3486/6230 pid=647118 rate=0.35s/card eta=15.9m Shiftry
  3487/6230 pid=647119 rate=0.35s/card eta=15.9m Vulpix - 010/063
  3488/6230 pid=647120 rate=0.35s/card eta=15.9m Ninetales
  3489/6230 pid=647121 rate=0.35s/card eta=15.9m Numel
  3490/6230 pid=647122 rate=0.35s/card eta=15.9m Mega Camerupt ex - 013/063
  3491/6230 pid=647123 rate=0.35s/card eta=15.9m Volcanion
  3492/6230 pid=647124 rate=0.35s/card eta=15.9m Scorbunny
  3493/6230 pid=647125 rate=0.35s/card eta=15.9m Raboot
  3494/6230 pid=647126 rate=0.35s/card eta=15.9m Cinderace
  3495/6230 pid=647127 rate=0.35s/card eta=15.9m Corphish
  3496/6230 pid=647128 rate=0.35s/card eta=15.9m Gimmighoul
  3497/6230 pid=647129 rate=0.35s/card eta=15.9m Sandshrew
  3498/6230 pid=647130 rate=0.35s/card eta=15.9m Sandslash
  3499/6230 pid=647131 rate=0.35s/card eta=15.9m Onix
  3500/6230 pid=647132 rate=0.35s/card eta=15.9m Tyrogue
  3501/6230 pid=647133 rate=0.35s/card eta=15.8m Makuhita
  3502/6230 pid=647134 rate=0.35s/card eta=15.8m Hariyama
  3503/6230 pid=647135 rate=0.35s/card eta=15.8m Lunatone
  3504/6230 pid=647136 rate=0.35s/card eta=15.8m Solrock
  3505/6230 pid=647137 rate=0.35s/card eta=15.8m Riolu - 028/063
  3506/6230 pid=647138 rate=0.35s/card eta=15.8m Mega Lucario ex - 029/063
  3507/6230 pid=647139 rate=0.35s/card eta=15.8m Croagunk
  3508/6230 pid=647140 rate=0.35s/card eta=15.8m Toxicroak
  3509/6230 pid=647141 rate=0.35s/card eta=15.8m Marshadow - 032/063
  3510/6230 pid=647142 rate=0.35s/card eta=15.8m Stonjourner
  3511/6230 pid=647143 rate=0.35s/card eta=15.8m Nacli
  3512/6230 pid=647144 rate=0.35s/card eta=15.8m Naclstack
  3513/6230 pid=647145 rate=0.35s/card eta=15.8m Garganacl - 036/063
  3514/6230 pid=647146 rate=0.35s/card eta=15.8m Crawdaunt
  3515/6230 pid=647147 rate=0.35s/card eta=15.8m Mega Absol ex - 038/063
  3516/6230 pid=647148 rate=0.35s/card eta=15.8m Spiritomb - 039/063
  3517/6230 pid=647149 rate=0.35s/card eta=15.8m Yveltal
  3518/6230 pid=647150 rate=0.35s/card eta=15.7m Nickit
  3519/6230 pid=647151 rate=0.35s/card eta=15.7m Thievul
  3520/6230 pid=647152 rate=0.35s/card eta=15.7m Shroodle - 043/063
  3521/6230 pid=647153 rate=0.35s/card eta=15.7m Grafaiai
  3522/6230 pid=647154 rate=0.35s/card eta=15.7m Steelix - 045/063
  3523/6230 pid=647155 rate=0.35s/card eta=15.7m Mega Mawile ex - 046/063
  3524/6230 pid=647156 rate=0.35s/card eta=15.7m Dialga
  3525/6230 pid=647157 rate=0.35s/card eta=15.7m Tinkatink
  3526/6230 pid=647158 rate=0.35s/card eta=15.7m Tinkatuff
  3527/6230 pid=647159 rate=0.35s/card eta=15.7m Tinkaton
  3528/6230 pid=647160 rate=0.35s/card eta=15.7m Gholdengo
  3529/6230 pid=647161 rate=0.35s/card eta=15.7m Spearow - 052/063
  3530/6230 pid=647162 rate=0.35s/card eta=15.7m Fearow
  3531/6230 pid=647163 rate=0.35s/card eta=15.7m Miltank
  3532/6230 pid=647164 rate=0.35s/card eta=15.7m Yungoos
  3533/6230 pid=647165 rate=0.35s/card eta=15.7m Gumshoos - 056/063
  3534/6230 pid=647166 rate=0.35s/card eta=15.7m Iron X Defense
  3535/6230 pid=647167 rate=0.35s/card eta=15.7m Premium Power Pro - 058/063
  3536/6230 pid=647168 rate=0.35s/card eta=15.6m Fight Gong - 059/063
  3537/6230 pid=647169 rate=0.35s/card eta=15.6m Repel
  3538/6230 pid=647170 rate=0.35s/card eta=15.6m Lt. Surge's Deal - 061/063
  3539/6230 pid=647171 rate=0.35s/card eta=15.6m Lillie's Determination - 062/063
  3540/6230 pid=647172 rate=0.35s/card eta=15.6m Dangerous Ruins
  3541/6230 pid=647173 rate=0.35s/card eta=15.6m Bulbasaur - 064/063
  3542/6230 pid=647174 rate=0.35s/card eta=15.6m Ivysaur - 065/063
  3543/6230 pid=647175 rate=0.35s/card eta=15.6m Exeggutor - 066/063
  3544/6230 pid=647176 rate=0.35s/card eta=15.6m Vulpix - 067/063
  3545/6230 pid=647177 rate=0.35s/card eta=15.6m Riolu - 068/063
  3546/6230 pid=647178 rate=0.35s/card eta=15.6m Marshadow - 069/063
  3547/6230 pid=647179 rate=0.35s/card eta=15.6m Garganacl - 070/063
  3548/6230 pid=647180 rate=0.35s/card eta=15.6m Spiritomb - 071/063
  3549/6230 pid=647181 rate=0.35s/card eta=15.6m Shroodle - 072/063
  3550/6230 pid=647182 rate=0.35s/card eta=15.6m Steelix - 073/063
  3551/6230 pid=647183 rate=0.35s/card eta=15.6m Spearow - 074/063
  3552/6230 pid=647184 rate=0.35s/card eta=15.6m Gumshoos - 075/063
  3553/6230 pid=647185 rate=0.35s/card eta=15.5m Mega Venusaur ex - 076/063
  3554/6230 pid=647186 rate=0.35s/card eta=15.5m Mega Camerupt ex - 077/063
  3555/6230 pid=647187 rate=0.35s/card eta=15.5m Mega Lucario ex - 078/063
  3556/6230 pid=647188 rate=0.35s/card eta=15.5m Mega Absol ex - 079/063
  3557/6230 pid=647189 rate=0.35s/card eta=15.5m Mega Mawile ex - 080/063
  3558/6230 pid=647190 rate=0.35s/card eta=15.5m Premium Power Pro - 081/063
  3559/6230 pid=647191 rate=0.35s/card eta=15.5m Fight Gong - 082/063
  3560/6230 pid=647192 rate=0.35s/card eta=15.5m Night Stretcher
  3561/6230 pid=647193 rate=0.35s/card eta=15.5m Air Balloon
  3562/6230 pid=647194 rate=0.35s/card eta=15.5m Lt. Surge's Deal - 085/063
  3563/6230 pid=647195 rate=0.35s/card eta=15.5m Lillie's Determination - 086/063
  3564/6230 pid=647196 rate=0.35s/card eta=15.5m Mega Venusaur ex - 087/063
  3565/6230 pid=647197 rate=0.35s/card eta=15.5m Mega Lucario ex - 088/063
  3566/6230 pid=647198 rate=0.35s/card eta=15.5m Mega Absol ex - 089/063
  3567/6230 pid=647199 rate=0.35s/card eta=15.5m Lt. Surge's Deal - 090/063
  3568/6230 pid=647200 rate=0.35s/card eta=15.5m Lillie's Determination - 091/063
  3569/6230 pid=647201 rate=0.35s/card eta=15.5m Mega Lucario ex - 092/063
  3570/6230 pid=647202 rate=0.35s/card eta=15.5m Rare Candy
  3571/6230 pid=647203 rate=0.35s/card eta=15.4m Buddy-Buddy Poffin
  3572/6230 pid=647204 rate=0.35s/card eta=15.4m Mega Gardevoir ex - 042/063
  3573/6230 pid=647205 rate=0.35s/card eta=15.4m Mega Gardevoir ex - 078/063
  3574/6230 pid=647206 rate=0.35s/card eta=15.4m Mega Gardevoir ex - 087/063
  3575/6230 pid=647207 rate=0.35s/card eta=15.4m Mega Gardevoir ex - 092/063
  3576/6230 pid=647208 rate=0.35s/card eta=15.4m Sobble
  3577/6230 pid=647209 rate=0.35s/card eta=15.4m Drizzile
  3578/6230 pid=647210 rate=0.35s/card eta=15.4m Inteleon - 023/063
  3579/6230 pid=647211 rate=0.35s/card eta=15.4m Inteleon - 069/063
  3580/6230 pid=647212 rate=0.35s/card eta=15.4m Pachirisu
  3581/6230 pid=647213 rate=0.35s/card eta=15.4m Ralts
  3582/6230 pid=647214 rate=0.35s/card eta=15.4m Kirlia
  3583/6230 pid=647215 rate=0.35s/card eta=15.4m Mega Latias ex - 049/063
  3584/6230 pid=647216 rate=0.35s/card eta=15.4m Mega Latias ex - 079/063
  3585/6230 pid=647217 rate=0.35s/card eta=15.4m Mega Latias ex - 088/063
  3586/6230 pid=647218 rate=0.35s/card eta=15.4m Latios
  3587/6230 pid=647219 rate=0.35s/card eta=15.4m Mega Signal - 058/063
  3588/6230 pid=647220 rate=0.35s/card eta=15.3m Mega Signal - 083/063
  3589/6230 pid=647221 rate=0.35s/card eta=15.3m Wally's Compassion - 060/063
  3590/6230 pid=647222 rate=0.35s/card eta=15.3m Wally's Compassion - 085/063
  3591/6230 pid=647223 rate=0.35s/card eta=15.3m Wally's Compassion - 091/063
  3592/6230 pid=647224 rate=0.35s/card eta=15.3m Mystery Garden - 063/063
  3593/6230 pid=647225 rate=0.35s/card eta=15.3m Mystery Garden - 086/063
  3594/6230 pid=647226 rate=0.35s/card eta=15.3m Nincada
  3595/6230 pid=647227 rate=0.35s/card eta=15.3m Ninjask - 008/063
  3596/6230 pid=647228 rate=0.35s/card eta=15.3m Ninjask - 065/063
  3597/6230 pid=647229 rate=0.35s/card eta=15.3m Shedinja - 043/063
  3598/6230 pid=647230 rate=0.35s/card eta=15.3m Shedinja - 072/063
  3599/6230 pid=647231 rate=0.35s/card eta=15.3m Abra
  3600/6230 pid=647232 rate=0.35s/card eta=15.3m Kadabra
  3601/6230 pid=647233 rate=0.35s/card eta=15.3m Alakazam - 038/063
  3602/6230 pid=647234 rate=0.35s/card eta=15.3m Alakazam - 071/063
  3603/6230 pid=647235 rate=0.35s/card eta=15.3m Acerola's Mischief - 059/063
  3604/6230 pid=647236 rate=0.35s/card eta=15.3m Acerola's Mischief - 084/063
  3605/6230 pid=647237 rate=0.35s/card eta=15.3m Acerola's Mischief - 090/063
  3606/6230 pid=647238 rate=0.35s/card eta=15.2m Mega Kangaskhan ex - 051/063
  3607/6230 pid=647239 rate=0.35s/card eta=15.2m Mega Kangaskhan ex - 080/063
  3608/6230 pid=647240 rate=0.35s/card eta=15.2m Mega Kangaskhan ex - 089/063
  3609/6230 pid=647241 rate=0.35s/card eta=15.2m Kyogre
  3610/6230 pid=647242 rate=0.35s/card eta=15.2m Chikorita
  3611/6230 pid=647243 rate=0.35s/card eta=15.2m Bayleef
  3612/6230 pid=647244 rate=0.35s/card eta=15.2m Meganium
  3613/6230 pid=647245 rate=0.35s/card eta=15.2m Snover - 017/063
  3614/6230 pid=647246 rate=0.35s/card eta=15.2m Snover - 067/063
  3615/6230 pid=647247 rate=0.35s/card eta=15.2m Mega Abomasnow ex - 018/063
  3616/6230 pid=647248 rate=0.35s/card eta=15.2m Mega Abomasnow ex - 076/063
  3617/6230 pid=647249 rate=0.35s/card eta=15.2m Electrike
  3618/6230 pid=647250 rate=0.35s/card eta=15.2m Mega Manectric ex - 032/063
  3619/6230 pid=647251 rate=0.35s/card eta=15.2m Mega Manectric ex - 077/063
  3620/6230 pid=647252 rate=0.35s/card eta=15.2m Suspicious Watch
  3621/6230 pid=647253 rate=0.35s/card eta=15.2m Vitality Forest
  3622/6230 pid=647254 rate=0.35s/card eta=15.2m Surfing Beach
  3623/6230 pid=647255 rate=0.35s/card eta=15.1m Delibird - 052/063
  3624/6230 pid=647256 rate=0.35s/card eta=15.1m Delibird - 074/063
  3625/6230 pid=647257 rate=0.35s/card eta=15.1m Jynx
  3626/6230 pid=647258 rate=0.35s/card eta=15.1m Tangela
  3627/6230 pid=647259 rate=0.35s/card eta=15.1m Tangrowth
  3628/6230 pid=647260 rate=0.35s/card eta=15.1m Shuckle - 006/063
  3629/6230 pid=647261 rate=0.35s/card eta=15.1m Shuckle - 064/063
  3630/6230 pid=647262 rate=0.35s/card eta=15.1m Dhelmise
  3631/6230 pid=647263 rate=0.35s/card eta=15.1m Litleo - 010/063
  3632/6230 pid=647264 rate=0.35s/card eta=15.1m Litleo - 066/063
  3633/6230 pid=647265 rate=0.35s/card eta=15.1m Pyroar
  3634/6230 pid=647266 rate=0.35s/card eta=15.1m Sizzlipede
  3635/6230 pid=647267 rate=0.35s/card eta=15.1m Centiskorch
  3636/6230 pid=647268 rate=0.35s/card eta=15.1m Chi-Yu
  3637/6230 pid=647269 rate=0.35s/card eta=15.1m Mantine
  3638/6230 pid=647270 rate=0.35s/card eta=15.1m Raikou
  3639/6230 pid=647271 rate=0.35s/card eta=15.1m Xerneas
  3640/6230 pid=647272 rate=0.35s/card eta=15.1m Clauncher
  3641/6230 pid=647273 rate=0.35s/card eta=15.0m Clawitzer - 020/063
  3642/6230 pid=647274 rate=0.35s/card eta=15.0m Clawitzer - 068/063
  3643/6230 pid=647275 rate=0.35s/card eta=15.0m Snom
  3644/6230 pid=647276 rate=0.35s/card eta=15.0m Frosmoth
  3645/6230 pid=647277 rate=0.35s/card eta=15.0m Eiscue
  3646/6230 pid=647278 rate=0.35s/card eta=15.0m Magnemite
  3647/6230 pid=647279 rate=0.35s/card eta=15.0m Magneton
  3648/6230 pid=647280 rate=0.35s/card eta=15.0m Magnezone
  3649/6230 pid=647281 rate=0.35s/card eta=15.0m Helioptile - 034/063
  3650/6230 pid=647282 rate=0.35s/card eta=15.0m Helioptile - 070/063
  3651/6230 pid=647283 rate=0.35s/card eta=15.0m Heliolisk
  3652/6230 pid=647284 rate=0.35s/card eta=15.0m Spoink
  3653/6230 pid=647285 rate=0.35s/card eta=15.0m Grumpig
  3654/6230 pid=647286 rate=0.35s/card eta=15.0m Greavard
  3655/6230 pid=647287 rate=0.35s/card eta=15.0m Houndstone - 048/063
  3656/6230 pid=647288 rate=0.35s/card eta=15.0m Houndstone - 073/063
  3657/6230 pid=647289 rate=0.35s/card eta=15.0m Buneary
  3658/6230 pid=647290 rate=0.35s/card eta=14.9m Lopunny
  3659/6230 pid=647291 rate=0.35s/card eta=14.9m Stufful - 055/063
  3660/6230 pid=647292 rate=0.35s/card eta=14.9m Stufful - 075/063
  3661/6230 pid=647293 rate=0.35s/card eta=14.9m Bewear
  3662/6230 pid=647445 rate=0.35s/card eta=14.9m Raichu
  3663/6230 pid=647446 rate=0.35s/card eta=14.9m Potion
  3664/6230 pid=647447 rate=0.35s/card eta=14.9m Great Ball
  3665/6230 pid=647448 rate=0.35s/card eta=14.9m Switch
  3666/6230 pid=647449 rate=0.35s/card eta=14.9m Pokemon Catcher
  3667/6230 pid=647450 rate=0.35s/card eta=14.9m Professor's Research
  3668/6230 pid=647451 rate=0.35s/card eta=14.9m Bede
  3669/6230 pid=647452 rate=0.35s/card eta=14.9m Poke Kid
  3670/6230 pid=647453 rate=0.35s/card eta=14.9m Hop
  3671/6230 pid=647454 rate=0.35s/card eta=14.9m Lightning Energy
  3672/6230 pid=647455 rate=0.35s/card eta=14.9m 25th Anniversary Golden Box
  3673/6230 pid=647498 rate=0.35s/card eta=14.9m Mega Brave Booster Pack
  3674/6230 pid=647499 rate=0.35s/card eta=14.9m Mega Symphonia Booster Pack
  3675/6230 pid=647500 rate=0.35s/card eta=14.9m Mega Brave Booster Box
  3676/6230 pid=647501 rate=0.35s/card eta=14.8m Mega Symphonia Booster Box
  3677/6230 pid=647554 rate=0.35s/card eta=14.8m Rocket's Tyranitar
  3678/6230 pid=647563 rate=0.35s/card eta=14.8m Gardevoir - 408/SM-P (JP Illustration Gr
  3679/6230 pid=647757 rate=0.35s/card eta=14.8m Hapu - 390/SM-P
  3680/6230 pid=648589 rate=0.35s/card eta=14.8m Premium Trainer Box MEGA Brave & Symphon
  3681/6230 pid=648603 rate=0.35s/card eta=14.8m Victini - 271/SV-P
  3682/6230 pid=648614 rate=0.35s/card eta=14.8m Metal Energy
  3683/6230 pid=648615 rate=0.35s/card eta=14.8m Starter Deck 1996
  3684/6230 pid=649575 rate=0.35s/card eta=14.8m Chikorita - 001/M-P
  3685/6230 pid=649576 rate=0.35s/card eta=14.8m Lapras ex - 002/M-P
  3686/6230 pid=649578 rate=0.35s/card eta=14.8m Makuhita - 004/M-P
  3687/6230 pid=649579 rate=0.35s/card eta=14.8m Digging Shovel - 005/M-P
  3688/6230 pid=649583 rate=0.35s/card eta=14.8m Sprigatito - 017/M-P
  3689/6230 pid=649584 rate=0.35s/card eta=14.8m Fuecoco - 018/M-P
  3690/6230 pid=649585 rate=0.35s/card eta=14.8m Quaxly - 019/M-P
  3691/6230 pid=649586 rate=0.35s/card eta=14.8m Pikachu - 020/M-P
  3692/6230 pid=649587 rate=0.35s/card eta=14.8m Ralts - 021/M-P
  3693/6230 pid=649588 rate=0.35s/card eta=14.7m Riolu - 022/M-P
  3694/6230 pid=649589 rate=0.35s/card eta=14.7m Celebration Fanfare - 033/M-P
  3695/6230 pid=649591 rate=0.35s/card eta=14.7m Team Rocket's Mewtwo ex - 043/M-P
  3696/6230 pid=649593 rate=0.35s/card eta=14.7m Poke Ball - 011/015
  3697/6230 pid=649756 rate=0.35s/card eta=14.7m Basic Fire Energy - 091/S-P
  3698/6230 pid=649757 rate=0.35s/card eta=14.7m Basic Fire Energy - 061/S-P
  3699/6230 pid=649758 rate=0.35s/card eta=14.7m Basic Fire Energy - 010/S-P
  3700/6230 pid=649759 rate=0.35s/card eta=14.7m Basic Fire Energy - 247/S-P
  3701/6230 pid=649771 rate=0.35s/card eta=14.7m Basic Fire Energy - 330/S-P
  3702/6230 pid=649773 rate=0.35s/card eta=14.7m Basic Metal Energy - 067/S-P
  3703/6230 pid=649774 rate=0.35s/card eta=14.7m Basic Metal Energy - 336/S-P
  3704/6230 pid=649775 rate=0.35s/card eta=14.7m Basic Metal Energy - 016/S-P
  3705/6230 pid=649776 rate=0.35s/card eta=14.7m Basic Metal Energy - 253/S-P
  3706/6230 pid=649777 rate=0.35s/card eta=14.7m Basic Metal Energy - 097/S-P
  3707/6230 pid=649778 rate=0.35s/card eta=14.7m Basic Darkness Energy - 066/S-P
  3708/6230 pid=649779 rate=0.35s/card eta=14.7m Basic Darkness Energy - 335/S-P
  3709/6230 pid=649780 rate=0.35s/card eta=14.7m Basic Darkness Energy - 015/S-P
  3710/6230 pid=649783 rate=0.35s/card eta=14.7m Basic Darkness Energy - 153/S-P
  3711/6230 pid=649784 rate=0.35s/card eta=14.6m Basic Darkness Energy - 083/S-P
  3712/6230 pid=649785 rate=0.35s/card eta=14.6m Basic Darkness Energy - 252/S-P
  3713/6230 pid=649786 rate=0.35s/card eta=14.6m Basic Water Energy - 011/S-P
  3714/6230 pid=649787 rate=0.35s/card eta=14.6m Basic Darkness Energy - 096/S-P
  3715/6230 pid=649789 rate=0.35s/card eta=14.6m Basic Water Energy - 062/S-P
  3716/6230 pid=649791 rate=0.35s/card eta=14.6m Basic Water Energy - 133/S-P
  3717/6230 pid=649792 rate=0.35s/card eta=14.6m Basic Water Energy - 248/S-P
  3718/6230 pid=649795 rate=0.35s/card eta=14.6m Basic Water Energy - 092/S-P
  3719/6230 pid=649796 rate=0.35s/card eta=14.6m Basic Water Energy - 331/S-P
  3720/6230 pid=649798 rate=0.35s/card eta=14.6m Basic Fighting Energy - 095/S-P
  3721/6230 pid=649799 rate=0.35s/card eta=14.6m Basic Fighting Energy - 065/S-P
  3722/6230 pid=649800 rate=0.35s/card eta=14.6m Basic Fighting Energy - 334/S-P
  3723/6230 pid=649801 rate=0.35s/card eta=14.6m Basic Fighting Energy - 251/S-P
  3724/6230 pid=649802 rate=0.35s/card eta=14.6m Basic Fighting Energy - 014/S-P
  3725/6230 pid=649803 rate=0.35s/card eta=14.6m Basic Psychic Energy - 250/S-P
  3726/6230 pid=649804 rate=0.35s/card eta=14.6m Basic Psychic Energy - 333/S-P
  3727/6230 pid=649805 rate=0.35s/card eta=14.6m Basic Psychic Energy - 013/S-P
  3728/6230 pid=649806 rate=0.35s/card eta=14.5m Basic Psychic Energy - 094/S-P
  3729/6230 pid=649807 rate=0.35s/card eta=14.5m Basic Psychic Energy - 064/S-P
  3730/6230 pid=649808 rate=0.35s/card eta=14.5m Basic Lightning Energy - 249/S-P
  3731/6230 pid=649809 rate=0.35s/card eta=14.5m Basic Lightning Energy - 063/S-P
  3732/6230 pid=649911 rate=0.35s/card eta=14.5m Basic Lightning Energy - 012/S-P
  3733/6230 pid=649912 rate=0.35s/card eta=14.5m Basic Lightning Energy - 093/S-P
  3734/6230 pid=649913 rate=0.35s/card eta=14.5m Basic Lightning Energy - 332/S-P
  3735/6230 pid=649915 rate=0.35s/card eta=14.5m Basic Grass Energy - 329/S-P
  3736/6230 pid=649916 rate=0.35s/card eta=14.5m Basic Grass Energy - 060/S-P
  3737/6230 pid=649917 rate=0.35s/card eta=14.5m Basic Grass Energy - 246/S-P
  3738/6230 pid=649918 rate=0.35s/card eta=14.5m Basic Grass Energy - 090/S-P
  3739/6230 pid=649919 rate=0.35s/card eta=14.5m Basic Grass Energy - 009/S-P
  3740/6230 pid=649920 rate=0.35s/card eta=14.5m Basic Fairy Energy
  3741/6230 pid=649941 rate=0.35s/card eta=14.5m Switch
  3742/6230 pid=650395 rate=0.35s/card eta=14.5m Meowth
  3743/6230 pid=650419 rate=0.35s/card eta=14.5m Special BOX Pokemon Center Tohoku
  3744/6230 pid=650714 rate=0.35s/card eta=14.5m Basic Grass Energy
  3745/6230 pid=650715 rate=0.35s/card eta=14.5m Basic Fire Energy
  3746/6230 pid=650716 rate=0.35s/card eta=14.4m Basic Water Energy
  3747/6230 pid=650717 rate=0.35s/card eta=14.4m Basic Lightning Energy
  3748/6230 pid=650718 rate=0.35s/card eta=14.4m Basic Psychic Energy
  3749/6230 pid=650719 rate=0.35s/card eta=14.4m Basic Fighting Energy
  3750/6230 pid=650720 rate=0.35s/card eta=14.4m Basic Darkness Energy
  3751/6230 pid=650721 rate=0.35s/card eta=14.4m Basic Metal Energy
  3752/6230 pid=650722 rate=0.35s/card eta=14.4m Basic Grass Energy (Terastal Pattern)
  3753/6230 pid=650723 rate=0.35s/card eta=14.4m Basic Fighting Energy (Terastal Pattern)
  3754/6230 pid=650724 rate=0.35s/card eta=14.4m Basic Darkness Energy (Terastal Pattern)
  3755/6230 pid=650726 rate=0.35s/card eta=14.4m Tohoku's Pikachu - 260/SV-P
  3756/6230 pid=650760 rate=0.35s/card eta=14.4m Special BOX Pokemon Center Hiroshima
  3757/6230 pid=650763 rate=0.35s/card eta=14.4m Hiroshima's Pikachu - 261/SV-P
  3758/6230 pid=651131 rate=0.35s/card eta=14.4m McDonald's Japan Promo Booster (2025)
  3759/6230 pid=652050 rate=0.35s/card eta=14.4m Touch Exchange! - 130/PCG-P (Stamped)
  3760/6230 pid=653844 rate=0.35s/card eta=14.4m Starter Set MEGA Mega Gengar ex
  3761/6230 pid=653856 rate=0.35s/card eta=14.4m Mega Gengar ex
  3762/6230 pid=653859 rate=0.35s/card eta=14.4m MEGA Starter Set Mega Diancie ex
  3763/6230 pid=653861 rate=0.35s/card eta=14.3m Mega Diancie ex
  3764/6230 pid=654108 rate=0.35s/card eta=14.3m Haunter - 022/021
  3765/6230 pid=654110 rate=0.35s/card eta=14.3m Meloetta - 022/021
  3766/6230 pid=654130 rate=0.35s/card eta=14.3m Prime Catcher
  3767/6230 pid=654627 rate=0.35s/card eta=14.3m Grass Energy
  3768/6230 pid=654628 rate=0.35s/card eta=14.3m Fire Energy
  3769/6230 pid=654629 rate=0.35s/card eta=14.3m Water Energy
  3770/6230 pid=654630 rate=0.35s/card eta=14.3m Lightning Energy
  3771/6230 pid=654631 rate=0.35s/card eta=14.3m Psychic Energy
  3772/6230 pid=654632 rate=0.35s/card eta=14.3m Fighting Energy
  3773/6230 pid=654781 rate=0.35s/card eta=14.3m Psyduck - 262
  3774/6230 pid=654782 rate=0.35s/card eta=14.3m Golduck - 263
  3775/6230 pid=655780 rate=0.35s/card eta=14.3m Oddish
  3776/6230 pid=655781 rate=0.35s/card eta=14.3m Gloom
  3777/6230 pid=655782 rate=0.35s/card eta=14.3m Vileplume
  3778/6230 pid=655783 rate=0.35s/card eta=14.3m Mega Heracross ex - 004/080
  3779/6230 pid=655784 rate=0.35s/card eta=14.3m Lotad
  3780/6230 pid=655785 rate=0.35s/card eta=14.2m Lombre
  3781/6230 pid=655786 rate=0.35s/card eta=14.2m Ludicolo - 007/080
  3782/6230 pid=655787 rate=0.35s/card eta=14.2m Genesect
  3783/6230 pid=655788 rate=0.35s/card eta=14.2m Nymble - 009/080
  3784/6230 pid=655789 rate=0.35s/card eta=14.2m Lokix
  3785/6230 pid=655790 rate=0.35s/card eta=14.2m Charmander
  3786/6230 pid=655791 rate=0.35s/card eta=14.2m Charmeleon
  3787/6230 pid=655792 rate=0.35s/card eta=14.2m Mega Charizard X ex - 013/080
  3788/6230 pid=655793 rate=0.35s/card eta=14.2m Moltres
  3789/6230 pid=655794 rate=0.35s/card eta=14.2m Darumaka
  3790/6230 pid=655795 rate=0.35s/card eta=14.2m Darmanitan
  3791/6230 pid=655796 rate=0.35s/card eta=14.2m Reshiram
  3792/6230 pid=655797 rate=0.35s/card eta=14.2m Oricorio ex - 018/080
  3793/6230 pid=655798 rate=0.35s/card eta=14.2m Charcadet - 019/080
  3794/6230 pid=655799 rate=0.35s/card eta=14.2m Ceruledge
  3795/6230 pid=655800 rate=0.35s/card eta=14.2m Seel
  3796/6230 pid=655801 rate=0.35s/card eta=14.2m Dewgong - 022/080
  3797/6230 pid=655802 rate=0.35s/card eta=14.2m Swinub
  3798/6230 pid=655803 rate=0.35s/card eta=14.1m Piloswine
  3799/6230 pid=655804 rate=0.35s/card eta=14.1m Mamoswine
  3800/6230 pid=655805 rate=0.35s/card eta=14.1m Suicune
  3801/6230 pid=655806 rate=0.35s/card eta=14.1m Piplup - 027/080
  3802/6230 pid=655807 rate=0.35s/card eta=14.1m Prinplup
  3803/6230 pid=655808 rate=0.35s/card eta=14.1m Rotom ex - 029/080
  3804/6230 pid=655809 rate=0.35s/card eta=14.1m Yamper - 030/080
  3805/6230 pid=655810 rate=0.35s/card eta=14.1m Boltund
  3806/6230 pid=655811 rate=0.35s/card eta=14.1m Pawmi
  3807/6230 pid=655812 rate=0.35s/card eta=14.1m Pawmo
  3808/6230 pid=655813 rate=0.35s/card eta=14.1m Pawmot
  3809/6230 pid=655814 rate=0.35s/card eta=14.1m Misdreavus
  3810/6230 pid=655815 rate=0.35s/card eta=14.1m Mismagius ex - 036/080
  3811/6230 pid=655816 rate=0.35s/card eta=14.1m Cottonee
  3812/6230 pid=655817 rate=0.35s/card eta=14.1m Whimsicott
  3813/6230 pid=655818 rate=0.35s/card eta=14.1m Zacian - 039/080
  3814/6230 pid=655819 rate=0.35s/card eta=14.1m Bramblin
  3815/6230 pid=655820 rate=0.35s/card eta=14.0m Brambleghast
  3816/6230 pid=655821 rate=0.35s/card eta=14.0m Paldean Tauros
  3817/6230 pid=655822 rate=0.35s/card eta=14.0m Gligar
  3818/6230 pid=655823 rate=0.35s/card eta=14.0m Gliscor
  3819/6230 pid=655824 rate=0.35s/card eta=14.0m Trapinch
  3820/6230 pid=655825 rate=0.35s/card eta=14.0m Vibrava
  3821/6230 pid=655826 rate=0.35s/card eta=14.0m Flygon - 047/080
  3822/6230 pid=655827 rate=0.35s/card eta=14.0m Sneasel
  3823/6230 pid=655828 rate=0.35s/card eta=14.0m Weavile
  3824/6230 pid=655829 rate=0.35s/card eta=14.0m Carvanha
  3825/6230 pid=655830 rate=0.35s/card eta=14.0m Mega Sharpedo ex - 051/080
  3826/6230 pid=655831 rate=0.35s/card eta=14.0m Seviper
  3827/6230 pid=655832 rate=0.35s/card eta=14.0m Sandile
  3828/6230 pid=655833 rate=0.35s/card eta=14.0m Krokorok
  3829/6230 pid=655834 rate=0.35s/card eta=14.0m Krookodile
  3830/6230 pid=655835 rate=0.35s/card eta=14.0m Toxel
  3831/6230 pid=655836 rate=0.35s/card eta=14.0m Toxtricity - 057/080
  3832/6230 pid=655837 rate=0.35s/card eta=14.0m Empoleon ex - 058/080
  3833/6230 pid=655838 rate=0.35s/card eta=13.9m Bronzor
  3834/6230 pid=655839 rate=0.35s/card eta=13.9m Bronzong
  3835/6230 pid=655840 rate=0.35s/card eta=13.9m Togedemaru - 061/080
  3836/6230 pid=655841 rate=0.35s/card eta=13.9m Duraludon
  3837/6230 pid=655842 rate=0.35s/card eta=13.9m Archaludon
  3838/6230 pid=655843 rate=0.35s/card eta=13.9m Jigglypuff
  3839/6230 pid=655844 rate=0.35s/card eta=13.9m Wigglytuff - 065/080
  3840/6230 pid=655845 rate=0.35s/card eta=13.9m Aipom
  3841/6230 pid=655846 rate=0.35s/card eta=13.9m Ambipom - 067/080
  3842/6230 pid=655847 rate=0.35s/card eta=13.9m Smeargle
  3843/6230 pid=655848 rate=0.35s/card eta=13.9m Zigzagoon
  3844/6230 pid=655849 rate=0.35s/card eta=13.9m Linoone
  3845/6230 pid=655850 rate=0.35s/card eta=13.9m Buneary
  3846/6230 pid=655851 rate=0.35s/card eta=13.9m Mega Lopunny ex - 072/080
  3847/6230 pid=655852 rate=0.35s/card eta=13.9m Jumbo Ice Cream
  3848/6230 pid=655853 rate=0.35s/card eta=13.9m Heat Burner - 074/080
  3849/6230 pid=655854 rate=0.35s/card eta=13.9m Sacred Charm - 075/080
  3850/6230 pid=655855 rate=0.35s/card eta=13.8m Grimsley's One Move - 076/080
  3851/6230 pid=655856 rate=0.35s/card eta=13.8m Dawn - 077/080
  3852/6230 pid=655857 rate=0.35s/card eta=13.8m Firebreather - 078/080
  3853/6230 pid=655858 rate=0.35s/card eta=13.8m Battle Colosseum - 079/080
  3854/6230 pid=655859 rate=0.35s/card eta=13.8m Dizzying Valley
  3855/6230 pid=655860 rate=0.35s/card eta=13.8m Ludicolo - 081/080
  3856/6230 pid=655861 rate=0.35s/card eta=13.8m Nymble - 082/080
  3857/6230 pid=655862 rate=0.35s/card eta=13.8m Charcadet - 083/080
  3858/6230 pid=655863 rate=0.35s/card eta=13.8m Dewgong - 084/080
  3859/6230 pid=655864 rate=0.35s/card eta=13.8m Piplup - 085/080
  3860/6230 pid=655865 rate=0.35s/card eta=13.8m Yamper - 086/080
  3861/6230 pid=655866 rate=0.35s/card eta=13.8m Zacian - 087/080
  3862/6230 pid=655867 rate=0.35s/card eta=13.8m Flygon - 088/080
  3863/6230 pid=655868 rate=0.35s/card eta=13.8m Toxtricity - 089/080
  3864/6230 pid=655869 rate=0.35s/card eta=13.8m Togedemaru - 090/080
  3865/6230 pid=655870 rate=0.35s/card eta=13.8m Wigglytuff - 091/080
  3866/6230 pid=655871 rate=0.35s/card eta=13.8m Ambipom - 092/080
  3867/6230 pid=655872 rate=0.35s/card eta=13.7m Mega Heracross ex - 093/080
  3868/6230 pid=655873 rate=0.35s/card eta=13.7m Mega Charizard X ex - 094/080
  3869/6230 pid=655874 rate=0.35s/card eta=13.7m Oricorio ex - 095/080
  3870/6230 pid=655875 rate=0.35s/card eta=13.7m Rotom ex - 096/080
  3871/6230 pid=655876 rate=0.35s/card eta=13.7m Mismagius ex - 097/080
  3872/6230 pid=655877 rate=0.35s/card eta=13.7m Mega Sharpedo ex - 098/080
  3873/6230 pid=655878 rate=0.35s/card eta=13.7m Empoleon ex - 099/080
  3874/6230 pid=655879 rate=0.35s/card eta=13.7m Mega Lopunny ex - 100/080
  3875/6230 pid=655880 rate=0.35s/card eta=13.7m Heat Burner - 101/080
  3876/6230 pid=655881 rate=0.35s/card eta=13.7m Sacred Charm - 103/080
  3877/6230 pid=655882 rate=0.35s/card eta=13.7m Grimsley's One Move - 105/080
  3878/6230 pid=655883 rate=0.35s/card eta=13.7m Dawn - 106/080
  3879/6230 pid=655884 rate=0.35s/card eta=13.7m Firebreather - 107/080
  3880/6230 pid=655885 rate=0.35s/card eta=13.7m Battle Colosseum - 108/080
  3881/6230 pid=655886 rate=0.35s/card eta=13.7m Mega Charizard X ex - 110/080
  3882/6230 pid=655887 rate=0.35s/card eta=13.7m Oricorio ex - 111/080
  3883/6230 pid=655888 rate=0.35s/card eta=13.7m Rotom ex - 112/080
  3884/6230 pid=655889 rate=0.35s/card eta=13.7m Mega Sharpedo ex - 113/080
  3885/6230 pid=655890 rate=0.35s/card eta=13.6m Mega Lopunny ex - 114/080
  3886/6230 pid=655891 rate=0.35s/card eta=13.6m Dawn - 115/080
  3887/6230 pid=655892 rate=0.35s/card eta=13.6m Mega Charizard X ex - 116/080
  3888/6230 pid=655897 rate=0.35s/card eta=13.6m Punk Helmet - 104/080
  3889/6230 pid=655900 rate=0.35s/card eta=13.6m Ignition Energy - 109/080
  3890/6230 pid=655968 rate=0.35s/card eta=13.6m Inferno X Booster Box
  3891/6230 pid=655970 rate=0.35s/card eta=13.6m Inferno X Booster Pack
  3892/6230 pid=656026 rate=0.35s/card eta=13.6m Paldean Wooper - 193/SV-P
  3893/6230 pid=656152 rate=0.35s/card eta=13.6m Start Deck Generations Special Battle Se
  3894/6230 pid=656254 rate=0.35s/card eta=13.6m Switch - 102/080
  3895/6230 pid=656302 rate=0.35s/card eta=13.6m Basic Fairy Energy - FAI (Unnumbered)
  3896/6230 pid=656885 rate=0.35s/card eta=13.6m Great Detective Pikachu Booster Pack
  3897/6230 pid=656901 rate=0.35s/card eta=13.6m Great Detective Pikachu Booster Box
  3898/6230 pid=657209 rate=0.35s/card eta=13.6m Limited Collection Master Battle Set
  3899/6230 pid=657845 rate=0.35s/card eta=13.6m Special BOX Pokemon Center Fukuoka
  3900/6230 pid=657877 rate=0.35s/card eta=13.6m Moomoo Milk
  3901/6230 pid=657880 rate=0.35s/card eta=13.6m Promo Card 25th Anniversary Collection B
  3902/6230 pid=658356 rate=0.35s/card eta=13.5m Will's Slowking
  3903/6230 pid=658361 rate=0.35s/card eta=13.5m Sky-Splitting Deoxys - 001/019
  3904/6230 pid=658362 rate=0.35s/card eta=13.5m Sky-Splitting Deoxys - 002/019
  3905/6230 pid=658363 rate=0.35s/card eta=13.5m Sky's Rayquaza
  3906/6230 pid=658364 rate=0.35s/card eta=13.5m LaRousse's Plusle
  3907/6230 pid=658365 rate=0.35s/card eta=13.5m LaRousse's Minun
  3908/6230 pid=658366 rate=0.35s/card eta=13.5m LaRousse's Munchlax
  3909/6230 pid=658367 rate=0.35s/card eta=13.5m Audrey's Masquerain
  3910/6230 pid=658368 rate=0.35s/card eta=13.5m Kathryn's Surskit
  3911/6230 pid=658369 rate=0.35s/card eta=13.5m Ash's Torkoal
  3912/6230 pid=658370 rate=0.35s/card eta=13.5m Sid's Blastoise
  3913/6230 pid=658371 rate=0.35s/card eta=13.5m Rebecca's Metagross
  3914/6230 pid=658372 rate=0.35s/card eta=13.5m Rafe's Blaziken
  3915/6230 pid=658373 rate=0.35s/card eta=13.5m Energy Switch
  3916/6230 pid=658374 rate=0.35s/card eta=13.5m Energy Search
  3917/6230 pid=658375 rate=0.35s/card eta=13.5m Potion
  3918/6230 pid=658376 rate=0.35s/card eta=13.5m Switch
  3919/6230 pid=658377 rate=0.35s/card eta=13.5m Tory's Feelings
  3920/6230 pid=658378 rate=0.35s/card eta=13.4m Strength Charm
  3921/6230 pid=658379 rate=0.35s/card eta=13.4m Magnetic Storm
  3922/6230 pid=658431 rate=0.35s/card eta=13.4m Fukuoka's Pikachu - 289/SV-P
  3923/6230 pid=658456 rate=0.35s/card eta=13.4m Legacy Energy
  3924/6230 pid=659465 rate=0.35s/card eta=13.4m Pokedex HANDY910is
  3925/6230 pid=659466 rate=0.35s/card eta=13.4m Poke Ball
  3926/6230 pid=659614 rate=0.35s/card eta=13.4m Pokemon the Movie: Secrets of the Jungle
  3927/6230 pid=659939 rate=0.35s/card eta=13.4m Double Full Heal
  3928/6230 pid=659979 rate=0.35s/card eta=13.4m Cynthia's Garchomp ex - 255/SV-P
  3929/6230 pid=659980 rate=0.35s/card eta=13.4m Team Rocket's Meowth - 259/SV-P
  3930/6230 pid=660024 rate=0.35s/card eta=13.4m Expansion Pack 20th Anniversary - Booste
  3931/6230 pid=660119 rate=0.35s/card eta=13.4m Gastly
  3932/6230 pid=660120 rate=0.35s/card eta=13.4m Haunter - 002/021
  3933/6230 pid=660121 rate=0.35s/card eta=13.4m Murkrow
  3934/6230 pid=660122 rate=0.35s/card eta=13.4m Honchkrow
  3935/6230 pid=660123 rate=0.35s/card eta=13.4m Sableye
  3936/6230 pid=660124 rate=0.35s/card eta=13.4m Absol
  3937/6230 pid=660125 rate=0.35s/card eta=13.3m Eternatus
  3938/6230 pid=660126 rate=0.35s/card eta=13.3m Tatsugiri
  3939/6230 pid=660127 rate=0.35s/card eta=13.3m Buddy-Buddy Poffin
  3940/6230 pid=660128 rate=0.35s/card eta=13.3m Ultra Ball
  3941/6230 pid=660129 rate=0.35s/card eta=13.3m Rare Candy
  3942/6230 pid=660130 rate=0.35s/card eta=13.3m Switch
  3943/6230 pid=660131 rate=0.35s/card eta=13.3m Mega Signal
  3944/6230 pid=660132 rate=0.35s/card eta=13.3m Night Stretcher
  3945/6230 pid=660133 rate=0.35s/card eta=13.3m Punk Helmet
  3946/6230 pid=660134 rate=0.35s/card eta=13.3m Air Balloon
  3947/6230 pid=660135 rate=0.35s/card eta=13.3m Iris's Fighting Spirit
  3948/6230 pid=660136 rate=0.35s/card eta=13.3m Boss's Orders
  3949/6230 pid=660137 rate=0.35s/card eta=13.3m Lillie's Determination
  3950/6230 pid=660147 rate=0.35s/card eta=13.3m Snubbull
  3951/6230 pid=660148 rate=0.35s/card eta=13.3m Granbull
  3952/6230 pid=660149 rate=0.35s/card eta=13.3m Cresselia
  3953/6230 pid=660150 rate=0.35s/card eta=13.3m Meloetta
  3954/6230 pid=660151 rate=0.35s/card eta=13.2m Mimikyu
  3955/6230 pid=660152 rate=0.35s/card eta=13.2m Milcery
  3956/6230 pid=660153 rate=0.35s/card eta=13.2m Alcremie
  3957/6230 pid=660154 rate=0.35s/card eta=13.2m Tatsugiri
  3958/6230 pid=660155 rate=0.35s/card eta=13.2m Buddy-Buddy Poffin
  3959/6230 pid=660156 rate=0.35s/card eta=13.2m Ultra Ball
  3960/6230 pid=660157 rate=0.35s/card eta=13.2m Switch
  3961/6230 pid=660158 rate=0.35s/card eta=13.2m Mega Signal
  3962/6230 pid=660159 rate=0.35s/card eta=13.2m Night Stretcher
  3963/6230 pid=660160 rate=0.35s/card eta=13.2m Wondrous Patch
  3964/6230 pid=660161 rate=0.35s/card eta=13.2m Hero's Cape
  3965/6230 pid=660162 rate=0.35s/card eta=13.2m Air Balloon
  3966/6230 pid=660163 rate=0.35s/card eta=13.2m Iris's Fighting Spirit
  3967/6230 pid=660164 rate=0.35s/card eta=13.2m Boss's Orders
  3968/6230 pid=660165 rate=0.35s/card eta=13.2m Lillie's Determination
  3969/6230 pid=660166 rate=0.35s/card eta=13.2m Mystery Garden
  3970/6230 pid=660440 rate=0.35s/card eta=13.2m Exeggcute
  3971/6230 pid=660441 rate=0.35s/card eta=13.2m Ho-Oh EX
  3972/6230 pid=660442 rate=0.35s/card eta=13.1m Volcanion EX
  3973/6230 pid=660443 rate=0.35s/card eta=13.1m Staryu
  3974/6230 pid=660444 rate=0.35s/card eta=13.1m Starmie
  3975/6230 pid=660445 rate=0.35s/card eta=13.1m Articuno
  3976/6230 pid=660446 rate=0.35s/card eta=13.1m Feebas
  3977/6230 pid=660447 rate=0.35s/card eta=13.1m Milotic
  3978/6230 pid=660448 rate=0.35s/card eta=13.1m Mew
  3979/6230 pid=660449 rate=0.35s/card eta=13.1m Hoopa EX
  3980/6230 pid=660450 rate=0.35s/card eta=13.1m Regirock EX
  3981/6230 pid=660451 rate=0.35s/card eta=13.1m Darkrai EX
  3982/6230 pid=660452 rate=0.35s/card eta=13.1m Zorua
  3983/6230 pid=660453 rate=0.35s/card eta=13.1m Zoroark
  3984/6230 pid=660454 rate=0.35s/card eta=13.1m Gardevoir EX
  3985/6230 pid=660455 rate=0.35s/card eta=13.1m Mega Gardevoir EX
  3986/6230 pid=660456 rate=0.35s/card eta=13.1m Spritzee
  3987/6230 pid=660457 rate=0.35s/card eta=13.1m Aromatisse
  3988/6230 pid=660458 rate=0.35s/card eta=13.1m Rayquaza EX
  3989/6230 pid=660459 rate=0.35s/card eta=13.0m Mega Rayquaza EX
  3990/6230 pid=660460 rate=0.35s/card eta=13.0m Shaymin EX
  3991/6230 pid=660461 rate=0.35s/card eta=13.0m Special Charge
  3992/6230 pid=660462 rate=0.35s/card eta=13.0m Dark Patch
  3993/6230 pid=660463 rate=0.35s/card eta=13.0m Puzzle of Time
  3994/6230 pid=660464 rate=0.35s/card eta=13.0m Battle Compressor
  3995/6230 pid=660465 rate=0.35s/card eta=13.0m VS Seeker
  3996/6230 pid=660466 rate=0.35s/card eta=13.0m Max Elixir
  3997/6230 pid=660467 rate=0.35s/card eta=13.0m PlusPower
  3998/6230 pid=660468 rate=0.35s/card eta=13.0m Level Ball
  3999/6230 pid=660469 rate=0.35s/card eta=13.0m Float Stone
  4000/6230 pid=660470 rate=0.35s/card eta=13.0m Muscle Band
  4001/6230 pid=660471 rate=0.35s/card eta=13.0m Fighting Fury Belt
  4002/6230 pid=660472 rate=0.35s/card eta=13.0m Gardevoir Spirit Link
  4003/6230 pid=660473 rate=0.35s/card eta=13.0m Rayquaza Spirit Link
  4004/6230 pid=660474 rate=0.35s/card eta=13.0m Colress
  4005/6230 pid=660475 rate=0.35s/card eta=13.0m N
  4006/6230 pid=660476 rate=0.35s/card eta=13.0m Blacksmith
  4007/6230 pid=660477 rate=0.35s/card eta=12.9m Korrina
  4008/6230 pid=660478 rate=0.35s/card eta=12.9m Winona
  4009/6230 pid=660479 rate=0.35s/card eta=12.9m Ninja Boy
  4010/6230 pid=660480 rate=0.35s/card eta=12.9m Dimension Valley
  4011/6230 pid=660481 rate=0.35s/card eta=12.9m Sky Field
  4012/6230 pid=660482 rate=0.35s/card eta=12.9m Fairy Garden
  4013/6230 pid=660483 rate=0.35s/card eta=12.9m Strong Energy
  4014/6230 pid=660484 rate=0.35s/card eta=12.9m Double Dragon Energy
  4015/6230 pid=660485 rate=0.35s/card eta=12.9m Computer Search
  4016/6230 pid=660486 rate=0.35s/card eta=12.9m Scoop Up Cyclone
  4017/6230 pid=660487 rate=0.35s/card eta=12.9m Life Dew
  4018/6230 pid=662083 rate=0.35s/card eta=12.9m Tropical Wind (1999 Tropical Mega Battle
  4019/6230 pid=662099 rate=0.35s/card eta=12.9m Lucky Stadium (2000 Tropical Mega Battle
  4020/6230 pid=665672 rate=0.35s/card eta=12.9m Ethan's Pinsir
  4021/6230 pid=665673 rate=0.35s/card eta=12.9m Yanma
  4022/6230 pid=665674 rate=0.35s/card eta=12.9m Yanmega ex
  4023/6230 pid=665675 rate=0.35s/card eta=12.9m Wurmple
  4024/6230 pid=665676 rate=0.35s/card eta=12.8m Silcoon
  4025/6230 pid=665677 rate=0.35s/card eta=12.8m Beautifly - 006/193
  4026/6230 pid=665678 rate=0.35s/card eta=12.8m Cascoon
  4027/6230 pid=665679 rate=0.35s/card eta=12.8m Dustox - 008/193
  4028/6230 pid=665680 rate=0.35s/card eta=12.8m Cynthia's Roselia
  4029/6230 pid=665681 rate=0.35s/card eta=12.8m Cynthia's Roserade
  4030/6230 pid=665682 rate=0.35s/card eta=12.8m Budew - 011/193
  4031/6230 pid=665683 rate=0.35s/card eta=12.8m Shaymin
  4032/6230 pid=665684 rate=0.35s/card eta=12.8m Dwebble
  4033/6230 pid=665685 rate=0.35s/card eta=12.8m Crustle
  4034/6230 pid=665686 rate=0.35s/card eta=12.8m Team Rocket's Tarountula
  4035/6230 pid=665687 rate=0.35s/card eta=12.8m Team Rocket's Spidops
  4036/6230 pid=665688 rate=0.35s/card eta=12.8m Teal Mask Ogerpon ex
  4037/6230 pid=665689 rate=0.35s/card eta=12.8m Ethan's Slugma
  4038/6230 pid=665690 rate=0.35s/card eta=12.8m Ethan's Magcargo - 019/193
  4039/6230 pid=665691 rate=0.35s/card eta=12.8m Entei
  4040/6230 pid=665692 rate=0.35s/card eta=12.8m Ethan's Ho-Oh ex
  4041/6230 pid=665693 rate=0.35s/card eta=12.7m Numel - 022/193
  4042/6230 pid=665694 rate=0.35s/card eta=12.7m Camerupt
  4043/6230 pid=665695 rate=0.35s/card eta=12.7m Tepig
  4044/6230 pid=665696 rate=0.35s/card eta=12.7m Pignite
  4045/6230 pid=665697 rate=0.35s/card eta=12.7m Emboar
  4046/6230 pid=665698 rate=0.35s/card eta=12.7m N's Darumaka
  4047/6230 pid=665699 rate=0.35s/card eta=12.7m N's Darmanitan
  4048/6230 pid=665700 rate=0.35s/card eta=12.7m Reshiram ex
  4049/6230 pid=665701 rate=0.35s/card eta=12.7m Charcadet
  4050/6230 pid=665702 rate=0.35s/card eta=12.7m Ceruledge ex
  4051/6230 pid=665703 rate=0.35s/card eta=12.7m Psyduck - 032/193
  4052/6230 pid=665704 rate=0.35s/card eta=12.7m Golduck
  4053/6230 pid=665705 rate=0.35s/card eta=12.7m Team Rocket's Articuno
  4054/6230 pid=665706 rate=0.35s/card eta=12.7m Snorunt - 035/193
  4055/6230 pid=665707 rate=0.35s/card eta=12.7m Mega Froslass ex - 036/193
  4056/6230 pid=665708 rate=0.35s/card eta=12.7m N's Vanillite
  4057/6230 pid=665709 rate=0.35s/card eta=12.7m N's Vanillish
  4058/6230 pid=665710 rate=0.35s/card eta=12.7m N's Vanilluxe
  4059/6230 pid=665711 rate=0.35s/card eta=12.6m Snom
  4060/6230 pid=665712 rate=0.35s/card eta=12.6m Frosmoth
  4061/6230 pid=665713 rate=0.35s/card eta=12.6m Glastrier
  4062/6230 pid=665714 rate=0.35s/card eta=12.6m Chien-Pao
  4063/6230 pid=665715 rate=0.35s/card eta=12.6m Pikachu ex - 044/193
  4064/6230 pid=665716 rate=0.35s/card eta=12.6m Magnemite
  4065/6230 pid=665717 rate=0.35s/card eta=12.6m Magneton
  4066/6230 pid=665718 rate=0.35s/card eta=12.6m Tynamo
  4067/6230 pid=665719 rate=0.35s/card eta=12.6m Eelektrik
  4068/6230 pid=665720 rate=0.35s/card eta=12.6m Mega Eelektross ex - 049/193
  4069/6230 pid=665721 rate=0.35s/card eta=12.6m Stunfisk
  4070/6230 pid=665722 rate=0.35s/card eta=12.6m Zekrom ex
  4071/6230 pid=665723 rate=0.35s/card eta=12.6m Helioptile
  4072/6230 pid=665724 rate=0.35s/card eta=12.6m Heliolisk - 053/193
  4073/6230 pid=665725 rate=0.35s/card eta=12.6m Tapu Koko
  4074/6230 pid=665726 rate=0.35s/card eta=12.6m Zeraora
  4075/6230 pid=665727 rate=0.35s/card eta=12.6m Iono's Tadbulb
  4076/6230 pid=665728 rate=0.35s/card eta=12.5m Iono's Bellibolt ex - 057/193
  4077/6230 pid=665729 rate=0.35s/card eta=12.5m Iono's Wattrel
  4078/6230 pid=665730 rate=0.35s/card eta=12.5m Iono's Kilowattrel
  4079/6230 pid=665731 rate=0.35s/card eta=12.5m Lillie's Clefairy ex
  4080/6230 pid=665732 rate=0.35s/card eta=12.5m Team Rocket's Exeggcute
  4081/6230 pid=665733 rate=0.35s/card eta=12.5m Team Rocket's Exeggutor
  4082/6230 pid=665734 rate=0.35s/card eta=12.5m Team Rocket's Mewtwo ex - 063/193
  4083/6230 pid=665735 rate=0.35s/card eta=12.5m Togepi
  4084/6230 pid=665736 rate=0.35s/card eta=12.5m Togetic
  4085/6230 pid=665737 rate=0.35s/card eta=12.5m Togekiss - 066/193
  4086/6230 pid=665738 rate=0.35s/card eta=12.5m Misdreavus - 067/193
  4087/6230 pid=665739 rate=0.35s/card eta=12.5m Mismagius
  4088/6230 pid=665740 rate=0.35s/card eta=12.5m Ralts
  4089/6230 pid=665741 rate=0.35s/card eta=12.5m Kirlia
  4090/6230 pid=665742 rate=0.35s/card eta=12.5m Mega Gardevoir ex - 071/193
  4091/6230 pid=665743 rate=0.35s/card eta=12.5m Duskull
  4092/6230 pid=665744 rate=0.35s/card eta=12.5m Dusclops
  4093/6230 pid=665745 rate=0.35s/card eta=12.4m Dusknoir
  4094/6230 pid=665746 rate=0.35s/card eta=12.4m Latias ex
  4095/6230 pid=665747 rate=0.35s/card eta=12.4m Rotom
  4096/6230 pid=665748 rate=0.35s/card eta=12.4m Hop's Phantump
  4097/6230 pid=665749 rate=0.35s/card eta=12.4m Hop's Trevenant - 078/193
  4098/6230 pid=665750 rate=0.35s/card eta=12.4m Team Rocket's Mimikyu - 079/193
  4099/6230 pid=665751 rate=0.35s/card eta=12.4m Spectrier
  4100/6230 pid=665752 rate=0.35s/card eta=12.4m Munkidori
  4101/6230 pid=665753 rate=0.35s/card eta=12.4m Team Rocket's Diglett
  4102/6230 pid=665754 rate=0.35s/card eta=12.4m Team Rocket's Dugtrio - 083/193
  4103/6230 pid=665755 rate=0.35s/card eta=12.4m Meditite
  4104/6230 pid=665756 rate=0.35s/card eta=12.4m Medicham - 085/193
  4105/6230 pid=665757 rate=0.35s/card eta=12.4m Lunatone
  4106/6230 pid=665758 rate=0.35s/card eta=12.4m Solrock
  4107/6230 pid=665759 rate=0.35s/card eta=12.4m Cynthia's Gible
  4108/6230 pid=665760 rate=0.35s/card eta=12.4m Cynthia's Gabite
  4109/6230 pid=665761 rate=0.35s/card eta=12.4m Cynthia's Garchomp ex
  4110/6230 pid=665762 rate=0.35s/card eta=12.4m Riolu
  4111/6230 pid=665763 rate=0.35s/card eta=12.3m Mega Lucario ex - 092/193
  4112/6230 pid=665764 rate=0.35s/card eta=12.3m Pancham
  4113/6230 pid=665765 rate=0.35s/card eta=12.3m Mega Hawlucha ex - 094/193
  4114/6230 pid=665766 rate=0.35s/card eta=12.3m Rolycoly
  4115/6230 pid=665767 rate=0.35s/card eta=12.3m Carkol
  4116/6230 pid=665768 rate=0.35s/card eta=12.3m Coalossal
  4117/6230 pid=665769 rate=0.35s/card eta=12.3m Okidogi
  4118/6230 pid=665770 rate=0.35s/card eta=12.3m Team Rocket's Zubat
  4119/6230 pid=665771 rate=0.35s/card eta=12.3m Team Rocket's Golbat
  4120/6230 pid=665772 rate=0.35s/card eta=12.3m Team Rocket's Crobat ex
  4121/6230 pid=665773 rate=0.35s/card eta=12.3m Team Rocket's Murkrow
  4122/6230 pid=665774 rate=0.35s/card eta=12.3m Team Rocket's Honchkrow
  4123/6230 pid=665775 rate=0.35s/card eta=12.3m Team Rocket's Sneasel
  4124/6230 pid=665776 rate=0.35s/card eta=12.3m Galarian Zigzagoon
  4125/6230 pid=665777 rate=0.35s/card eta=12.3m Galarian Linoone
  4126/6230 pid=665778 rate=0.35s/card eta=12.3m Galarian Obstagoon - 107/193
  4127/6230 pid=665779 rate=0.35s/card eta=12.3m Cynthia's Spiritomb - 108/193
  4128/6230 pid=665780 rate=0.35s/card eta=12.2m Scraggy
  4129/6230 pid=665781 rate=0.35s/card eta=12.2m Mega Scrafty ex - 110/193
  4130/6230 pid=665782 rate=0.35s/card eta=12.2m N's Zorua
  4131/6230 pid=665783 rate=0.35s/card eta=12.2m N's Zoroark ex - 112/193
  4132/6230 pid=665784 rate=0.35s/card eta=12.2m Pangoro
  4133/6230 pid=665785 rate=0.35s/card eta=12.2m Fezandipiti ex - 114/193
  4134/6230 pid=665786 rate=0.35s/card eta=12.2m Pecharunt
  4135/6230 pid=665787 rate=0.35s/card eta=12.2m Pawniard
  4136/6230 pid=665788 rate=0.35s/card eta=12.2m Bisharp
  4137/6230 pid=665789 rate=0.35s/card eta=12.2m Kingambit
  4138/6230 pid=665790 rate=0.35s/card eta=12.2m Genesect ex
  4139/6230 pid=665791 rate=0.35s/card eta=12.2m Magearna
  4140/6230 pid=665792 rate=0.35s/card eta=12.2m Duraludon
  4141/6230 pid=665793 rate=0.35s/card eta=12.2m Archaludon ex
  4142/6230 pid=665794 rate=0.35s/card eta=12.2m Hop's Zacian ex
  4143/6230 pid=665795 rate=0.35s/card eta=12.2m Dratini
  4144/6230 pid=665796 rate=0.35s/card eta=12.2m Dragonair
  4145/6230 pid=665797 rate=0.35s/card eta=12.1m Mega Dragonite ex - 126/193
  4146/6230 pid=665798 rate=0.35s/card eta=12.1m Rayquaza
  4147/6230 pid=665799 rate=0.35s/card eta=12.1m N's Reshiram
  4148/6230 pid=665800 rate=0.35s/card eta=12.1m N's Zekrom - 129/193
  4149/6230 pid=665801 rate=0.35s/card eta=12.1m Noibat
  4150/6230 pid=665802 rate=0.35s/card eta=12.1m Noivern
  4151/6230 pid=665803 rate=0.35s/card eta=12.1m Dreepy - 132/193
  4152/6230 pid=665804 rate=0.35s/card eta=12.1m Drakloak - 133/193
  4153/6230 pid=665805 rate=0.35s/card eta=12.1m Dragapult ex
  4154/6230 pid=665806 rate=0.35s/card eta=12.1m Tatsugiri
  4155/6230 pid=665807 rate=0.35s/card eta=12.1m Hop's Snorlax
  4156/6230 pid=665808 rate=0.35s/card eta=12.1m Hoothoot
  4157/6230 pid=665809 rate=0.35s/card eta=12.1m Noctowl
  4158/6230 pid=665810 rate=0.35s/card eta=12.1m Fan Rotom - 139/193
  4159/6230 pid=665811 rate=0.35s/card eta=12.1m Bouffalant
  4160/6230 pid=665812 rate=0.35s/card eta=12.1m Hop's Wooloo
  4161/6230 pid=665813 rate=0.35s/card eta=12.1m Hop's Dubwool
  4162/6230 pid=665814 rate=0.35s/card eta=12.0m Hop's Cramorant
  4163/6230 pid=665815 rate=0.35s/card eta=12.0m Terapagos
  4164/6230 pid=665816 rate=0.35s/card eta=12.0m Terapagos ex
  4165/6230 pid=665817 rate=0.35s/card eta=12.0m N's PP Up - 146/193
  4166/6230 pid=665818 rate=0.35s/card eta=12.0m Energy Recycler
  4167/6230 pid=665819 rate=0.35s/card eta=12.0m Enhanced Hammer
  4168/6230 pid=665820 rate=0.35s/card eta=12.0m Glass Trumpet - 149/193
  4169/6230 pid=665821 rate=0.35s/card eta=12.0m Sacred Ash
  4170/6230 pid=665822 rate=0.35s/card eta=12.0m Tool Scrapper
  4171/6230 pid=665823 rate=0.35s/card eta=12.0m Tera Orb
  4172/6230 pid=665824 rate=0.35s/card eta=12.0m Buddy-Buddy Poffin
  4173/6230 pid=665825 rate=0.35s/card eta=12.0m Premium Power Pro
  4174/6230 pid=665826 rate=0.35s/card eta=12.0m Fighting Gong
  4175/6230 pid=665827 rate=0.35s/card eta=12.0m Hop's Bag
  4176/6230 pid=665828 rate=0.35s/card eta=12.0m Bug Catching Set
  4177/6230 pid=665829 rate=0.35s/card eta=12.0m Mega Signal
  4178/6230 pid=665830 rate=0.35s/card eta=11.9m Night Stretcher
  4179/6230 pid=665831 rate=0.35s/card eta=11.9m Team Rocket's Transceiver - 160/193
  4180/6230 pid=665832 rate=0.35s/card eta=11.9m Counter Gain - 161/193
  4181/6230 pid=665833 rate=0.35s/card eta=11.9m Cynthia's Power Weight
  4182/6230 pid=665834 rate=0.35s/card eta=11.9m Light Ball
  4183/6230 pid=665835 rate=0.35s/card eta=11.9m Thick Scales
  4184/6230 pid=665836 rate=0.35s/card eta=11.9m Air Balloon
  4185/6230 pid=665837 rate=0.35s/card eta=11.9m Brave Bangle
  4186/6230 pid=665838 rate=0.35s/card eta=11.9m Hop's Choice Band
  4187/6230 pid=665839 rate=0.35s/card eta=11.9m Iris's Fighting Spirit - 168/193
  4188/6230 pid=665840 rate=0.35s/card eta=11.9m Acerola's Mischief
  4189/6230 pid=665841 rate=0.35s/card eta=11.9m Canari - 170/193
  4190/6230 pid=665842 rate=0.35s/card eta=11.9m Surfer - 171/193
  4191/6230 pid=665843 rate=0.35s/card eta=11.9m Hilda
  4192/6230 pid=665844 rate=0.35s/card eta=11.9m Anthea & Concordia - 173/193
  4193/6230 pid=665845 rate=0.35s/card eta=11.9m Ethan's Adventure
  4194/6230 pid=665846 rate=0.35s/card eta=11.9m Lillie's Determination
  4195/6230 pid=665847 rate=0.35s/card eta=11.8m Team Rocket's Ariana
  4196/6230 pid=665848 rate=0.35s/card eta=11.8m Team Rocket's Archer
  4197/6230 pid=665849 rate=0.35s/card eta=11.8m Team Rocket's Giovanni
  4198/6230 pid=665850 rate=0.35s/card eta=11.8m Team Rocket's Petrel
  4199/6230 pid=665851 rate=0.35s/card eta=11.8m Team Rocket's Proton
  4200/6230 pid=665852 rate=0.35s/card eta=11.8m N's Castle
  4201/6230 pid=665853 rate=0.35s/card eta=11.8m Forest of Vitality
  4202/6230 pid=665854 rate=0.35s/card eta=11.8m Gravity Mountain
  4203/6230 pid=665855 rate=0.35s/card eta=11.8m Area Zero Underdepths
  4204/6230 pid=665856 rate=0.35s/card eta=11.8m Levincia
  4205/6230 pid=665857 rate=0.35s/card eta=11.8m Postwick
  4206/6230 pid=665858 rate=0.35s/card eta=11.8m Mystery Garden
  4207/6230 pid=665859 rate=0.35s/card eta=11.8m Mine at Night
  4208/6230 pid=665860 rate=0.35s/card eta=11.8m Team Rocket's Watchtower
  4209/6230 pid=665861 rate=0.35s/card eta=11.8m Team Rocket's Factory
  4210/6230 pid=665862 rate=0.35s/card eta=11.8m Ignition Energy
  4211/6230 pid=665863 rate=0.35s/card eta=11.8m Prism Energy
  4212/6230 pid=665864 rate=0.35s/card eta=11.7m Team Rocket's Energy
  4213/6230 pid=665865 rate=0.35s/card eta=11.7m Beautifly - 194/193
  4214/6230 pid=665866 rate=0.35s/card eta=11.7m Dustox - 195/193
  4215/6230 pid=665867 rate=0.35s/card eta=11.7m Budew - 196/193
  4216/6230 pid=665868 rate=0.35s/card eta=11.7m Ethan's Magcargo - 197/193
  4217/6230 pid=665869 rate=0.35s/card eta=11.7m Numel - 198/193
  4218/6230 pid=665870 rate=0.35s/card eta=11.7m Psyduck - 199/193
  4219/6230 pid=665871 rate=0.35s/card eta=11.7m Snorunt - 200/193
  4220/6230 pid=665872 rate=0.35s/card eta=11.7m Heliolisk - 201/193
  4221/6230 pid=665873 rate=0.35s/card eta=11.7m Misdreavus - 202/193
  4222/6230 pid=665874 rate=0.35s/card eta=11.7m Togekiss - 203/193
  4223/6230 pid=665875 rate=0.35s/card eta=11.7m Hop's Trevenant - 204/193
  4224/6230 pid=665876 rate=0.35s/card eta=11.7m Team Rocket's Mimikyu - 205/193
  4225/6230 pid=665877 rate=0.35s/card eta=11.7m Team Rocket's Dugtrio - 206/193
  4226/6230 pid=665878 rate=0.35s/card eta=11.7m Medicham - 207/193
  4227/6230 pid=665879 rate=0.35s/card eta=11.7m Cynthia's Spiritomb - 208/193
  4228/6230 pid=665880 rate=0.35s/card eta=11.6m Galarian Obstagoon - 209/193
  4229/6230 pid=665881 rate=0.35s/card eta=11.6m N's Zekrom - 210/193
  4230/6230 pid=665882 rate=0.35s/card eta=11.6m Dreepy - 211/193
  4231/6230 pid=665883 rate=0.35s/card eta=11.6m Drakloak - 212/193
  4232/6230 pid=665884 rate=0.35s/card eta=11.6m Fan Rotom - 213/193
  4233/6230 pid=665885 rate=0.35s/card eta=11.6m N's PP Up - 214/193
  4234/6230 pid=665886 rate=0.35s/card eta=11.6m Glass Trumpet - 215/193
  4235/6230 pid=665887 rate=0.35s/card eta=11.6m Ultra Ball
  4236/6230 pid=665888 rate=0.35s/card eta=11.6m Team Rocket's Transceiver - 217/193
  4237/6230 pid=665889 rate=0.35s/card eta=11.6m Counter Gain - 218/193
  4238/6230 pid=665890 rate=0.35s/card eta=11.6m Canari - 219/193
  4239/6230 pid=665891 rate=0.35s/card eta=11.6m Black Belt's Training
  4240/6230 pid=665892 rate=0.35s/card eta=11.6m Anthea & Concordia - 221/193
  4241/6230 pid=665893 rate=0.35s/card eta=11.6m Jamming Tower
  4242/6230 pid=665894 rate=0.35s/card eta=11.6m Mega Charizard X ex
  4243/6230 pid=665895 rate=0.35s/card eta=11.6m Mega Dragonite ex - 232/193
  4244/6230 pid=665896 rate=0.35s/card eta=11.6m Mega Froslass ex - 224/193
  4245/6230 pid=665897 rate=0.35s/card eta=11.5m Mega Eelektross ex - 225/193
  4246/6230 pid=665898 rate=0.35s/card eta=11.5m Mega Gardevoir ex - 226/193
  4247/6230 pid=665899 rate=0.35s/card eta=11.5m Mega Diancie ex - 227/193
  4248/6230 pid=665900 rate=0.35s/card eta=11.5m Mega Lucario ex - 228/193
  4249/6230 pid=665901 rate=0.35s/card eta=11.5m Mega Hawlucha ex - 229/193
  4250/6230 pid=665902 rate=0.35s/card eta=11.5m Mega Gengar ex - 230/193
  4251/6230 pid=665903 rate=0.35s/card eta=11.5m Mega Scrafty ex - 231/193
  4252/6230 pid=665904 rate=0.35s/card eta=11.5m Mega Froslass ex - 233/193
  4253/6230 pid=665905 rate=0.35s/card eta=11.5m Pikachu ex - 234/193
  4254/6230 pid=665906 rate=0.35s/card eta=11.5m Mega Eelektross ex - 235/193
  4255/6230 pid=665907 rate=0.35s/card eta=11.5m Iono's Bellibolt ex - 236/193
  4256/6230 pid=665908 rate=0.35s/card eta=11.5m Team Rocket's Mewtwo ex - 237/193
  4257/6230 pid=665909 rate=0.35s/card eta=11.5m Mega Diancie ex - 238/193
  4258/6230 pid=665910 rate=0.35s/card eta=11.5m Mega Hawlucha ex - 239/193
  4259/6230 pid=665911 rate=0.35s/card eta=11.5m Mega Gengar ex - 240/193
  4260/6230 pid=665912 rate=0.35s/card eta=11.5m Mega Scrafty ex - 241/193
  4261/6230 pid=665913 rate=0.35s/card eta=11.5m N's Zoroark ex - 242/193
  4262/6230 pid=665914 rate=0.35s/card eta=11.4m Marnie's Grimmsnarl ex
  4263/6230 pid=665915 rate=0.35s/card eta=11.4m Fezandipiti ex - 244/193
  4264/6230 pid=665916 rate=0.35s/card eta=11.4m Steven's Metagross ex
  4265/6230 pid=665917 rate=0.35s/card eta=11.4m Mega Dragonite ex - 246/193
  4266/6230 pid=665918 rate=0.35s/card eta=11.4m Iris's Fighting Spirit - 247/193
  4267/6230 pid=665919 rate=0.35s/card eta=11.4m Canari - 248/193
  4268/6230 pid=665920 rate=0.35s/card eta=11.4m Surfer - 249/193
  4269/6230 pid=665921 rate=0.35s/card eta=11.4m Mega Dragonite ex - 250/193
  4270/6230 pid=665923 rate=0.35s/card eta=11.4m Yanma (Quick Ball Pattern)
  4271/6230 pid=665924 rate=0.35s/card eta=11.4m Wurmple (Love Ball Pattern)
  4272/6230 pid=665925 rate=0.35s/card eta=11.4m Silcoon (Love Ball Pattern)
  4273/6230 pid=665926 rate=0.35s/card eta=11.4m Beautifly - 006/193 (Love Ball Pattern)
  4274/6230 pid=665928 rate=0.35s/card eta=11.4m Dustox - 008/193 (Love Ball Pattern)
  4275/6230 pid=665929 rate=0.35s/card eta=11.4m Cynthia's Roselia (Poke Ball Pattern)
  4276/6230 pid=665930 rate=0.35s/card eta=11.4m Cynthia's Roserade (Poke Ball Pattern)
  4277/6230 pid=665931 rate=0.35s/card eta=11.4m Budew - 011/193 (Friend Ball Pattern)
  4278/6230 pid=665932 rate=0.35s/card eta=11.3m Shaymin (Poke Ball Pattern)
  4279/6230 pid=665933 rate=0.35s/card eta=11.3m Dwebble (Friend Ball Pattern)
  4280/6230 pid=665934 rate=0.35s/card eta=11.3m Crustle (Friend Ball Pattern)
  4281/6230 pid=665935 rate=0.35s/card eta=11.3m Team Rocket's Tarountula (Team Rocket Pa
  4282/6230 pid=665936 rate=0.35s/card eta=11.3m Team Rocket's Spidops (Team Rocket Patte
  4283/6230 pid=665937 rate=0.35s/card eta=11.3m Ethan's Slugma (Poke Ball Pattern)
  4284/6230 pid=665938 rate=0.35s/card eta=11.3m Ethan's Magcargo - 019/193 (Poke Ball Pa
  4285/6230 pid=665940 rate=0.35s/card eta=11.3m Numel - 022/193 (Quick Ball Pattern)
  4286/6230 pid=665941 rate=0.35s/card eta=11.3m Camerupt (Quick Ball Pattern)
  4287/6230 pid=665942 rate=0.35s/card eta=11.3m Tepig (Friend Ball Pattern)
  4288/6230 pid=665943 rate=0.35s/card eta=11.3m Pignite (Friend Ball Pattern)
  4289/6230 pid=665944 rate=0.35s/card eta=11.3m Emboar (Friend Ball Pattern)
  4290/6230 pid=665945 rate=0.35s/card eta=11.3m N's Darumaka (Poke Ball Pattern)
  4291/6230 pid=665946 rate=0.35s/card eta=11.3m N's Darmanitan (Poke Ball Pattern)
  4292/6230 pid=665948 rate=0.35s/card eta=11.3m Psyduck - 032/193 (Love Ball Pattern)
  4293/6230 pid=665949 rate=0.35s/card eta=11.3m Golduck (Love Ball Pattern)
  4294/6230 pid=665950 rate=0.35s/card eta=11.3m Team Rocket's Articuno (Team Rocket Patt
  4295/6230 pid=665951 rate=0.35s/card eta=11.2m Snorunt - 035/193 (Love Ball Pattern)
  4296/6230 pid=665952 rate=0.35s/card eta=11.2m N's Vanillite (Poke Ball Pattern)
  4297/6230 pid=665953 rate=0.35s/card eta=11.2m N's Vanillish (Poke Ball Pattern)
  4298/6230 pid=665954 rate=0.35s/card eta=11.2m N's Vanilluxe (Poke Ball Pattern)
  4299/6230 pid=665955 rate=0.35s/card eta=11.2m Snom (Friend Ball Pattern)
  4300/6230 pid=665956 rate=0.35s/card eta=11.2m Frosmoth (Friend Ball Pattern)
  4301/6230 pid=665957 rate=0.35s/card eta=11.2m Glastrier (Friend Ball Pattern)
  4302/6230 pid=665958 rate=0.35s/card eta=11.2m Chien-Pao (Dusk Ball Pattern)
  4303/6230 pid=665959 rate=0.35s/card eta=11.2m Magnemite (Friend Ball Pattern)
  4304/6230 pid=665960 rate=0.35s/card eta=11.2m Magneton (Friend Ball Pattern)
  4305/6230 pid=665961 rate=0.35s/card eta=11.2m Tynamo (Quick Ball Pattern)
  4306/6230 pid=665963 rate=0.35s/card eta=11.2m Stunfisk (Quick Ball Pattern)
  4307/6230 pid=665964 rate=0.35s/card eta=11.2m Helioptile (Quick Ball Pattern)
  4308/6230 pid=665965 rate=0.35s/card eta=11.2m Heliolisk - 053/193 (Quick Ball Pattern)
  4309/6230 pid=665966 rate=0.35s/card eta=11.2m Tapu Koko (Quick Ball Pattern)
  4310/6230 pid=665967 rate=0.35s/card eta=11.2m Zeraora (Poke Ball Pattern)
  4311/6230 pid=665968 rate=0.35s/card eta=11.2m Iono's Tadbulb (Poke Ball Pattern)
  4312/6230 pid=665970 rate=0.35s/card eta=11.1m Iono's Kilowattrel (Poke Ball Pattern)
  4313/6230 pid=665971 rate=0.35s/card eta=11.1m Team Rocket's Exeggcute (Team Rocket Pat
  4314/6230 pid=665972 rate=0.35s/card eta=11.1m Team Rocket's Exeggutor (Team Rocket Pat
  4315/6230 pid=665973 rate=0.35s/card eta=11.1m Togepi (Love Ball Pattern)
  4316/6230 pid=665974 rate=0.35s/card eta=11.1m Togetic (Love Ball Pattern)
  4317/6230 pid=665975 rate=0.35s/card eta=11.1m Togekiss - 066/193 (Love Ball Pattern)
  4318/6230 pid=665976 rate=0.35s/card eta=11.1m Misdreavus - 067/193 (Dusk Ball Pattern)
  4319/6230 pid=665977 rate=0.35s/card eta=11.1m Mismagius (Dusk Ball Pattern)
  4320/6230 pid=665978 rate=0.35s/card eta=11.1m Ralts (Love Ball Pattern)
  4321/6230 pid=665979 rate=0.35s/card eta=11.1m Kirlia (Love Ball Pattern)
  4322/6230 pid=665980 rate=0.35s/card eta=11.1m Duskull (Dusk Ball Pattern)
  4323/6230 pid=665981 rate=0.35s/card eta=11.1m Dusclops (Dusk Ball Pattern)
  4324/6230 pid=665982 rate=0.35s/card eta=11.1m Dusknoir (Dusk Ball Pattern)
  4325/6230 pid=665984 rate=0.35s/card eta=11.1m Hop's Phantump (Poke Ball Pattern)
  4326/6230 pid=665985 rate=0.35s/card eta=11.1m Hop's Trevenant - 078/193 (Poke Ball Pat
  4327/6230 pid=665986 rate=0.35s/card eta=11.1m Team Rocket's Mimikyu - 079/193 (Team Ro
  4328/6230 pid=665987 rate=0.35s/card eta=11.1m Spectrier (Dusk Ball Pattern)
  4329/6230 pid=665988 rate=0.35s/card eta=11.0m Munkidori (Dusk Ball Pattern)
  4330/6230 pid=665989 rate=0.35s/card eta=11.0m Team Rocket's Diglett (Team Rocket Patte
  4331/6230 pid=665990 rate=0.35s/card eta=11.0m Team Rocket's Dugtrio - 083/193 (Team Ro
  4332/6230 pid=665991 rate=0.35s/card eta=11.0m Meditite (Quick Ball Pattern)
  4333/6230 pid=665992 rate=0.35s/card eta=11.0m Medicham - 085/193 (Quick Ball Pattern)
  4334/6230 pid=665993 rate=0.35s/card eta=11.0m Lunatone (Dusk Ball Pattern)
  4335/6230 pid=665994 rate=0.35s/card eta=11.0m Solrock (Dusk Ball Pattern)
  4336/6230 pid=665995 rate=0.35s/card eta=11.0m Cynthia's Gible (Poke Ball Pattern)
  4337/6230 pid=665996 rate=0.35s/card eta=11.0m Cynthia's Gabite (Poke Ball Pattern)
  4338/6230 pid=665998 rate=0.35s/card eta=11.0m Pancham (Love Ball Pattern)
  4339/6230 pid=665999 rate=0.35s/card eta=11.0m Rolycoly (Dusk Ball Pattern)
  4340/6230 pid=666000 rate=0.35s/card eta=11.0m Carkol (Dusk Ball Pattern)
  4341/6230 pid=666001 rate=0.35s/card eta=11.0m Coalossal (Dusk Ball Pattern)
  4342/6230 pid=666002 rate=0.35s/card eta=11.0m Okidogi (Friend Ball Pattern)
  4343/6230 pid=666003 rate=0.35s/card eta=11.0m Team Rocket's Zubat (Team Rocket Pattern
  4344/6230 pid=666004 rate=0.35s/card eta=11.0m Team Rocket's Golbat (Team Rocket Patter
  4345/6230 pid=666005 rate=0.35s/card eta=10.9m Team Rocket's Murkrow (Team Rocket Patte
  4346/6230 pid=666006 rate=0.35s/card eta=10.9m Team Rocket's Honchkrow (Team Rocket Pat
  4347/6230 pid=666007 rate=0.35s/card eta=10.9m Team Rocket's Sneasel (Team Rocket Patte
  4348/6230 pid=666008 rate=0.35s/card eta=10.9m Galarian Zigzagoon (Dusk Ball Pattern)
  4349/6230 pid=666009 rate=0.35s/card eta=10.9m Galarian Linoone (Dusk Ball Pattern)
  4350/6230 pid=666010 rate=0.35s/card eta=10.9m Galarian Obstagoon - 107/193 (Dusk Ball 
  4351/6230 pid=666011 rate=0.35s/card eta=10.9m Cynthia's Spiritomb - 108/193 (Poke Ball
  4352/6230 pid=666012 rate=0.35s/card eta=10.9m Scraggy (Quick Ball Pattern)
  4353/6230 pid=666013 rate=0.35s/card eta=10.9m N's Zorua (Poke Ball Pattern)
  4354/6230 pid=666014 rate=0.35s/card eta=10.9m Pangoro (Love Ball Pattern)
  4355/6230 pid=666015 rate=0.35s/card eta=10.9m Pecharunt (Poke Ball Pattern)
  4356/6230 pid=666016 rate=0.35s/card eta=10.9m Pawniard (Quick Ball Pattern)
  4357/6230 pid=666017 rate=0.35s/card eta=10.9m Bisharp (Quick Ball Pattern)
  4358/6230 pid=666018 rate=0.35s/card eta=10.9m Kingambit (Quick Ball Pattern)
  4359/6230 pid=666019 rate=0.35s/card eta=10.9m Magearna (Poke Ball Pattern)
  4360/6230 pid=666020 rate=0.35s/card eta=10.9m Duraludon (Friend Ball Pattern)
  4361/6230 pid=666022 rate=0.35s/card eta=10.9m Dragonair (Love Ball Pattern)
  4362/6230 pid=666023 rate=0.35s/card eta=10.8m Rayquaza (Friend Ball Pattern)
  4363/6230 pid=666024 rate=0.35s/card eta=10.8m N's Reshiram (Poke Ball Pattern)
  4364/6230 pid=666025 rate=0.35s/card eta=10.8m N's Zekrom - 129/193 (Poke Ball Pattern)
  4365/6230 pid=666026 rate=0.35s/card eta=10.8m Noibat (Friend Ball Pattern)
  4366/6230 pid=666027 rate=0.35s/card eta=10.8m Noivern (Friend Ball Pattern)
  4367/6230 pid=666028 rate=0.35s/card eta=10.8m Dreepy - 132/193 (Quick Ball Pattern)
  4368/6230 pid=666029 rate=0.35s/card eta=10.8m Drakloak - 133/193 (Quick Ball Pattern)
  4369/6230 pid=666030 rate=0.35s/card eta=10.8m Tatsugiri (Friend Ball Pattern)
  4370/6230 pid=666031 rate=0.35s/card eta=10.8m Hop's Snorlax (Poke Ball Pattern)
  4371/6230 pid=666032 rate=0.35s/card eta=10.8m Hoothoot (Dusk Ball Pattern)
  4372/6230 pid=666033 rate=0.35s/card eta=10.8m Noctowl (Dusk Ball Pattern)
  4373/6230 pid=666034 rate=0.35s/card eta=10.8m Fan Rotom - 139/193 (Dusk Ball Pattern)
  4374/6230 pid=666036 rate=0.35s/card eta=10.8m Hop's Wooloo (Poke Ball Pattern)
  4375/6230 pid=666037 rate=0.35s/card eta=10.8m Hop's Dubwool (Poke Ball Pattern)
  4376/6230 pid=666038 rate=0.35s/card eta=10.8m Hop's Cramorant (Poke Ball Pattern)
  4377/6230 pid=666039 rate=0.35s/card eta=10.8m Terapagos (Love Ball Pattern)
  4378/6230 pid=666088 rate=0.35s/card eta=10.8m Ethan's Pinsir (Energy Symbol Pattern)
  4379/6230 pid=666089 rate=0.35s/card eta=10.7m Yanma (Energy Symbol Pattern)
  4380/6230 pid=666090 rate=0.35s/card eta=10.7m Wurmple (Energy Symbol Pattern)
  4381/6230 pid=666091 rate=0.35s/card eta=10.7m Silcoon (Energy Symbol Pattern)
  4382/6230 pid=666092 rate=0.35s/card eta=10.7m Beautifly - 006/193 (Energy Symbol Patte
  4383/6230 pid=666093 rate=0.35s/card eta=10.7m Cascoon (Energy Symbol Pattern)
  4384/6230 pid=666094 rate=0.35s/card eta=10.7m Dustox - 008/193 (Energy Symbol Pattern)
  4385/6230 pid=666095 rate=0.35s/card eta=10.7m Cynthia's Roselia (Energy Symbol Pattern
  4386/6230 pid=666097 rate=0.35s/card eta=10.7m Budew - 011/193 (Energy Symbol Pattern)
  4387/6230 pid=666098 rate=0.35s/card eta=10.7m Shaymin (Energy Symbol Pattern)
  4388/6230 pid=666099 rate=0.35s/card eta=10.7m Dwebble (Energy Symbol Pattern)
  4389/6230 pid=666100 rate=0.35s/card eta=10.7m Crustle (Energy Symbol Pattern)
  4390/6230 pid=666101 rate=0.35s/card eta=10.7m Team Rocket's Tarountula (Energy Symbol 
  4391/6230 pid=666102 rate=0.35s/card eta=10.7m Team Rocket's Spidops (Energy Symbol Pat
  4392/6230 pid=666103 rate=0.35s/card eta=10.7m Ethan's Slugma (Energy Symbol Pattern)
  4393/6230 pid=666104 rate=0.35s/card eta=10.7m Ethan's Magcargo - 019/193 (Energy Symbo
  4394/6230 pid=666105 rate=0.35s/card eta=10.7m Entei (Energy Symbol Pattern)
  4395/6230 pid=666106 rate=0.35s/card eta=10.7m Numel - 022/193 (Energy Symbol Pattern)
  4396/6230 pid=666107 rate=0.35s/card eta=10.6m Camerupt (Energy Symbol Pattern)
  4397/6230 pid=666108 rate=0.35s/card eta=10.6m Tepig (Energy Symbol Pattern)
  4398/6230 pid=666109 rate=0.35s/card eta=10.6m Pignite (Energy Symbol Pattern)
  4399/6230 pid=666110 rate=0.35s/card eta=10.6m Emboar (Energy Symbol Pattern)
  4400/6230 pid=666111 rate=0.35s/card eta=10.6m N's Darumaka (Energy Symbol Pattern)
  4401/6230 pid=666112 rate=0.35s/card eta=10.6m N's Darmanitan (Energy Symbol Pattern)
  4402/6230 pid=666113 rate=0.35s/card eta=10.6m Charcadet (Energy Symbol Pattern)
  4403/6230 pid=666114 rate=0.35s/card eta=10.6m Psyduck - 032/193 (Energy Symbol Pattern
  4404/6230 pid=666115 rate=0.35s/card eta=10.6m Golduck (Energy Symbol Pattern)
  4405/6230 pid=666116 rate=0.35s/card eta=10.6m Team Rocket's Articuno (Energy Symbol Pa
  4406/6230 pid=666117 rate=0.35s/card eta=10.6m Snorunt - 035/193 (Energy Symbol Pattern
  4407/6230 pid=666118 rate=0.35s/card eta=10.6m N's Vanillite (Energy Symbol Pattern)
  4408/6230 pid=666120 rate=0.35s/card eta=10.6m N's Vanilluxe (Energy Symbol Pattern)
  4409/6230 pid=666121 rate=0.35s/card eta=10.6m Snom (Energy Symbol Pattern)
  4410/6230 pid=666122 rate=0.35s/card eta=10.6m Frosmoth (Energy Symbol Pattern)
  4411/6230 pid=666123 rate=0.35s/card eta=10.6m Glastrier (Energy Symbol Pattern)
  4412/6230 pid=666124 rate=0.35s/card eta=10.6m Chien-Pao (Energy Symbol Pattern)
  4413/6230 pid=666125 rate=0.35s/card eta=10.5m Magnemite (Energy Symbol Pattern)
  4414/6230 pid=666126 rate=0.35s/card eta=10.5m Magneton (Energy Symbol Pattern)
  4415/6230 pid=666128 rate=0.35s/card eta=10.5m Eelektrik (Energy Symbol Pattern)
  4416/6230 pid=666129 rate=0.35s/card eta=10.5m Stunfisk (Energy Symbol Pattern)
  4417/6230 pid=666130 rate=0.35s/card eta=10.5m Helioptile (Energy Symbol Pattern)
  4418/6230 pid=666131 rate=0.35s/card eta=10.5m Heliolisk - 053/193 (Energy Symbol Patte
  4419/6230 pid=666132 rate=0.35s/card eta=10.5m Tapu Koko (Energy Symbol Pattern)
  4420/6230 pid=666133 rate=0.35s/card eta=10.5m Zeraora (Energy Symbol Pattern)
  4421/6230 pid=666134 rate=0.35s/card eta=10.5m Iono's Tadbulb (Energy Symbol Pattern)
  4422/6230 pid=666135 rate=0.35s/card eta=10.5m Iono's Wattrel (Energy Symbol Pattern)
  4423/6230 pid=666136 rate=0.35s/card eta=10.5m Iono's Kilowattrel (Energy Symbol Patter
  4424/6230 pid=666137 rate=0.35s/card eta=10.5m Team Rocket's Exeggcute (Energy Symbol P
  4425/6230 pid=666138 rate=0.35s/card eta=10.5m Team Rocket's Exeggutor (Energy Symbol P
  4426/6230 pid=666139 rate=0.35s/card eta=10.5m Togepi (Energy Symbol Pattern)
  4427/6230 pid=666141 rate=0.35s/card eta=10.5m Togekiss - 066/193 (Energy Symbol Patter
  4428/6230 pid=666142 rate=0.35s/card eta=10.5m Misdreavus - 067/193 (Energy Symbol Patt
  4429/6230 pid=666143 rate=0.35s/card eta=10.4m Mismagius (Energy Symbol Pattern)
  4430/6230 pid=666144 rate=0.35s/card eta=10.4m Ralts (Energy Symbol Pattern)
  4431/6230 pid=666146 rate=0.35s/card eta=10.4m Duskull (Energy Symbol Pattern)
  4432/6230 pid=666148 rate=0.35s/card eta=10.4m Dusknoir (Energy Symbol Pattern)
  4433/6230 pid=666149 rate=0.35s/card eta=10.4m Rotom (Energy Symbol Pattern)
  4434/6230 pid=666150 rate=0.35s/card eta=10.4m Hop's Phantump (Energy Symbol Pattern)
  4435/6230 pid=666151 rate=0.35s/card eta=10.4m Hop's Trevenant - 078/193 (Energy Symbol
  4436/6230 pid=666152 rate=0.35s/card eta=10.4m Team Rocket's Mimikyu - 079/193 (Energy 
  4437/6230 pid=666153 rate=0.35s/card eta=10.4m Spectrier (Energy Symbol Pattern)
  4438/6230 pid=666155 rate=0.35s/card eta=10.4m Team Rocket's Diglett (Energy Symbol Pat
  4439/6230 pid=666156 rate=0.35s/card eta=10.4m Team Rocket's Dugtrio - 083/193 (Energy 
  4440/6230 pid=666157 rate=0.35s/card eta=10.4m Meditite (Energy Symbol Pattern)
  4441/6230 pid=666158 rate=0.35s/card eta=10.4m Medicham - 085/193 (Energy Symbol Patter
  4442/6230 pid=666159 rate=0.35s/card eta=10.4m Lunatone (Energy Symbol Pattern)
  4443/6230 pid=666160 rate=0.35s/card eta=10.4m Solrock (Energy Symbol Pattern)
  4444/6230 pid=666161 rate=0.35s/card eta=10.4m Cynthia's Gible (Energy Symbol Pattern)
  4445/6230 pid=666162 rate=0.35s/card eta=10.4m Cynthia's Gabite (Energy Symbol Pattern)
  4446/6230 pid=666163 rate=0.35s/card eta=10.3m Riolu (Energy Symbol Pattern)
  4447/6230 pid=666166 rate=0.35s/card eta=10.3m Carkol (Energy Symbol Pattern)
  4448/6230 pid=666167 rate=0.35s/card eta=10.3m Coalossal (Energy Symbol Pattern)
  4449/6230 pid=666168 rate=0.35s/card eta=10.3m Okidogi (Energy Symbol Pattern)
  4450/6230 pid=666169 rate=0.35s/card eta=10.3m Team Rocket's Zubat (Energy Symbol Patte
  4451/6230 pid=666170 rate=0.35s/card eta=10.3m Team Rocket's Golbat (Energy Symbol Patt
  4452/6230 pid=666172 rate=0.35s/card eta=10.3m Team Rocket's Honchkrow (Energy Symbol P
  4453/6230 pid=666173 rate=0.35s/card eta=10.3m Team Rocket's Sneasel (Energy Symbol Pat
  4454/6230 pid=666174 rate=0.35s/card eta=10.3m Galarian Zigzagoon (Energy Symbol Patter
  4455/6230 pid=666175 rate=0.35s/card eta=10.3m Galarian Linoone (Energy Symbol Pattern)
  4456/6230 pid=666176 rate=0.35s/card eta=10.3m Galarian Obstagoon - 107/193 (Energy Sym
  4457/6230 pid=666178 rate=0.35s/card eta=10.3m Scraggy (Energy Symbol Pattern)
  4458/6230 pid=666180 rate=0.35s/card eta=10.3m Pangoro (Energy Symbol Pattern)
  4459/6230 pid=666181 rate=0.35s/card eta=10.3m Pecharunt (Energy Symbol Pattern)
  4460/6230 pid=666182 rate=0.35s/card eta=10.3m Pawniard (Energy Symbol Pattern)
  4461/6230 pid=666184 rate=0.35s/card eta=10.3m Kingambit (Energy Symbol Pattern)
  4462/6230 pid=666185 rate=0.35s/card eta=10.3m Magearna (Energy Symbol Pattern)
  4463/6230 pid=666186 rate=0.35s/card eta=10.2m Duraludon (Energy Symbol Pattern)
  4464/6230 pid=666187 rate=0.35s/card eta=10.2m Dratini (Energy Symbol Pattern)
  4465/6230 pid=666188 rate=0.35s/card eta=10.2m Dragonair (Energy Symbol Pattern)
  4466/6230 pid=666189 rate=0.35s/card eta=10.2m Rayquaza (Energy Symbol Pattern)
  4467/6230 pid=666190 rate=0.35s/card eta=10.2m N's Reshiram (Energy Symbol Pattern)
  4468/6230 pid=666191 rate=0.35s/card eta=10.2m N's Zekrom - 129/193 (Energy Symbol Patt
  4469/6230 pid=666192 rate=0.35s/card eta=10.2m Noibat (Energy Symbol Pattern)
  4470/6230 pid=666194 rate=0.35s/card eta=10.2m Dreepy - 132/193 (Energy Symbol Pattern)
  4471/6230 pid=666195 rate=0.35s/card eta=10.2m Drakloak - 133/193 (Energy Symbol Patter
  4472/6230 pid=666196 rate=0.35s/card eta=10.2m Tatsugiri (Energy Symbol Pattern)
  4473/6230 pid=666197 rate=0.35s/card eta=10.2m Hop's Snorlax (Energy Symbol Pattern)
  4474/6230 pid=666198 rate=0.35s/card eta=10.2m Hoothoot (Energy Symbol Pattern)
  4475/6230 pid=666199 rate=0.35s/card eta=10.2m Noctowl (Energy Symbol Pattern)
  4476/6230 pid=666200 rate=0.35s/card eta=10.2m Fan Rotom - 139/193 (Energy Symbol Patte
  4477/6230 pid=666202 rate=0.35s/card eta=10.2m Hop's Wooloo (Energy Symbol Pattern)
  4478/6230 pid=666203 rate=0.35s/card eta=10.2m Hop's Dubwool (Energy Symbol Pattern)
  4479/6230 pid=666204 rate=0.35s/card eta=10.2m Hop's Cramorant (Energy Symbol Pattern)
  4480/6230 pid=666205 rate=0.35s/card eta=10.1m Terapagos (Energy Symbol Pattern)
  4481/6230 pid=666254 rate=0.35s/card eta=10.1m Mega Dream ex Booster Box
  4482/6230 pid=666255 rate=0.35s/card eta=10.1m Mega Dream ex Booster Pack
  4483/6230 pid=666516 rate=0.35s/card eta=10.1m E-Card 1st Edition Starter Deck
  4484/6230 pid=669310 rate=0.35s/card eta=10.1m Medicham ex
  4485/6230 pid=669311 rate=0.35s/card eta=10.1m Lunatone
  4486/6230 pid=669312 rate=0.35s/card eta=10.1m Solrock
  4487/6230 pid=669313 rate=0.35s/card eta=10.1m Regirock
  4488/6230 pid=669314 rate=0.35s/card eta=10.1m Regirock ex
  4489/6230 pid=669315 rate=0.35s/card eta=10.1m Regirock ex (Mirror Holo)
  4490/6230 pid=669316 rate=0.35s/card eta=10.1m Groudon
  4491/6230 pid=669317 rate=0.35s/card eta=10.1m Cynthia's Gible
  4492/6230 pid=669318 rate=0.35s/card eta=10.1m Cynthia's Gabite
  4493/6230 pid=669319 rate=0.35s/card eta=10.1m Cynthia's Garchomp ex
  4494/6230 pid=669320 rate=0.35s/card eta=10.1m Riolu
  4495/6230 pid=669321 rate=0.35s/card eta=10.1m Lucario ex
  4496/6230 pid=669322 rate=0.35s/card eta=10.1m Croagunk - 381/742
  4497/6230 pid=669323 rate=0.35s/card eta=10.0m Croagunk - 382/742
  4498/6230 pid=669324 rate=0.35s/card eta=10.0m Toxicroak - 383/742
  4499/6230 pid=669325 rate=0.35s/card eta=10.0m Toxicroak - 384/742
  4500/6230 pid=669326 rate=0.35s/card eta=10.0m Drilbur
  4501/6230 pid=669327 rate=0.35s/card eta=10.0m Excadrill
  4502/6230 pid=669328 rate=0.35s/card eta=10.0m Excadrill ex
  4503/6230 pid=669329 rate=0.35s/card eta=10.0m Timburr
  4504/6230 pid=669330 rate=0.35s/card eta=10.0m Gurdurr
  4505/6230 pid=669331 rate=0.35s/card eta=10.0m Conkeldurr
  4506/6230 pid=669332 rate=0.35s/card eta=10.0m Sawk
  4507/6230 pid=669333 rate=0.35s/card eta=10.0m Archen
  4508/6230 pid=669334 rate=0.35s/card eta=10.0m Archeops
  4509/6230 pid=669335 rate=0.35s/card eta=10.0m Stunfisk ex
  4510/6230 pid=669336 rate=0.35s/card eta=10.0m Stunfisk ex (Mirror Holo)
  4511/6230 pid=669337 rate=0.35s/card eta=10.0m Mienfoo
  4512/6230 pid=669338 rate=0.35s/card eta=10.0m Mienshao
  4513/6230 pid=669339 rate=0.35s/card eta=10.0m Landorus - 397/742
  4514/6230 pid=669340 rate=0.35s/card eta=9.9m Landorus - 398/742 (Mirror Holo)
  4515/6230 pid=669341 rate=0.35s/card eta=9.9m Pancham
  4516/6230 pid=669342 rate=0.35s/card eta=9.9m Carbink
  4517/6230 pid=669343 rate=0.35s/card eta=9.9m Crabrawler
  4518/6230 pid=669344 rate=0.35s/card eta=9.9m Rockruff
  4519/6230 pid=669345 rate=0.35s/card eta=9.9m Lycanroc
  4520/6230 pid=669346 rate=0.35s/card eta=9.9m Mudbray
  4521/6230 pid=669347 rate=0.35s/card eta=9.9m Mudsdale - 405/742
  4522/6230 pid=669348 rate=0.35s/card eta=9.9m Mudsdale - 406/742
  4523/6230 pid=669349 rate=0.35s/card eta=9.9m Passimian
  4524/6230 pid=669350 rate=0.35s/card eta=9.9m Marshadow
  4525/6230 pid=669351 rate=0.35s/card eta=9.9m Rolycoly
  4526/6230 pid=669352 rate=0.35s/card eta=9.9m Carkol
  4527/6230 pid=669353 rate=0.35s/card eta=9.9m Coalossal
  4528/6230 pid=669354 rate=0.35s/card eta=9.9m Clobbopus
  4529/6230 pid=669355 rate=0.35s/card eta=9.9m Grapploct
  4530/6230 pid=669356 rate=0.35s/card eta=9.9m Stonjourner
  4531/6230 pid=669357 rate=0.35s/card eta=9.8m Bloodmoon Ursaluna
  4532/6230 pid=669358 rate=0.35s/card eta=9.8m Nacli
  4533/6230 pid=669359 rate=0.35s/card eta=9.8m Naclstack
  4534/6230 pid=669360 rate=0.35s/card eta=9.8m Garganacl
  4535/6230 pid=669361 rate=0.35s/card eta=9.8m Arven's Toedscool
  4536/6230 pid=669362 rate=0.35s/card eta=9.8m Arven's Toedscruel
  4537/6230 pid=669363 rate=0.35s/card eta=9.8m Klawf
  4538/6230 pid=669364 rate=0.35s/card eta=9.8m Great Tusk
  4539/6230 pid=669365 rate=0.35s/card eta=9.8m Slither Wing
  4540/6230 pid=669366 rate=0.35s/card eta=9.8m Sandy Shocks
  4541/6230 pid=669367 rate=0.35s/card eta=9.8m Koraidon ex - 425/742
  4542/6230 pid=669368 rate=0.35s/card eta=9.8m Koraidon ex - 425/742 (Mirror Holo)
  4543/6230 pid=669369 rate=0.35s/card eta=9.8m Okidogi
  4544/6230 pid=669370 rate=0.35s/card eta=9.8m Cornerstone Mask Ogerpon
  4545/6230 pid=669371 rate=0.35s/card eta=9.8m Cornerstone Mask Ogerpon ex
  4546/6230 pid=669372 rate=0.35s/card eta=9.8m Iron Boulder ex (Mirror Holo)
  4547/6230 pid=669373 rate=0.35s/card eta=9.8m Ekans
  4548/6230 pid=669374 rate=0.35s/card eta=9.7m Arbok
  4549/6230 pid=669375 rate=0.35s/card eta=9.7m Team Rocket's Nidoran F
  4550/6230 pid=669376 rate=0.35s/card eta=9.7m Team Rocket's Nidorina
  4551/6230 pid=669377 rate=0.35s/card eta=9.7m Team Rocket's Nidoqueen
  4552/6230 pid=669378 rate=0.35s/card eta=9.7m Team Rocket's Nidoran M
  4553/6230 pid=669379 rate=0.35s/card eta=9.7m Team Rocket's Nidorino
  4554/6230 pid=669380 rate=0.35s/card eta=9.7m Team Rocket's Nidoking ex
  4555/6230 pid=669381 rate=0.35s/card eta=9.7m Team Rocket's Nidoking ex (Mirror Holo)
  4556/6230 pid=669382 rate=0.35s/card eta=9.7m Team Rocket's Zubat
  4557/6230 pid=669383 rate=0.35s/card eta=9.7m Team Rocket's Golbat
  4558/6230 pid=669384 rate=0.35s/card eta=9.7m Team Rocket's Crobat ex
  4559/6230 pid=669385 rate=0.35s/card eta=9.7m Team Rocket's Crobat ex (Mirror Holo)
  4560/6230 pid=669386 rate=0.35s/card eta=9.7m Gastly - 441/742
  4561/6230 pid=669387 rate=0.35s/card eta=9.7m Gastly - 442/742
  4562/6230 pid=669388 rate=0.35s/card eta=9.7m Haunter - 443/742
  4563/6230 pid=669389 rate=0.35s/card eta=9.7m Haunter - 444/742
  4564/6230 pid=669390 rate=0.35s/card eta=9.7m Gengar ex
  4565/6230 pid=669391 rate=0.35s/card eta=9.6m Umbreon ex
  4566/6230 pid=669392 rate=0.35s/card eta=9.6m Umbreon ex (Mirror Holo)
  4567/6230 pid=669393 rate=0.35s/card eta=9.6m Team Rocket's Murkrow
  4568/6230 pid=669394 rate=0.35s/card eta=9.6m Team Rocket's Sneasel
  4569/6230 pid=669395 rate=0.35s/card eta=9.6m Houndour - 449/742
  4570/6230 pid=669396 rate=0.35s/card eta=9.6m Houndoom - 450/742
  4571/6230 pid=669397 rate=0.35s/card eta=9.6m Poochyena
  4572/6230 pid=669398 rate=0.35s/card eta=9.6m Mightyena
  4573/6230 pid=669399 rate=0.35s/card eta=9.6m Sableye
  4574/6230 pid=669400 rate=0.35s/card eta=9.6m Absol
  4575/6230 pid=669401 rate=0.35s/card eta=9.6m Spiritomb
  4576/6230 pid=669402 rate=0.35s/card eta=9.6m Darkrai ex
  4577/6230 pid=669403 rate=0.35s/card eta=9.6m Darkrai ex (Mirror Holo)
  4578/6230 pid=669404 rate=0.35s/card eta=9.6m N's Purrloin
  4579/6230 pid=669405 rate=0.35s/card eta=9.6m Marnie's Purrloin
  4580/6230 pid=669406 rate=0.35s/card eta=9.6m Marnie's Liepard
  4581/6230 pid=669407 rate=0.35s/card eta=9.6m Venipede
  4582/6230 pid=669408 rate=0.35s/card eta=9.5m Whirlipede
  4583/6230 pid=669409 rate=0.35s/card eta=9.5m Scolipede
  4584/6230 pid=669410 rate=0.35s/card eta=9.5m Marnie's Scraggy
  4585/6230 pid=669411 rate=0.35s/card eta=9.5m Marnie's Scrafty
  4586/6230 pid=669412 rate=0.35s/card eta=9.5m Trubbish
  4587/6230 pid=669413 rate=0.35s/card eta=9.5m Garbodor
  4588/6230 pid=669414 rate=0.35s/card eta=9.5m Zorua
  4589/6230 pid=669415 rate=0.35s/card eta=9.5m Zoroark
  4590/6230 pid=669416 rate=0.35s/card eta=9.5m N's Zorua
  4591/6230 pid=669418 rate=0.35s/card eta=9.5m N's Zoroark ex (Mirror Holo)
  4592/6230 pid=669419 rate=0.35s/card eta=9.5m Pawniard - 471/742
  4593/6230 pid=669420 rate=0.35s/card eta=9.5m Bisharp - 472/742
  4594/6230 pid=669421 rate=0.35s/card eta=9.5m Kingambit
  4595/6230 pid=669422 rate=0.35s/card eta=9.5m Vullaby
  4596/6230 pid=669423 rate=0.35s/card eta=9.5m Mandibuzz ex
  4597/6230 pid=669424 rate=0.35s/card eta=9.5m Deino
  4598/6230 pid=669425 rate=0.35s/card eta=9.5m Zweilous
  4599/6230 pid=669426 rate=0.35s/card eta=9.4m Hydreigon ex
  4600/6230 pid=669427 rate=0.35s/card eta=9.4m Pangoro
  4601/6230 pid=669428 rate=0.35s/card eta=9.4m Yveltal - 480/742
  4602/6230 pid=669429 rate=0.35s/card eta=9.4m Yveltal - 481/742
  4603/6230 pid=669430 rate=0.35s/card eta=9.4m Hoopa
  4604/6230 pid=669431 rate=0.35s/card eta=9.4m Arven's Maschiff
  4605/6230 pid=669432 rate=0.35s/card eta=9.4m Arven's Mabosstiff ex (Mirror Holo)
  4606/6230 pid=669433 rate=0.35s/card eta=9.4m Bombirdier
  4607/6230 pid=669434 rate=0.35s/card eta=9.4m Farigiraf ex
  4608/6230 pid=669435 rate=0.35s/card eta=9.4m Brute Bonnet
  4609/6230 pid=669436 rate=0.35s/card eta=9.4m Okidogi ex
  4610/6230 pid=669437 rate=0.35s/card eta=9.4m Fezandipiti ex
  4611/6230 pid=669438 rate=0.35s/card eta=9.4m Pecharunt
  4612/6230 pid=669439 rate=0.35s/card eta=9.4m Pecharunt ex
  4613/6230 pid=669440 rate=0.35s/card eta=9.4m Scizor ex
  4614/6230 pid=669441 rate=0.35s/card eta=9.4m Scizor ex (Mirror Holo)
  4615/6230 pid=669442 rate=0.35s/card eta=9.3m Skarmory
  4616/6230 pid=669443 rate=0.35s/card eta=9.3m Steven's Skarmory
  4617/6230 pid=669444 rate=0.35s/card eta=9.3m Mawile
  4618/6230 pid=669445 rate=0.35s/card eta=9.3m Beldum
  4619/6230 pid=669446 rate=0.35s/card eta=9.3m Metang
  4620/6230 pid=669447 rate=0.35s/card eta=9.3m Registeel
  4621/6230 pid=669448 rate=0.35s/card eta=9.3m Registeel ex
  4622/6230 pid=669449 rate=0.35s/card eta=9.3m Registeel ex (Mirror Holo)
  4623/6230 pid=669450 rate=0.35s/card eta=9.3m Bronzor
  4624/6230 pid=669451 rate=0.35s/card eta=9.3m Bronzong
  4625/6230 pid=669452 rate=0.35s/card eta=9.3m Dialga
  4626/6230 pid=669453 rate=0.35s/card eta=9.3m Heatran
  4627/6230 pid=669454 rate=0.35s/card eta=9.3m Escavalier - 504/742
  4628/6230 pid=669455 rate=0.35s/card eta=9.3m Escavalier - 505/742
  4629/6230 pid=669456 rate=0.35s/card eta=9.3m Klink
  4630/6230 pid=669457 rate=0.35s/card eta=9.3m Klang
  4631/6230 pid=669458 rate=0.35s/card eta=9.3m Klinklang
  4632/6230 pid=669459 rate=0.35s/card eta=9.2m Galarian Stunfisk
  4633/6230 pid=669460 rate=0.35s/card eta=9.2m Pawniard - 510/742
  4634/6230 pid=669461 rate=0.35s/card eta=9.2m Bisharp - 511/742
  4635/6230 pid=669462 rate=0.35s/card eta=9.2m Genesect ex
  4636/6230 pid=669463 rate=0.35s/card eta=9.2m Genesect ex (Mirror Holo)
  4637/6230 pid=669464 rate=0.35s/card eta=9.2m Klefki
  4638/6230 pid=669465 rate=0.35s/card eta=9.2m Togedemaru ex
  4639/6230 pid=669466 rate=0.35s/card eta=9.2m Magearna
  4640/6230 pid=669467 rate=0.35s/card eta=9.2m Meltan - 516/742
  4641/6230 pid=669468 rate=0.35s/card eta=9.2m Meltan - 517/742
  4642/6230 pid=669469 rate=0.35s/card eta=9.2m Melmetal
  4643/6230 pid=669470 rate=0.35s/card eta=9.2m Melmetal ex (Mirror Holo)
  4644/6230 pid=669471 rate=0.35s/card eta=9.2m Hop's Corviknight
  4645/6230 pid=669472 rate=0.35s/card eta=9.2m Cufant
  4646/6230 pid=669473 rate=0.35s/card eta=9.2m Copperajah
  4647/6230 pid=669474 rate=0.35s/card eta=9.2m Duraludon - 523/742
  4648/6230 pid=669475 rate=0.35s/card eta=9.2m Duraludon - 524/742
  4649/6230 pid=669476 rate=0.35s/card eta=9.1m Archaludon
  4650/6230 pid=669477 rate=0.35s/card eta=9.1m Archaludon ex
  4651/6230 pid=669479 rate=0.35s/card eta=9.1m Hop's Zacian ex
  4652/6230 pid=669480 rate=0.35s/card eta=9.1m Tinkatink
  4653/6230 pid=669481 rate=0.35s/card eta=9.1m Tinkatuff
  4654/6230 pid=669482 rate=0.35s/card eta=9.1m Tinkaton
  4655/6230 pid=669483 rate=0.35s/card eta=9.1m Varoom
  4656/6230 pid=669484 rate=0.35s/card eta=9.1m Revavroom
  4657/6230 pid=669485 rate=0.35s/card eta=9.1m Orthworm ex
  4658/6230 pid=669486 rate=0.35s/card eta=9.1m Gholdengo - 534/742
  4659/6230 pid=669487 rate=0.35s/card eta=9.1m Gholdengo - 535/742
  4660/6230 pid=669488 rate=0.35s/card eta=9.1m Iron Crown
  4661/6230 pid=669490 rate=0.35s/card eta=9.1m Bagon (Mirror Holo)
  4662/6230 pid=669491 rate=0.35s/card eta=9.1m Shelgon (Mirror Holo)
  4663/6230 pid=669492 rate=0.35s/card eta=9.1m Salamence ex (Mirror Holo)
  4664/6230 pid=669493 rate=0.35s/card eta=9.1m Axew
  4665/6230 pid=669494 rate=0.35s/card eta=9.1m Fraxure
  4666/6230 pid=669495 rate=0.35s/card eta=9.0m Haxorus
  4667/6230 pid=669496 rate=0.35s/card eta=9.0m Druddigon (Mirror Holo)
  4668/6230 pid=669497 rate=0.35s/card eta=9.0m N's Reshiram
  4669/6230 pid=669498 rate=0.35s/card eta=9.0m Dreepy
  4670/6230 pid=669499 rate=0.35s/card eta=9.0m Drakloak
  4671/6230 pid=669500 rate=0.35s/card eta=9.0m Dragapult ex
  4672/6230 pid=669501 rate=0.35s/card eta=9.0m Tatsugiri (Mirror Holo)
  4673/6230 pid=669502 rate=0.35s/card eta=9.0m Koraidon
  4674/6230 pid=669503 rate=0.35s/card eta=9.0m Koraidon ex - 551/742
  4675/6230 pid=669504 rate=0.35s/card eta=9.0m Koraidon ex - 551/742 (Mirror Holo)
  4676/6230 pid=669505 rate=0.35s/card eta=9.0m Miraidon - 552/742
  4677/6230 pid=669506 rate=0.35s/card eta=9.0m Miraidon ex - 553/742
  4678/6230 pid=669507 rate=0.35s/card eta=9.0m Raging Bolt ex
  4679/6230 pid=669508 rate=0.35s/card eta=9.0m Team Rocket's Rattata
  4680/6230 pid=669509 rate=0.35s/card eta=9.0m Team Rocket's Raticate
  4681/6230 pid=669510 rate=0.35s/card eta=9.0m Spearow
  4682/6230 pid=669511 rate=0.35s/card eta=9.0m Fearow
  4683/6230 pid=669512 rate=0.35s/card eta=8.9m Team Rocket's Meowth
  4684/6230 pid=669513 rate=0.35s/card eta=8.9m Team Rocket's Persian ex
  4685/6230 pid=669514 rate=0.35s/card eta=8.9m Chansey
  4686/6230 pid=669515 rate=0.35s/card eta=8.9m Blissey ex
  4687/6230 pid=669516 rate=0.35s/card eta=8.9m Tauros (Mirror Holo)
  4688/6230 pid=669517 rate=0.35s/card eta=8.9m Eevee - 564/742
  4689/6230 pid=669518 rate=0.35s/card eta=8.9m Eevee - 564/742 (Mirror Holo)
  4690/6230 pid=669519 rate=0.35s/card eta=8.9m Eevee - 565/742
  4691/6230 pid=669520 rate=0.35s/card eta=8.9m Eevee ex
  4692/6230 pid=669522 rate=0.35s/card eta=8.9m Snorlax - 567/742
  4693/6230 pid=669523 rate=0.35s/card eta=8.9m Snorlax - 568/742
  4694/6230 pid=669524 rate=0.35s/card eta=8.9m Snorlax - 568/742 (Mirror Holo)
  4695/6230 pid=669525 rate=0.35s/card eta=8.9m Hop's Snorlax
  4696/6230 pid=669526 rate=0.35s/card eta=8.9m Sentret
  4697/6230 pid=669527 rate=0.35s/card eta=8.9m Furret
  4698/6230 pid=669528 rate=0.35s/card eta=8.9m Hoothoot
  4699/6230 pid=669529 rate=0.35s/card eta=8.9m Noctowl
  4700/6230 pid=669530 rate=0.35s/card eta=8.8m Dunsparce
  4701/6230 pid=669531 rate=0.35s/card eta=8.8m Dudunsparce ex (Mirror Holo)
  4702/6230 pid=669532 rate=0.35s/card eta=8.8m Larry's Dunsparce
  4703/6230 pid=669533 rate=0.35s/card eta=8.8m Larry's Dudunsparce ex
  4704/6230 pid=669534 rate=0.35s/card eta=8.8m Miltank
  4705/6230 pid=669535 rate=0.35s/card eta=8.8m Taillow (Mirror Holo)
  4706/6230 pid=669536 rate=0.35s/card eta=8.8m Swellow (Mirror Holo)
  4707/6230 pid=669537 rate=0.35s/card eta=8.8m Slakoth
  4708/6230 pid=669538 rate=0.35s/card eta=8.8m Vigoroth
  4709/6230 pid=669539 rate=0.35s/card eta=8.8m Slaking ex
  4710/6230 pid=669540 rate=0.35s/card eta=8.8m Skitty - 584/742
  4711/6230 pid=669541 rate=0.35s/card eta=8.8m Skitty - 585/742
  4712/6230 pid=669542 rate=0.35s/card eta=8.8m Delcatty
  4713/6230 pid=669543 rate=0.35s/card eta=8.8m Zangoose
  4714/6230 pid=669544 rate=0.35s/card eta=8.8m Zangoose (Mirror Holo)
  4715/6230 pid=669545 rate=0.35s/card eta=8.8m Zangoose ex
  4716/6230 pid=669546 rate=0.35s/card eta=8.8m Tropius
  4717/6230 pid=669547 rate=0.35s/card eta=8.7m Larry's Starly
  4718/6230 pid=669548 rate=0.35s/card eta=8.7m Larry's Staravia
  4719/6230 pid=669549 rate=0.35s/card eta=8.7m Larry's Staraptor
  4720/6230 pid=669550 rate=0.35s/card eta=8.7m Buneary (Mirror Holo)
  4721/6230 pid=669551 rate=0.35s/card eta=8.7m Lopunny (Mirror Holo)
  4722/6230 pid=669552 rate=0.35s/card eta=8.7m Glameow
  4723/6230 pid=669553 rate=0.35s/card eta=8.7m Glameow (Mirror Holo)
  4724/6230 pid=669554 rate=0.35s/card eta=8.7m Purugly
  4725/6230 pid=669555 rate=0.35s/card eta=8.7m Purugly (Mirror Holo)
  4726/6230 pid=669556 rate=0.35s/card eta=8.7m Chatot
  4727/6230 pid=669557 rate=0.35s/card eta=8.7m Pidove
  4728/6230 pid=669558 rate=0.35s/card eta=8.7m Tranquill
  4729/6230 pid=669559 rate=0.35s/card eta=8.7m Unfezant
  4730/6230 pid=669560 rate=0.35s/card eta=8.7m Audino
  4731/6230 pid=669561 rate=0.35s/card eta=8.7m Mega Audino ex
  4732/6230 pid=669562 rate=0.35s/card eta=8.7m Minccino
  4733/6230 pid=669563 rate=0.35s/card eta=8.7m Cinccino
  4734/6230 pid=669564 rate=0.35s/card eta=8.6m Bouffalant ex (Mirror Holo)
  4735/6230 pid=669565 rate=0.35s/card eta=8.6m Rufflet (Mirror Holo)
  4736/6230 pid=669566 rate=0.35s/card eta=8.6m Braviary (Mirror Holo)
  4737/6230 pid=669567 rate=0.35s/card eta=8.6m Larry's Rufflet
  4738/6230 pid=669568 rate=0.35s/card eta=8.6m Larry's Braviary
  4739/6230 pid=669569 rate=0.35s/card eta=8.6m Tornadus
  4740/6230 pid=669570 rate=0.35s/card eta=8.6m Furfrou - 611/742
  4741/6230 pid=669571 rate=0.35s/card eta=8.6m Furfrou - 612/742
  4742/6230 pid=669572 rate=0.35s/card eta=8.6m Hawlucha
  4743/6230 pid=669573 rate=0.35s/card eta=8.6m Noibat
  4744/6230 pid=669574 rate=0.35s/card eta=8.6m Noivern
  4745/6230 pid=669575 rate=0.35s/card eta=8.6m Stufful
  4746/6230 pid=669576 rate=0.35s/card eta=8.6m Bewear
  4747/6230 pid=669577 rate=0.35s/card eta=8.6m Oranguru (Mirror Holo)
  4748/6230 pid=669578 rate=0.35s/card eta=8.6m Larry's Komala
  4749/6230 pid=669579 rate=0.35s/card eta=8.6m Drampa - 620/742
  4750/6230 pid=669580 rate=0.35s/card eta=8.6m Drampa - 621/742
  4751/6230 pid=669581 rate=0.35s/card eta=8.5m Drampa - 621/742 (Mirror Holo)
  4752/6230 pid=669582 rate=0.35s/card eta=8.5m Hop's Rookidee
  4753/6230 pid=669583 rate=0.35s/card eta=8.5m Hop's Corvisquire
  4754/6230 pid=669584 rate=0.35s/card eta=8.5m Hop's Cramorant
  4755/6230 pid=669585 rate=0.35s/card eta=8.5m Bloodmoon Ursaluna ex
  4756/6230 pid=669586 rate=0.35s/card eta=8.5m Squawkabilly
  4757/6230 pid=669587 rate=0.35s/card eta=8.5m Squawkabilly (Mirror Holo)
  4758/6230 pid=669588 rate=0.35s/card eta=8.5m Cyclizar
  4759/6230 pid=669589 rate=0.35s/card eta=8.5m Iron Jugulis
  4760/6230 pid=669590 rate=0.35s/card eta=8.5m Terapagos
  4761/6230 pid=669591 rate=0.35s/card eta=8.5m Terapagos ex
  4762/6230 pid=669592 rate=0.35s/card eta=8.5m Iron Defender
  4763/6230 pid=669593 rate=0.35s/card eta=8.5m Strange Timepiece
  4764/6230 pid=669594 rate=0.35s/card eta=8.5m Unfair Stamp
  4765/6230 pid=669595 rate=0.35s/card eta=8.5m Super Potion
  4766/6230 pid=669596 rate=0.35s/card eta=8.5m N's PP Up
  4767/6230 pid=669597 rate=0.35s/card eta=8.5m Energy Retrieval
  4768/6230 pid=669598 rate=0.35s/card eta=8.4m Energy Coin
  4769/6230 pid=669599 rate=0.35s/card eta=8.4m Energy Switch
  4770/6230 pid=669600 rate=0.35s/card eta=8.4m Energy Search
  4771/6230 pid=669601 rate=0.35s/card eta=8.4m Energy Search (Mirror Holo)
  4772/6230 pid=669602 rate=0.35s/card eta=8.4m Energy Recycler
  4773/6230 pid=669603 rate=0.35s/card eta=8.4m Ogre's Mask
  4774/6230 pid=669604 rate=0.35s/card eta=8.4m Awakening Drum
  4775/6230 pid=669605 rate=0.35s/card eta=8.4m Potion
  4776/6230 pid=669606 rate=0.35s/card eta=8.4m Potion (Mirror Holo)
  4777/6230 pid=669607 rate=0.35s/card eta=8.4m Crushing Hammer
  4778/6230 pid=669609 rate=0.35s/card eta=8.4m Deduction Kit (Mirror Holo)
  4779/6230 pid=669610 rate=0.35s/card eta=8.4m Scramble Switch
  4780/6230 pid=669611 rate=0.35s/card eta=8.4m Dangerous Laser
  4781/6230 pid=669612 rate=0.35s/card eta=8.4m Buddy-Buddy Poffin
  4782/6230 pid=669613 rate=0.35s/card eta=8.4m Buddy-Buddy Poffin (Mirror Holo)
  4783/6230 pid=669614 rate=0.35s/card eta=8.4m Chill Teaser Toy
  4784/6230 pid=669615 rate=0.35s/card eta=8.4m Hyper Aroma
  4785/6230 pid=669616 rate=0.35s/card eta=8.3m Ultra Ball
  4786/6230 pid=669617 rate=0.35s/card eta=8.3m Ultra Ball (Mirror Holo)
  4787/6230 pid=669618 rate=0.35s/card eta=8.3m Premium Power Pro
  4788/6230 pid=669619 rate=0.35s/card eta=8.3m Hand Trimmer
  4789/6230 pid=669620 rate=0.35s/card eta=8.3m Fighting Gong
  4790/6230 pid=669621 rate=0.35s/card eta=8.3m Rare Candy
  4791/6230 pid=669622 rate=0.35s/card eta=8.3m Prime Catcher
  4792/6230 pid=669623 rate=0.35s/card eta=8.3m Antique Plume Fossil
  4793/6230 pid=669624 rate=0.35s/card eta=8.3m Precious Trolley
  4794/6230 pid=669625 rate=0.35s/card eta=8.3m Arven's Sandwich
  4795/6230 pid=669626 rate=0.35s/card eta=8.3m Pokegear 3.0
  4796/6230 pid=669627 rate=0.35s/card eta=8.3m Poke Vital A
  4797/6230 pid=669628 rate=0.35s/card eta=8.3m Poke Pad
  4798/6230 pid=669629 rate=0.35s/card eta=8.3m Poke Pad (Mirror Holo)
  4799/6230 pid=669630 rate=0.35s/card eta=8.3m Switch
  4800/6230 pid=669631 rate=0.35s/card eta=8.3m Switch (Mirror Holo)
  4801/6230 pid=669632 rate=0.35s/card eta=8.3m Scoop Up Cyclone
  4802/6230 pid=669633 rate=0.35s/card eta=8.2m Pokemon Catcher
  4803/6230 pid=669634 rate=0.35s/card eta=8.2m Pokemon Catcher (Mirror Holo)
  4804/6230 pid=669635 rate=0.35s/card eta=8.2m Hop's Bag
  4805/6230 pid=669636 rate=0.35s/card eta=8.2m Bug Catching Set
  4806/6230 pid=669637 rate=0.35s/card eta=8.2m Repel
  4807/6230 pid=669638 rate=0.35s/card eta=8.2m Poke Ball (Mirror Holo)
  4808/6230 pid=669639 rate=0.35s/card eta=8.2m Night Stretcher
  4809/6230 pid=669640 rate=0.35s/card eta=8.2m Reboot Pod
  4810/6230 pid=669641 rate=0.35s/card eta=8.2m Dragon Elixir (Mirror Holo)
  4811/6230 pid=669642 rate=0.35s/card eta=8.2m Team Rocket's Great Ball
  4812/6230 pid=669643 rate=0.35s/card eta=8.2m Team Rocket's Venture Bomb
  4813/6230 pid=669644 rate=0.35s/card eta=8.2m Team Rocket's Transceiver
  4814/6230 pid=669645 rate=0.35s/card eta=8.2m Passho Berry (Mirror Holo)
  4815/6230 pid=669646 rate=0.35s/card eta=8.2m Payapa Berry (Mirror Holo)
  4816/6230 pid=669647 rate=0.35s/card eta=8.2m Occa Berry (Mirror Holo)
  4817/6230 pid=669648 rate=0.35s/card eta=8.2m Counter Gain (Mirror Holo)
  4818/6230 pid=669649 rate=0.35s/card eta=8.2m Sparkling Crystal
  4819/6230 pid=669650 rate=0.35s/card eta=8.1m Binding Mochi
  4820/6230 pid=669651 rate=0.35s/card eta=8.1m Cynthia's Power Weight
  4821/6230 pid=669652 rate=0.35s/card eta=8.1m Powerglass
  4822/6230 pid=669653 rate=0.35s/card eta=8.1m Deluxe Bomb
  4823/6230 pid=669654 rate=0.35s/card eta=8.1m Colbur Berry (Mirror Holo)
  4824/6230 pid=669655 rate=0.35s/card eta=8.1m Haban Berry (Mirror Holo)
  4825/6230 pid=669656 rate=0.35s/card eta=8.1m Hero's Cape
  4826/6230 pid=669657 rate=0.35s/card eta=8.1m Air Balloon
  4827/6230 pid=669658 rate=0.35s/card eta=8.1m Air Balloon (Mirror Holo)
  4828/6230 pid=669659 rate=0.35s/card eta=8.1m Brave Bangle
  4829/6230 pid=669660 rate=0.35s/card eta=8.1m Hop's Choice Band
  4830/6230 pid=669661 rate=0.35s/card eta=8.1m Maximum Belt
  4831/6230 pid=669662 rate=0.35s/card eta=8.1m Lillie's Pearl (Mirror Holo)
  4832/6230 pid=669663 rate=0.35s/card eta=8.1m Babiri Berry (Mirror Holo)
  4833/6230 pid=669664 rate=0.35s/card eta=8.1m Iris's Fighting Spirit
  4834/6230 pid=669665 rate=0.35s/card eta=8.1m Iris's Fighting Spirit (Mirror Holo)
  4835/6230 pid=669666 rate=0.35s/card eta=8.1m Larry's Skill
  4836/6230 pid=669667 rate=0.35s/card eta=8.1m Crispin
  4837/6230 pid=669668 rate=0.35s/card eta=8.0m Acerola's Mischief
  4838/6230 pid=669669 rate=0.35s/card eta=8.0m Ciphermaniac's Codebreaking
  4839/6230 pid=669670 rate=0.35s/card eta=8.0m Ciphermaniac's Codebreaking (Mirror Holo
  4840/6230 pid=669671 rate=0.35s/card eta=8.0m Janine's Secret Art
  4841/6230 pid=669672 rate=0.35s/card eta=8.0m Waitress
  4842/6230 pid=669673 rate=0.35s/card eta=8.0m Waitress (Mirror Holo)
  4843/6230 pid=669674 rate=0.35s/card eta=8.0m N's Plan
  4844/6230 pid=669675 rate=0.35s/card eta=8.0m Urbain
  4845/6230 pid=669676 rate=0.35s/card eta=8.0m Urbain (Mirror Holo)
  4846/6230 pid=669677 rate=0.35s/card eta=8.0m Drayton (Mirror Holo)
  4847/6230 pid=669678 rate=0.35s/card eta=8.0m Black Belt's Training
  4848/6230 pid=669679 rate=0.35s/card eta=8.0m Xerosic's Machinations
  4849/6230 pid=669680 rate=0.35s/card eta=8.0m Cook
  4850/6230 pid=669681 rate=0.35s/card eta=8.0m Lucian
  4851/6230 pid=669682 rate=0.35s/card eta=8.0m Surfer
  4852/6230 pid=669683 rate=0.35s/card eta=8.0m Perrin
  4853/6230 pid=669684 rate=0.35s/card eta=8.0m Clemont's Quick Wit
  4854/6230 pid=669685 rate=0.35s/card eta=7.9m Judge
  4855/6230 pid=669686 rate=0.35s/card eta=7.9m Judge (Mirror Holo)
  4856/6230 pid=669687 rate=0.35s/card eta=7.9m Lana's Aid
  4857/6230 pid=669688 rate=0.35s/card eta=7.9m Kieran
  4858/6230 pid=669689 rate=0.35s/card eta=7.9m Salvatore
  4859/6230 pid=669690 rate=0.35s/card eta=7.9m Carmine
  4860/6230 pid=669691 rate=0.35s/card eta=7.9m Lacey
  4861/6230 pid=669692 rate=0.35s/card eta=7.9m Explorer's Guidance
  4862/6230 pid=669693 rate=0.35s/card eta=7.9m Hilda
  4863/6230 pid=669694 rate=0.35s/card eta=7.9m Drasna (Mirror Holo)
  4864/6230 pid=669695 rate=0.35s/card eta=7.9m Kofu
  4865/6230 pid=669696 rate=0.35s/card eta=7.9m Hassel (Mirror Holo)
  4866/6230 pid=669697 rate=0.35s/card eta=7.9m Briar
  4867/6230 pid=669698 rate=0.35s/card eta=7.9m Bianca's Devotion
  4868/6230 pid=669699 rate=0.35s/card eta=7.9m Boss's Orders
  4869/6230 pid=669700 rate=0.35s/card eta=7.9m Boss's Orders (Mirror Holo)
  4870/6230 pid=669701 rate=0.35s/card eta=7.9m Fennel
  4871/6230 pid=669702 rate=0.35s/card eta=7.8m Lt. Surge's Bargain
  4872/6230 pid=669703 rate=0.35s/card eta=7.8m Morty's Conviction
  4873/6230 pid=669704 rate=0.35s/card eta=7.8m Jasmine's Gaze
  4874/6230 pid=669705 rate=0.35s/card eta=7.8m Lillie's Determination
  4875/6230 pid=669706 rate=0.35s/card eta=7.8m Lillie's Determination (Mirror Holo)
  4876/6230 pid=669707 rate=0.35s/card eta=7.8m Lisia's Appeal
  4877/6230 pid=669708 rate=0.35s/card eta=7.8m Team Rocket's Ariana
  4878/6230 pid=669709 rate=0.35s/card eta=7.8m Team Rocket's Archer
  4879/6230 pid=669710 rate=0.35s/card eta=7.8m Team Rocket's Giovanni
  4880/6230 pid=669711 rate=0.35s/card eta=7.8m Team Rocket's Petrel
  4881/6230 pid=669712 rate=0.35s/card eta=7.8m Team Rocket's Proton
  4882/6230 pid=669713 rate=0.35s/card eta=7.8m Ignition Energy
  4883/6230 pid=669714 rate=0.35s/card eta=7.8m Spiky Energy
  4884/6230 pid=669715 rate=0.35s/card eta=7.8m Boomerang Energy
  4885/6230 pid=669716 rate=0.35s/card eta=7.8m Prism Energy
  4886/6230 pid=669717 rate=0.35s/card eta=7.8m Enriching Energy
  4887/6230 pid=669718 rate=0.35s/card eta=7.8m Legacy Energy
  4888/6230 pid=669719 rate=0.35s/card eta=7.7m Team Rocket's Energy
  4889/6230 pid=669720 rate=0.35s/card eta=7.7m Erika's Oddish
  4890/6230 pid=669721 rate=0.35s/card eta=7.7m Erika's Gloom
  4891/6230 pid=669722 rate=0.35s/card eta=7.7m Erika's Vileplume ex
  4892/6230 pid=669723 rate=0.35s/card eta=7.7m Paras
  4893/6230 pid=669724 rate=0.35s/card eta=7.7m Parasect
  4894/6230 pid=669725 rate=0.35s/card eta=7.7m Erika's Bellsprout
  4895/6230 pid=669726 rate=0.35s/card eta=7.7m Erika's Weepinbell
  4896/6230 pid=669727 rate=0.35s/card eta=7.7m Erika's Victreebel
  4897/6230 pid=669728 rate=0.35s/card eta=7.7m Exeggcute - 009/742 (Mirror Holo)
  4898/6230 pid=669729 rate=0.35s/card eta=7.7m Exeggcute - 010/742
  4899/6230 pid=669730 rate=0.35s/card eta=7.7m Exeggutor
  4900/6230 pid=669731 rate=0.35s/card eta=7.7m Tangela
  4901/6230 pid=669732 rate=0.35s/card eta=7.7m Tangrowth
  4902/6230 pid=669733 rate=0.35s/card eta=7.7m Erika's Tangela - 014/742
  4903/6230 pid=669734 rate=0.35s/card eta=7.7m Scyther
  4904/6230 pid=669735 rate=0.35s/card eta=7.7m Chikorita
  4905/6230 pid=669736 rate=0.35s/card eta=7.6m Bayleef
  4906/6230 pid=669737 rate=0.35s/card eta=7.6m Mega Meganium ex (Mirror Holo)
  4907/6230 pid=669738 rate=0.35s/card eta=7.6m Ledyba
  4908/6230 pid=669739 rate=0.35s/card eta=7.6m Ledian
  4909/6230 pid=669740 rate=0.35s/card eta=7.6m Yanma
  4910/6230 pid=669741 rate=0.35s/card eta=7.6m Yanmega ex
  4911/6230 pid=669742 rate=0.35s/card eta=7.6m Shuckle
  4912/6230 pid=669743 rate=0.35s/card eta=7.6m Heracross
  4913/6230 pid=669744 rate=0.35s/card eta=7.6m Celebi
  4914/6230 pid=669745 rate=0.35s/card eta=7.6m Shroomish - 026/742
  4915/6230 pid=669746 rate=0.35s/card eta=7.6m Shroomish - 027/742
  4916/6230 pid=669747 rate=0.35s/card eta=7.6m Breloom - 028/742
  4917/6230 pid=669748 rate=0.35s/card eta=7.6m Breloom - 029/742
  4918/6230 pid=669749 rate=0.35s/card eta=7.6m Roselia
  4919/6230 pid=669750 rate=0.35s/card eta=7.6m Roserade
  4920/6230 pid=669751 rate=0.35s/card eta=7.6m Cynthia's Roselia
  4921/6230 pid=669752 rate=0.35s/card eta=7.6m Cynthia's Roserade
  4922/6230 pid=669753 rate=0.35s/card eta=7.5m Turtwig
  4923/6230 pid=669754 rate=0.35s/card eta=7.5m Grotle
  4924/6230 pid=669755 rate=0.35s/card eta=7.5m Torterra ex
  4925/6230 pid=669756 rate=0.35s/card eta=7.5m Leafeon
  4926/6230 pid=669757 rate=0.35s/card eta=7.5m Leafeon ex (Mirror Holo)
  4927/6230 pid=669758 rate=0.35s/card eta=7.5m Shaymin
  4928/6230 pid=669759 rate=0.35s/card eta=7.5m Snivy
  4929/6230 pid=669760 rate=0.35s/card eta=7.5m Servine
  4930/6230 pid=669761 rate=0.35s/card eta=7.5m Serperior ex (Mirror Holo)
  4931/6230 pid=669762 rate=0.35s/card eta=7.5m Cottonee
  4932/6230 pid=669763 rate=0.35s/card eta=7.5m Whimsicott ex
  4933/6230 pid=669764 rate=0.35s/card eta=7.5m Dwebble
  4934/6230 pid=669765 rate=0.35s/card eta=7.5m Crustle
  4935/6230 pid=669766 rate=0.35s/card eta=7.5m Karrablast
  4936/6230 pid=669767 rate=0.35s/card eta=7.5m Foongus
  4937/6230 pid=669768 rate=0.35s/card eta=7.5m Amoonguss
  4938/6230 pid=669769 rate=0.35s/card eta=7.5m Galvantula
  4939/6230 pid=669770 rate=0.35s/card eta=7.5m Durant
  4940/6230 pid=669771 rate=0.35s/card eta=7.4m Durant ex
  4941/6230 pid=669772 rate=0.35s/card eta=7.4m Virizion - 053/742
  4942/6230 pid=669773 rate=0.35s/card eta=7.4m Virizion - 054/742
  4943/6230 pid=669774 rate=0.35s/card eta=7.4m Virizion - 054/742 (Mirror Holo)
  4944/6230 pid=669775 rate=0.35s/card eta=7.4m Phantump (Mirror Holo)
  4945/6230 pid=669776 rate=0.35s/card eta=7.4m Trevenant (Mirror Holo)
  4946/6230 pid=669777 rate=0.35s/card eta=7.4m Grubbin
  4947/6230 pid=669778 rate=0.35s/card eta=7.4m Morelull
  4948/6230 pid=669779 rate=0.35s/card eta=7.4m Shiinotic
  4949/6230 pid=669780 rate=0.35s/card eta=7.4m Dhelmise
  4950/6230 pid=669781 rate=0.35s/card eta=7.4m Tapu Bulu
  4951/6230 pid=669782 rate=0.35s/card eta=7.4m Tapu Bulu (Mirror Holo)
  4952/6230 pid=669783 rate=0.35s/card eta=7.4m Applin
  4953/6230 pid=669784 rate=0.35s/card eta=7.4m Dipplin
  4954/6230 pid=669785 rate=0.35s/card eta=7.4m Hydrapple ex
  4955/6230 pid=669786 rate=0.35s/card eta=7.4m Sprigatito
  4956/6230 pid=669787 rate=0.35s/card eta=7.4m Floragato
  4957/6230 pid=669788 rate=0.35s/card eta=7.3m Meowscarada
  4958/6230 pid=669789 rate=0.35s/card eta=7.3m Sprigatito ex
  4959/6230 pid=669790 rate=0.35s/card eta=7.3m Smoliv
  4960/6230 pid=669791 rate=0.35s/card eta=7.3m Smoliv (Mirror Holo)
  4961/6230 pid=669792 rate=0.35s/card eta=7.3m Dolliv
  4962/6230 pid=669793 rate=0.35s/card eta=7.3m Dolliv (Mirror Holo)
  4963/6230 pid=669794 rate=0.35s/card eta=7.3m Arboliva ex
  4964/6230 pid=669795 rate=0.35s/card eta=7.3m Arboliva ex (Mirror Holo)
  4965/6230 pid=669796 rate=0.35s/card eta=7.3m Bramblin
  4966/6230 pid=669797 rate=0.35s/card eta=7.3m Brambleghast
  4967/6230 pid=669798 rate=0.35s/card eta=7.3m Toedscool
  4968/6230 pid=669799 rate=0.35s/card eta=7.3m Toedscruel
  4969/6230 pid=669800 rate=0.35s/card eta=7.3m Capsakid
  4970/6230 pid=669801 rate=0.35s/card eta=7.3m Iron Leaves ex (Mirror Holo)
  4971/6230 pid=669802 rate=0.35s/card eta=7.3m Poltchageist
  4972/6230 pid=669803 rate=0.35s/card eta=7.3m Sinistcha ex
  4973/6230 pid=669804 rate=0.35s/card eta=7.3m Teal Mask Ogerpon - 080/742
  4974/6230 pid=669805 rate=0.35s/card eta=7.3m Teal Mask Ogerpon - 080/742 (Mirror Holo
  4975/6230 pid=669806 rate=0.35s/card eta=7.2m Teal Mask Ogerpon - 081/742
  4976/6230 pid=669807 rate=0.35s/card eta=7.2m Teal Mask Ogerpon ex
  4977/6230 pid=669808 rate=0.35s/card eta=7.2m Charmander
  4978/6230 pid=669809 rate=0.35s/card eta=7.2m Charmander (Mirror Holo)
  4979/6230 pid=669810 rate=0.35s/card eta=7.2m Charmeleon
  4980/6230 pid=669811 rate=0.35s/card eta=7.2m Charmeleon (Mirror Holo)
  4981/6230 pid=669812 rate=0.35s/card eta=7.2m Mega Charizard Y ex
  4982/6230 pid=669813 rate=0.35s/card eta=7.2m Mega Charizard Y ex (Mirror Holo)
  4983/6230 pid=669814 rate=0.35s/card eta=7.2m Ponyta - 086/742
  4984/6230 pid=669815 rate=0.35s/card eta=7.2m Ponyta - 087/742
  4985/6230 pid=669816 rate=0.35s/card eta=7.2m Ponyta - 087/742 (Mirror Holo)
  4986/6230 pid=669817 rate=0.35s/card eta=7.2m Rapidash - 088/742
  4987/6230 pid=669818 rate=0.35s/card eta=7.2m Rapidash - 089/742
  4988/6230 pid=669820 rate=0.35s/card eta=7.2m Rapidash - 090/742 (Mirror Holo)
  4989/6230 pid=669821 rate=0.35s/card eta=7.2m Magmar
  4990/6230 pid=669822 rate=0.35s/card eta=7.2m Magmortar
  4991/6230 pid=669823 rate=0.35s/card eta=7.2m Paldean Tauros
  4992/6230 pid=669824 rate=0.35s/card eta=7.1m Flareon ex
  4993/6230 pid=669825 rate=0.35s/card eta=7.1m Flareon ex (Mirror Holo)
  4994/6230 pid=669826 rate=0.35s/card eta=7.1m Slugma (Mirror Holo)
  4995/6230 pid=669827 rate=0.35s/card eta=7.1m Magcargo ex (Mirror Holo)
  4996/6230 pid=669828 rate=0.35s/card eta=7.1m Houndour - 097/742
  4997/6230 pid=669829 rate=0.35s/card eta=7.1m Houndoom - 098/742
  4998/6230 pid=669830 rate=0.35s/card eta=7.1m Team Rocket's Houndour
  4999/6230 pid=669831 rate=0.35s/card eta=7.1m Team Rocket's Houndoom
  5000/6230 pid=669832 rate=0.35s/card eta=7.1m Torkoal (Mirror Holo)
  5001/6230 pid=669833 rate=0.35s/card eta=7.1m Castform Sunny Form
  5002/6230 pid=669834 rate=0.35s/card eta=7.1m Chimchar
  5003/6230 pid=669835 rate=0.35s/card eta=7.1m Monferno
  5004/6230 pid=669836 rate=0.35s/card eta=7.1m Infernape
  5005/6230 pid=669837 rate=0.35s/card eta=7.1m Victini - 106/742
  5006/6230 pid=669838 rate=0.35s/card eta=7.1m Victini - 107/742
  5007/6230 pid=669839 rate=0.35s/card eta=7.1m Victini - 107/742 (Mirror Holo)
  5008/6230 pid=669840 rate=0.35s/card eta=7.1m Tepig - 108/742
  5009/6230 pid=669841 rate=0.35s/card eta=7.1m Tepig - 109/742
  5010/6230 pid=669842 rate=0.35s/card eta=7.0m Pignite - 110/742
  5011/6230 pid=669843 rate=0.35s/card eta=7.0m Pignite - 111/742
  5012/6230 pid=669844 rate=0.35s/card eta=7.0m Emboar
  5013/6230 pid=669845 rate=0.35s/card eta=7.0m Mega Emboar ex
  5014/6230 pid=669846 rate=0.35s/card eta=7.0m Pansear
  5015/6230 pid=669847 rate=0.35s/card eta=7.0m Pansear (Mirror Holo)
  5016/6230 pid=669848 rate=0.35s/card eta=7.0m Simisear
  5017/6230 pid=669849 rate=0.35s/card eta=7.0m Simisear (Mirror Holo)
  5018/6230 pid=669850 rate=0.35s/card eta=7.0m Darumaka
  5019/6230 pid=669851 rate=0.35s/card eta=7.0m Darmanitan
  5020/6230 pid=669852 rate=0.35s/card eta=7.0m N's Darumaka
  5021/6230 pid=669853 rate=0.35s/card eta=7.0m N's Darmanitan
  5022/6230 pid=669854 rate=0.35s/card eta=7.0m Heatmor
  5023/6230 pid=669855 rate=0.35s/card eta=7.0m Larvesta
  5024/6230 pid=669856 rate=0.35s/card eta=7.0m Volcarona - 122/742
  5025/6230 pid=669857 rate=0.35s/card eta=7.0m Volcarona - 123/742
  5026/6230 pid=669858 rate=0.35s/card eta=7.0m Volcarona - 124/742
  5027/6230 pid=669859 rate=0.35s/card eta=6.9m Reshiram
  5028/6230 pid=669860 rate=0.35s/card eta=6.9m Reshiram ex
  5029/6230 pid=669861 rate=0.35s/card eta=6.9m Reshiram ex (Mirror Holo)
  5030/6230 pid=669862 rate=0.35s/card eta=6.9m Litleo
  5031/6230 pid=669863 rate=0.35s/card eta=6.9m Litleo (Mirror Holo)
  5032/6230 pid=669864 rate=0.35s/card eta=6.9m Pyroar
  5033/6230 pid=669865 rate=0.35s/card eta=6.9m Pyroar (Mirror Holo)
  5034/6230 pid=669866 rate=0.35s/card eta=6.9m Volcanion ex
  5035/6230 pid=669867 rate=0.35s/card eta=6.9m Volcanion ex (Mirror Holo)
  5036/6230 pid=669868 rate=0.35s/card eta=6.9m Litten
  5037/6230 pid=669869 rate=0.35s/card eta=6.9m Torracat
  5038/6230 pid=669870 rate=0.35s/card eta=6.9m Incineroar ex
  5039/6230 pid=669871 rate=0.35s/card eta=6.9m Oricorio - 133/742
  5040/6230 pid=669872 rate=0.35s/card eta=6.9m Salandit
  5041/6230 pid=669873 rate=0.35s/card eta=6.9m Salazzle - 135/742
  5042/6230 pid=669874 rate=0.35s/card eta=6.9m Turtonator
  5043/6230 pid=669875 rate=0.35s/card eta=6.9m Scorbunny
  5044/6230 pid=669876 rate=0.35s/card eta=6.8m Raboot
  5045/6230 pid=669877 rate=0.35s/card eta=6.8m Cinderace ex
  5046/6230 pid=669878 rate=0.35s/card eta=6.8m Sizzlipede
  5047/6230 pid=669879 rate=0.35s/card eta=6.8m Centiskorch
  5048/6230 pid=669880 rate=0.35s/card eta=6.8m Fuecoco (Mirror Holo)
  5049/6230 pid=669881 rate=0.35s/card eta=6.8m Crocalor (Mirror Holo)
  5050/6230 pid=669882 rate=0.35s/card eta=6.8m Skeledirge (Mirror Holo)
  5051/6230 pid=669883 rate=0.35s/card eta=6.8m Charcadet
  5052/6230 pid=669884 rate=0.35s/card eta=6.8m Armarouge ex
  5053/6230 pid=669885 rate=0.35s/card eta=6.8m Armarouge ex (Mirror Holo)
  5054/6230 pid=669886 rate=0.35s/card eta=6.8m Scovillain ex (Mirror Holo)
  5055/6230 pid=669887 rate=0.35s/card eta=6.8m Hearthflame Mask Ogerpon (Mirror Holo)
  5056/6230 pid=669888 rate=0.35s/card eta=6.8m Hearthflame Mask Ogerpon ex
  5057/6230 pid=669889 rate=0.35s/card eta=6.8m Gouging Fire
  5058/6230 pid=669890 rate=0.35s/card eta=6.8m Gouging Fire ex
  5059/6230 pid=669891 rate=0.35s/card eta=6.8m Horsea
  5060/6230 pid=669892 rate=0.35s/card eta=6.8m Seadra
  5061/6230 pid=669893 rate=0.35s/card eta=6.7m Kingdra ex
  5062/6230 pid=669894 rate=0.35s/card eta=6.7m Misty's Staryu
  5063/6230 pid=669895 rate=0.35s/card eta=6.7m Misty's Starmie
  5064/6230 pid=669896 rate=0.35s/card eta=6.7m Misty's Magikarp
  5065/6230 pid=669897 rate=0.35s/card eta=6.7m Misty's Gyarados
  5066/6230 pid=669898 rate=0.35s/card eta=6.7m Lapras
  5067/6230 pid=669899 rate=0.35s/card eta=6.7m Misty's Lapras
  5068/6230 pid=669900 rate=0.35s/card eta=6.7m Vaporeon ex (Mirror Holo)
  5069/6230 pid=669901 rate=0.35s/card eta=6.7m Glaceon ex
  5070/6230 pid=669902 rate=0.35s/card eta=6.7m Glaceon ex (Mirror Holo)
  5071/6230 pid=669903 rate=0.35s/card eta=6.7m Articuno
  5072/6230 pid=669904 rate=0.35s/card eta=6.7m Totodile - 164/742
  5073/6230 pid=669905 rate=0.35s/card eta=6.7m Totodile - 165/742
  5074/6230 pid=669906 rate=0.35s/card eta=6.7m Croconaw - 166/742
  5075/6230 pid=669907 rate=0.35s/card eta=6.7m Croconaw - 167/742
  5076/6230 pid=669908 rate=0.35s/card eta=6.7m Feraligatr
  5077/6230 pid=669909 rate=0.35s/card eta=6.7m Mega Feraligatr ex
  5078/6230 pid=669910 rate=0.35s/card eta=6.6m Mega Feraligatr ex (Mirror Holo)
  5079/6230 pid=669911 rate=0.35s/card eta=6.6m Sneasel
  5080/6230 pid=669912 rate=0.35s/card eta=6.6m Weavile
  5081/6230 pid=669913 rate=0.35s/card eta=6.6m Mantine - 172/742
  5082/6230 pid=669914 rate=0.35s/card eta=6.6m Mantine - 173/742
  5083/6230 pid=669915 rate=0.35s/card eta=6.6m Suicune
  5084/6230 pid=669916 rate=0.35s/card eta=6.6m Lotad
  5085/6230 pid=669917 rate=0.35s/card eta=6.6m Lombre
  5086/6230 pid=669918 rate=0.35s/card eta=6.6m Ludicolo
  5087/6230 pid=669919 rate=0.35s/card eta=6.6m Carvanha
  5088/6230 pid=669920 rate=0.35s/card eta=6.6m Sharpedo
  5089/6230 pid=669921 rate=0.35s/card eta=6.6m Wailmer
  5090/6230 pid=669922 rate=0.35s/card eta=6.6m Wailord
  5091/6230 pid=669923 rate=0.35s/card eta=6.6m Corphish
  5092/6230 pid=669924 rate=0.35s/card eta=6.6m Crawdaunt
  5093/6230 pid=669925 rate=0.35s/card eta=6.6m Feebas
  5094/6230 pid=669926 rate=0.35s/card eta=6.6m Milotic ex
  5095/6230 pid=669927 rate=0.35s/card eta=6.6m Snorunt
  5096/6230 pid=669928 rate=0.35s/card eta=6.5m Glalie
  5097/6230 pid=669929 rate=0.35s/card eta=6.5m Spheal
  5098/6230 pid=669930 rate=0.35s/card eta=6.5m Sealeo
  5099/6230 pid=669931 rate=0.35s/card eta=6.5m Walrein
  5100/6230 pid=669932 rate=0.35s/card eta=6.5m Regice
  5101/6230 pid=669933 rate=0.35s/card eta=6.5m Regice ex
  5102/6230 pid=669934 rate=0.35s/card eta=6.5m Regice ex (Mirror Holo)
  5103/6230 pid=669935 rate=0.35s/card eta=6.5m Buizel
  5104/6230 pid=669936 rate=0.35s/card eta=6.5m Floatzel
  5105/6230 pid=669937 rate=0.35s/card eta=6.5m Finneon
  5106/6230 pid=669938 rate=0.35s/card eta=6.5m Lumineon
  5107/6230 pid=669939 rate=0.35s/card eta=6.5m Ducklett
  5108/6230 pid=669940 rate=0.35s/card eta=6.5m Swanna
  5109/6230 pid=669941 rate=0.35s/card eta=6.5m Vanillite
  5110/6230 pid=669942 rate=0.35s/card eta=6.5m Vanillish
  5111/6230 pid=669943 rate=0.35s/card eta=6.5m Vanilluxe
  5112/6230 pid=669944 rate=0.35s/card eta=6.5m Cryogonal
  5113/6230 pid=669945 rate=0.35s/card eta=6.4m Kyurem ex
  5114/6230 pid=669946 rate=0.35s/card eta=6.4m Black Kyurem ex
  5115/6230 pid=669947 rate=0.35s/card eta=6.4m Keldeo ex
  5116/6230 pid=669948 rate=0.35s/card eta=6.4m Keldeo ex (Mirror Holo)
  5117/6230 pid=669949 rate=0.35s/card eta=6.4m Froakie
  5118/6230 pid=669950 rate=0.35s/card eta=6.4m Frogadier
  5119/6230 pid=669951 rate=0.35s/card eta=6.4m Greninja ex
  5120/6230 pid=669952 rate=0.35s/card eta=6.4m Crabominable
  5121/6230 pid=669953 rate=0.35s/card eta=6.4m Cramorant
  5122/6230 pid=669954 rate=0.35s/card eta=6.4m Quaxly
  5123/6230 pid=669955 rate=0.35s/card eta=6.4m Quaxwell
  5124/6230 pid=669956 rate=0.35s/card eta=6.4m Quaquaval
  5125/6230 pid=669957 rate=0.35s/card eta=6.4m Finizen
  5126/6230 pid=669958 rate=0.35s/card eta=6.4m Palafin
  5127/6230 pid=669959 rate=0.35s/card eta=6.4m Palafin ex
  5128/6230 pid=669960 rate=0.35s/card eta=6.4m Cetoddle
  5129/6230 pid=669961 rate=0.35s/card eta=6.4m Cetitan
  5130/6230 pid=669962 rate=0.35s/card eta=6.3m Veluza
  5131/6230 pid=669963 rate=0.35s/card eta=6.3m Dondozo ex
  5132/6230 pid=669964 rate=0.35s/card eta=6.3m Walking Wake
  5133/6230 pid=669965 rate=0.35s/card eta=6.3m Walking Wake ex
  5134/6230 pid=669967 rate=0.35s/card eta=6.3m Wellspring Mask Ogerpon (Mirror Holo)
  5135/6230 pid=669968 rate=0.35s/card eta=6.3m Wellspring Mask Ogerpon ex
  5136/6230 pid=669969 rate=0.35s/card eta=6.3m Pikachu
  5137/6230 pid=669970 rate=0.35s/card eta=6.3m Raichu
  5138/6230 pid=669971 rate=0.35s/card eta=6.3m Pikachu ex - 227/742
  5139/6230 pid=669972 rate=0.35s/card eta=6.3m Alolan Geodude
  5140/6230 pid=669973 rate=0.35s/card eta=6.3m Alolan Graveler
  5141/6230 pid=669974 rate=0.35s/card eta=6.3m Alolan Golem
  5142/6230 pid=669975 rate=0.35s/card eta=6.3m Magnemite
  5143/6230 pid=669976 rate=0.35s/card eta=6.3m Magneton
  5144/6230 pid=669977 rate=0.35s/card eta=6.3m Voltorb ex
  5145/6230 pid=669978 rate=0.35s/card eta=6.3m Iono's Voltorb (Mirror Holo)
  5146/6230 pid=669979 rate=0.35s/card eta=6.3m Iono's Electrode (Mirror Holo)
  5147/6230 pid=669980 rate=0.35s/card eta=6.3m Electabuzz
  5148/6230 pid=669981 rate=0.35s/card eta=6.2m Electivire ex (Mirror Holo)
  5149/6230 pid=669982 rate=0.35s/card eta=6.2m Jolteon ex (Mirror Holo)
  5150/6230 pid=669983 rate=0.35s/card eta=6.2m Zapdos - 239/742
  5151/6230 pid=669984 rate=0.35s/card eta=6.2m Zapdos - 240/742
  5152/6230 pid=669985 rate=0.35s/card eta=6.2m Ethan's Pichu
  5153/6230 pid=669986 rate=0.35s/card eta=6.2m Electrike
  5154/6230 pid=669987 rate=0.35s/card eta=6.2m Manectric
  5155/6230 pid=669988 rate=0.35s/card eta=6.2m Shinx
  5156/6230 pid=669989 rate=0.35s/card eta=6.2m Luxio
  5157/6230 pid=669990 rate=0.35s/card eta=6.2m Luxray ex
  5158/6230 pid=669991 rate=0.35s/card eta=6.2m Pachirisu
  5159/6230 pid=669992 rate=0.35s/card eta=6.2m Rotom
  5160/6230 pid=669993 rate=0.35s/card eta=6.2m Blitzle - 249/742
  5161/6230 pid=669994 rate=0.35s/card eta=6.2m Blitzle - 250/742
  5162/6230 pid=669995 rate=0.35s/card eta=6.2m Zebstrika - 251/742
  5163/6230 pid=669996 rate=0.35s/card eta=6.2m Zebstrika - 252/742
  5164/6230 pid=669997 rate=0.35s/card eta=6.2m Emolga
  5165/6230 pid=669998 rate=0.35s/card eta=6.1m Joltik
  5166/6230 pid=669999 rate=0.35s/card eta=6.1m Galvantula ex
  5167/6230 pid=670000 rate=0.35s/card eta=6.1m Tynamo
  5168/6230 pid=670001 rate=0.35s/card eta=6.1m Eelektrik
  5169/6230 pid=670002 rate=0.35s/card eta=6.1m Thundurus
  5170/6230 pid=670003 rate=0.35s/card eta=6.1m Zekrom ex
  5171/6230 pid=670004 rate=0.35s/card eta=6.1m Helioptile
  5172/6230 pid=670005 rate=0.35s/card eta=6.1m Heliolisk
  5173/6230 pid=670006 rate=0.35s/card eta=6.1m Charjabug
  5174/6230 pid=670007 rate=0.35s/card eta=6.1m Vikavolt
  5175/6230 pid=670008 rate=0.35s/card eta=6.1m Togedemaru
  5176/6230 pid=670009 rate=0.35s/card eta=6.1m Tapu Koko
  5177/6230 pid=670010 rate=0.35s/card eta=6.1m Zeraora - 266/742
  5178/6230 pid=670011 rate=0.35s/card eta=6.1m Zeraora - 267/742
  5179/6230 pid=670012 rate=0.35s/card eta=6.1m Yamper
  5180/6230 pid=670013 rate=0.35s/card eta=6.1m Boltund
  5181/6230 pid=670014 rate=0.35s/card eta=6.1m Morpeko
  5182/6230 pid=670015 rate=0.35s/card eta=6.1m Tadbulb
  5183/6230 pid=670016 rate=0.35s/card eta=6.0m Bellibolt
  5184/6230 pid=670017 rate=0.35s/card eta=6.0m Iono's Tadbulb (Mirror Holo)
  5185/6230 pid=670018 rate=0.35s/card eta=6.0m Iono's Bellibolt ex (Mirror Holo)
  5186/6230 pid=670019 rate=0.35s/card eta=6.0m Wattrel
  5187/6230 pid=670020 rate=0.35s/card eta=6.0m Kilowattrel - 276/742
  5188/6230 pid=670021 rate=0.35s/card eta=6.0m Kilowattrel - 277/742
  5189/6230 pid=670022 rate=0.35s/card eta=6.0m Iono's Wattrel (Mirror Holo)
  5190/6230 pid=670023 rate=0.35s/card eta=6.0m Iono's Kilowattrel (Mirror Holo)
  5191/6230 pid=670024 rate=0.35s/card eta=6.0m Iron Hands
  5192/6230 pid=670025 rate=0.35s/card eta=6.0m Iron Thorns
  5193/6230 pid=670026 rate=0.35s/card eta=6.0m Iron Thorns ex
  5194/6230 pid=670027 rate=0.35s/card eta=6.0m Miraidon - 283/742
  5195/6230 pid=670028 rate=0.35s/card eta=6.0m Miraidon ex - 284/742
  5196/6230 pid=670029 rate=0.35s/card eta=6.0m Clefairy
  5197/6230 pid=670030 rate=0.35s/card eta=6.0m Clefable
  5198/6230 pid=670031 rate=0.35s/card eta=6.0m Lillie's Clefairy ex
  5199/6230 pid=670032 rate=0.35s/card eta=6.0m Team Rocket's Drowzee
  5200/6230 pid=670033 rate=0.35s/card eta=5.9m Team Rocket's Hypno
  5201/6230 pid=670034 rate=0.35s/card eta=5.9m Team Rocket's Mewtwo ex
  5202/6230 pid=670035 rate=0.35s/card eta=5.9m Togepi
  5203/6230 pid=670036 rate=0.35s/card eta=5.9m Togetic
  5204/6230 pid=670037 rate=0.35s/card eta=5.9m Togekiss
  5205/6230 pid=670038 rate=0.35s/card eta=5.9m Marill - 294/742
  5206/6230 pid=670039 rate=0.35s/card eta=5.9m Marill - 295/742
  5207/6230 pid=670040 rate=0.35s/card eta=5.9m Azumarill
  5208/6230 pid=670041 rate=0.35s/card eta=5.9m Azumarill ex
  5209/6230 pid=670042 rate=0.35s/card eta=5.9m Azumarill ex (Mirror Holo)
  5210/6230 pid=670043 rate=0.35s/card eta=5.9m Espeon ex
  5211/6230 pid=670044 rate=0.35s/card eta=5.9m Espeon ex (Mirror Holo)
  5212/6230 pid=670045 rate=0.35s/card eta=5.9m Sylveon ex (Mirror Holo)
  5213/6230 pid=670046 rate=0.35s/card eta=5.9m Girafarig - 300/742
  5214/6230 pid=670047 rate=0.35s/card eta=5.9m Girafarig - 301/742
  5215/6230 pid=670048 rate=0.35s/card eta=5.9m Farigiraf
  5216/6230 pid=670049 rate=0.35s/card eta=5.9m Snubbull
  5217/6230 pid=670050 rate=0.35s/card eta=5.8m Granbull
  5218/6230 pid=670051 rate=0.35s/card eta=5.8m Spoink
  5219/6230 pid=670052 rate=0.35s/card eta=5.8m Grumpig
  5220/6230 pid=670053 rate=0.35s/card eta=5.8m Shuppet
  5221/6230 pid=670054 rate=0.35s/card eta=5.8m Duskull
  5222/6230 pid=670055 rate=0.35s/card eta=5.8m Dusclops
  5223/6230 pid=670056 rate=0.35s/card eta=5.8m Dusknoir
  5224/6230 pid=670057 rate=0.35s/card eta=5.8m Latias
  5225/6230 pid=670058 rate=0.35s/card eta=5.8m Latias ex
  5226/6230 pid=670059 rate=0.35s/card eta=5.8m Latias ex (Mirror Holo)
  5227/6230 pid=670060 rate=0.35s/card eta=5.8m Latios
  5228/6230 pid=670061 rate=0.35s/card eta=5.8m Uxie
  5229/6230 pid=670062 rate=0.35s/card eta=5.8m Mesprit
  5230/6230 pid=670063 rate=0.35s/card eta=5.8m Azelf
  5231/6230 pid=670064 rate=0.35s/card eta=5.8m Cresselia
  5232/6230 pid=670065 rate=0.35s/card eta=5.8m Sigilyph
  5233/6230 pid=670066 rate=0.35s/card eta=5.8m Yamask - 319/742
  5234/6230 pid=670067 rate=0.35s/card eta=5.8m Yamask - 320/742
  5235/6230 pid=670068 rate=0.35s/card eta=5.7m Cofagrigus - 321/742
  5236/6230 pid=670069 rate=0.35s/card eta=5.7m Cofagrigus - 322/742
  5237/6230 pid=670070 rate=0.35s/card eta=5.7m Gothita
  5238/6230 pid=670071 rate=0.35s/card eta=5.7m Gothorita
  5239/6230 pid=670072 rate=0.35s/card eta=5.7m Gothitelle
  5240/6230 pid=670073 rate=0.35s/card eta=5.7m Elgyem
  5241/6230 pid=670074 rate=0.35s/card eta=5.7m Beheeyem
  5242/6230 pid=670075 rate=0.35s/card eta=5.7m Flabebe
  5243/6230 pid=670076 rate=0.35s/card eta=5.7m Floette
  5244/6230 pid=670077 rate=0.35s/card eta=5.7m Florges
  5245/6230 pid=670078 rate=0.35s/card eta=5.7m Espurr
  5246/6230 pid=670079 rate=0.35s/card eta=5.7m Meowstic
  5247/6230 pid=670080 rate=0.35s/card eta=5.7m Swirlix
  5248/6230 pid=670081 rate=0.35s/card eta=5.7m Slurpuff - 334/742
  5249/6230 pid=670082 rate=0.35s/card eta=5.7m Xerneas
  5250/6230 pid=670083 rate=0.35s/card eta=5.7m Oricorio - 336/742
  5251/6230 pid=670084 rate=0.35s/card eta=5.7m Oricorio - 337/742
  5252/6230 pid=670085 rate=0.35s/card eta=5.6m Lillie's Cutiefly (Mirror Holo)
  5253/6230 pid=670086 rate=0.35s/card eta=5.6m Lillie's Ribombee (Mirror Holo)
  5254/6230 pid=670087 rate=0.35s/card eta=5.6m Lillie's Comfey (Mirror Holo)
  5255/6230 pid=670088 rate=0.35s/card eta=5.6m Team Rocket's Mimikyu
  5256/6230 pid=670089 rate=0.35s/card eta=5.6m Tapu Lele
  5257/6230 pid=670090 rate=0.35s/card eta=5.6m Impidimp
  5258/6230 pid=670091 rate=0.35s/card eta=5.6m Morgrem
  5259/6230 pid=670092 rate=0.35s/card eta=5.6m Grimmsnarl
  5260/6230 pid=670093 rate=0.35s/card eta=5.6m Enamorus
  5261/6230 pid=670094 rate=0.35s/card eta=5.6m Fidough
  5262/6230 pid=670095 rate=0.35s/card eta=5.6m Dachsbun ex
  5263/6230 pid=670096 rate=0.35s/card eta=5.6m Greavard
  5264/6230 pid=670097 rate=0.35s/card eta=5.6m Houndstone
  5265/6230 pid=670098 rate=0.35s/card eta=5.6m Houndstone ex
  5266/6230 pid=670099 rate=0.35s/card eta=5.6m Scream Tail
  5267/6230 pid=670100 rate=0.35s/card eta=5.6m Scream Tail ex
  5268/6230 pid=670101 rate=0.35s/card eta=5.6m Flutter Mane - 354/742
  5269/6230 pid=670102 rate=0.35s/card eta=5.5m Flutter Mane - 355/742
  5270/6230 pid=670103 rate=0.35s/card eta=5.5m Gimmighoul
  5271/6230 pid=670104 rate=0.35s/card eta=5.5m Iron Valiant
  5272/6230 pid=670105 rate=0.35s/card eta=5.5m Munkidori
  5273/6230 pid=670106 rate=0.35s/card eta=5.5m Fezandipiti
  5274/6230 pid=670107 rate=0.35s/card eta=5.5m Iron Boulder
  5275/6230 pid=670108 rate=0.35s/card eta=5.5m Iron Crown ex
  5276/6230 pid=670109 rate=0.35s/card eta=5.5m Swinub
  5277/6230 pid=670110 rate=0.35s/card eta=5.5m Piloswine
  5278/6230 pid=670111 rate=0.35s/card eta=5.5m Mamoswine ex
  5279/6230 pid=670112 rate=0.35s/card eta=5.5m Phanpy
  5280/6230 pid=670113 rate=0.35s/card eta=5.5m Donphan
  5281/6230 pid=670114 rate=0.35s/card eta=5.5m Hitmontop
  5282/6230 pid=670115 rate=0.35s/card eta=5.5m Meditite
  5283/6230 pid=670116 rate=0.35s/card eta=5.5m Meditite (Mirror Holo)
  5284/6230 pid=670117 rate=0.35s/card eta=5.5m Medicham
  5285/6230 pid=670118 rate=0.35s/card eta=5.5m Medicham (Mirror Holo)
  5286/6230 pid=670120 rate=0.35s/card eta=5.5m Erika's Tangela -743/742
  5287/6230 pid=670121 rate=0.35s/card eta=5.4m Salazzle -744/742
  5288/6230 pid=670122 rate=0.35s/card eta=5.4m Scorbunny -745/742
  5289/6230 pid=670123 rate=0.35s/card eta=5.4m Weavile -746/742
  5290/6230 pid=670124 rate=0.35s/card eta=5.4m Vikavolt -747/742
  5291/6230 pid=670125 rate=0.35s/card eta=5.4m Marill -748/742
  5292/6230 pid=670126 rate=0.35s/card eta=5.4m Banette -749/742
  5293/6230 pid=670127 rate=0.35s/card eta=5.4m Slurpuff -750/742
  5294/6230 pid=670128 rate=0.35s/card eta=5.4m Hitmontop -751/742
  5295/6230 pid=670129 rate=0.35s/card eta=5.4m Carbink -752/742
  5296/6230 pid=670130 rate=0.35s/card eta=5.4m Mightyena -753/742
  5297/6230 pid=670131 rate=0.35s/card eta=5.4m Mawile -754/742
  5298/6230 pid=670132 rate=0.35s/card eta=5.4m Eevee -755/742
  5299/6230 pid=670133 rate=0.35s/card eta=5.4m Larry's Staraptor -756/742
  5300/6230 pid=670134 rate=0.35s/card eta=5.4m Sprigatito ex -757/742
  5301/6230 pid=670135 rate=0.35s/card eta=5.4m Stunfisk ex -758/742
  5302/6230 pid=670136 rate=0.35s/card eta=5.4m Mega Audino ex -759/742
  5303/6230 pid=670137 rate=0.35s/card eta=5.4m Boss's Orders -760/742
  5304/6230 pid=670138 rate=0.35s/card eta=5.3m Mega Meganium ex -761/742
  5305/6230 pid=670139 rate=0.35s/card eta=5.3m Mega Emboar ex -762/742
  5306/6230 pid=670140 rate=0.35s/card eta=5.3m Mega Feraligatr ex -763/742
  5307/6230 pid=670141 rate=0.35s/card eta=5.3m Pikachu ex -764/742
  5308/6230 pid=670142 rate=0.35s/card eta=5.3m Lillie's Clefairy ex -765/742
  5309/6230 pid=670143 rate=0.35s/card eta=5.3m Mega Charizard Y ex -766/742
  5310/6230 pid=670145 rate=0.35s/card eta=5.3m Start Deck 100 Battle Collection
  5311/6230 pid=670149 rate=0.35s/card eta=5.3m Basic Darkness Energy
  5312/6230 pid=670162 rate=0.35s/card eta=5.3m Misty's Treatment
  5313/6230 pid=670187 rate=0.35s/card eta=5.3m Venusaur
  5314/6230 pid=670189 rate=0.35s/card eta=5.3m Blastoise
  5315/6230 pid=670191 rate=0.35s/card eta=5.3m Charizard
  5316/6230 pid=670327 rate=0.35s/card eta=5.3m Chikorita (Mirror Holo)
  5317/6230 pid=670328 rate=0.35s/card eta=5.3m Bayleef (Mirror Holo)
  5318/6230 pid=670329 rate=0.35s/card eta=5.3m Mega Meganium ex
  5319/6230 pid=670330 rate=0.35s/card eta=5.3m Roselia (Mirror Holo)
  5320/6230 pid=670331 rate=0.35s/card eta=5.3m Roserade (Mirror Holo)
  5321/6230 pid=670332 rate=0.35s/card eta=5.2m Durant ex (Mirror Holo)
  5322/6230 pid=670333 rate=0.35s/card eta=5.2m Iron Leaves ex
  5323/6230 pid=670334 rate=0.35s/card eta=5.2m Torkoal
  5324/6230 pid=670335 rate=0.35s/card eta=5.2m Tepig - 109/742 (Mirror Holo)
  5325/6230 pid=670336 rate=0.35s/card eta=5.2m Pignite - 111/742 (Mirror Holo)
  5326/6230 pid=670337 rate=0.35s/card eta=5.2m Mega Emboar ex (Mirror Holo)
  5327/6230 pid=670338 rate=0.35s/card eta=5.2m Charcadet (Mirror Holo)
  5328/6230 pid=670339 rate=0.35s/card eta=5.2m Totodile - 165/742 (Mirror Holo)
  5329/6230 pid=670340 rate=0.35s/card eta=5.2m Croconaw - 167/742 (Mirror Holo)
  5330/6230 pid=670341 rate=0.35s/card eta=5.2m Kyurem ex (Mirror Holo)
  5331/6230 pid=670342 rate=0.35s/card eta=5.2m Black Kyurem ex (Mirror Holo)
  5332/6230 pid=670343 rate=0.35s/card eta=5.2m Quaxly (Mirror Holo)
  5333/6230 pid=670344 rate=0.35s/card eta=5.2m Quaxwell (Mirror Holo)
  5334/6230 pid=670345 rate=0.35s/card eta=5.2m Quaquaval (Mirror Holo)
  5335/6230 pid=670346 rate=0.35s/card eta=5.2m Pikachu (Mirror Holo)
  5336/6230 pid=670347 rate=0.35s/card eta=5.2m Raichu (Mirror Holo)
  5337/6230 pid=670348 rate=0.35s/card eta=5.2m Pikachu ex - 227/742 (Mirror Holo)
  5338/6230 pid=670349 rate=0.35s/card eta=5.2m Electivire ex
  5339/6230 pid=670350 rate=0.35s/card eta=5.1m Emolga (Mirror Holo)
  5340/6230 pid=670351 rate=0.35s/card eta=5.1m Togedemaru (Mirror Holo)
  5341/6230 pid=670352 rate=0.35s/card eta=5.1m Morpeko (Mirror Holo)
  5342/6230 pid=670353 rate=0.35s/card eta=5.1m Iono's Tadbulb
  5343/6230 pid=670354 rate=0.35s/card eta=5.1m Iono's Bellibolt ex
  5344/6230 pid=670355 rate=0.35s/card eta=5.1m Iono's Wattrel
  5345/6230 pid=670356 rate=0.35s/card eta=5.1m Iono's Kilowattrel
  5346/6230 pid=670357 rate=0.35s/card eta=5.1m Miraidon ex - 284/742 (Mirror Holo)
  5347/6230 pid=670358 rate=0.35s/card eta=5.1m Lillie's Clefairy ex (Mirror Holo)
  5348/6230 pid=670359 rate=0.35s/card eta=5.1m Latios (Mirror Holo)
  5349/6230 pid=670360 rate=0.35s/card eta=5.1m Greavard (Mirror Holo)
  5350/6230 pid=670361 rate=0.35s/card eta=5.1m Houndstone ex (Mirror Holo)
  5351/6230 pid=670362 rate=0.35s/card eta=5.1m Klawf (Mirror Holo)
  5352/6230 pid=670363 rate=0.35s/card eta=5.1m Cornerstone Mask Ogerpon (Mirror Holo)
  5353/6230 pid=670364 rate=0.35s/card eta=5.1m Iron Boulder ex
  5354/6230 pid=670365 rate=0.35s/card eta=5.1m Vullaby (Mirror Holo)
  5355/6230 pid=670366 rate=0.35s/card eta=5.1m Mandibuzz ex (Mirror Holo)
  5356/6230 pid=670367 rate=0.35s/card eta=5.0m Arven's Mabosstiff ex
  5357/6230 pid=670368 rate=0.35s/card eta=5.0m Dialga (Mirror Holo)
  5358/6230 pid=670369 rate=0.35s/card eta=5.0m Togedemaru ex (Mirror Holo)
  5359/6230 pid=670370 rate=0.35s/card eta=5.0m Cufant (Mirror Holo)
  5360/6230 pid=670371 rate=0.35s/card eta=5.0m Copperajah (Mirror Holo)
  5361/6230 pid=670372 rate=0.35s/card eta=5.0m Iron Crown (Mirror Holo)
  5362/6230 pid=670373 rate=0.35s/card eta=5.0m Taillow
  5363/6230 pid=670374 rate=0.35s/card eta=5.0m Swellow
  5364/6230 pid=670375 rate=0.35s/card eta=5.0m Zangoose ex (Mirror Holo)
  5365/6230 pid=670376 rate=0.35s/card eta=5.0m Buneary
  5366/6230 pid=670377 rate=0.35s/card eta=5.0m Lopunny
  5367/6230 pid=670378 rate=0.35s/card eta=5.0m Chatot (Mirror Holo)
  5368/6230 pid=670379 rate=0.35s/card eta=5.0m Bouffalant ex
  5369/6230 pid=670380 rate=0.35s/card eta=5.0m Cyclizar (Mirror Holo)
  5370/6230 pid=670381 rate=0.35s/card eta=5.0m Crushing Hammer (Mirror Holo)
  5371/6230 pid=670382 rate=0.35s/card eta=5.0m Rare Candy (Mirror Holo)
  5372/6230 pid=670383 rate=0.35s/card eta=5.0m Poke Ball
  5373/6230 pid=670384 rate=0.35s/card eta=4.9m Counter Gain
  5374/6230 pid=670385 rate=0.35s/card eta=4.9m Brave Bangle (Mirror Holo)
  5375/6230 pid=670631 rate=0.35s/card eta=4.9m Basic Grass Energy (Mirror Holo)
  5376/6230 pid=670632 rate=0.35s/card eta=4.9m Basic Fire Energy (Mirror Holo)
  5377/6230 pid=670633 rate=0.35s/card eta=4.9m Basic Water Energy (Mirror Holo)
  5378/6230 pid=670634 rate=0.35s/card eta=4.9m Basic Lightning Energy (Mirror Holo)
  5379/6230 pid=670635 rate=0.35s/card eta=4.9m Basic Psychic Energy (Mirror Holo)
  5380/6230 pid=670636 rate=0.35s/card eta=4.9m Basic Fighting Energy (Mirror Holo)
  5381/6230 pid=670637 rate=0.35s/card eta=4.9m Basic Darkness Energy (Mirror Holo)
  5382/6230 pid=670638 rate=0.35s/card eta=4.9m Basic Metal Energy (Mirror Holo)
  5383/6230 pid=671306 rate=0.35s/card eta=4.9m Warp Point
  5384/6230 pid=672425 rate=0.35s/card eta=4.9m Rabsca ex - 184/SV-P
  5385/6230 pid=672685 rate=0.35s/card eta=4.9m Scyther
  5386/6230 pid=674320 rate=0.35s/card eta=4.9m Spinarak
  5387/6230 pid=674321 rate=0.35s/card eta=4.9m Ariados
  5388/6230 pid=674322 rate=0.35s/card eta=4.9m Shaymin
  5389/6230 pid=674323 rate=0.35s/card eta=4.9m Snivy
  5390/6230 pid=674324 rate=0.35s/card eta=4.9m Servine
  5391/6230 pid=674325 rate=0.35s/card eta=4.8m Serperior
  5392/6230 pid=674326 rate=0.35s/card eta=4.8m Scatterbug
  5393/6230 pid=674327 rate=0.35s/card eta=4.8m Spewpa - 008/080
  5394/6230 pid=674328 rate=0.35s/card eta=4.8m Vivillon
  5395/6230 pid=674329 rate=0.35s/card eta=4.8m Rowlet - 010/080
  5396/6230 pid=674330 rate=0.35s/card eta=4.8m Dartrix
  5397/6230 pid=674331 rate=0.35s/card eta=4.8m Decidueye ex - 012/080
  5398/6230 pid=674332 rate=0.35s/card eta=4.8m Fletchinder
  5399/6230 pid=674333 rate=0.35s/card eta=4.8m Talonflame - 014/080
  5400/6230 pid=674334 rate=0.35s/card eta=4.8m Salandit
  5401/6230 pid=674335 rate=0.35s/card eta=4.8m Salazzle ex - 016/080
  5402/6230 pid=674336 rate=0.35s/card eta=4.8m Turtonator
  5403/6230 pid=674337 rate=0.35s/card eta=4.8m Seel
  5404/6230 pid=674338 rate=0.35s/card eta=4.8m Dewgong
  5405/6230 pid=674339 rate=0.35s/card eta=4.8m Staryu
  5406/6230 pid=674340 rate=0.35s/card eta=4.8m Mega Starmie ex - 021/080
  5407/6230 pid=674341 rate=0.35s/card eta=4.8m Amaura
  5408/6230 pid=674342 rate=0.35s/card eta=4.7m Aurorus - 023/080
  5409/6230 pid=674343 rate=0.35s/card eta=4.7m Volcanion
  5410/6230 pid=674344 rate=0.35s/card eta=4.7m Shinx
  5411/6230 pid=674345 rate=0.35s/card eta=4.7m Luxio
  5412/6230 pid=674346 rate=0.35s/card eta=4.7m Luxray
  5413/6230 pid=674347 rate=0.35s/card eta=4.7m Dedenne - 028/080
  5414/6230 pid=674348 rate=0.35s/card eta=4.7m Clefairy - 029/080
  5415/6230 pid=674349 rate=0.35s/card eta=4.7m Mega Clefable ex - 030/080
  5416/6230 pid=674350 rate=0.35s/card eta=4.7m Mawile
  5417/6230 pid=674351 rate=0.35s/card eta=4.7m Espurr - 032/080
  5418/6230 pid=674352 rate=0.35s/card eta=4.7m Meowstic
  5419/6230 pid=674353 rate=0.35s/card eta=4.7m Spritzee
  5420/6230 pid=674354 rate=0.35s/card eta=4.7m Aromatisse
  5421/6230 pid=674355 rate=0.35s/card eta=4.7m Nosepass
  5422/6230 pid=674356 rate=0.35s/card eta=4.7m Probopass - 037/080
  5423/6230 pid=674357 rate=0.35s/card eta=4.7m Hippopotas
  5424/6230 pid=674358 rate=0.35s/card eta=4.7m Hippowdon
  5425/6230 pid=674359 rate=0.35s/card eta=4.6m Landorus
  5426/6230 pid=674360 rate=0.35s/card eta=4.6m Binacle
  5427/6230 pid=674361 rate=0.35s/card eta=4.6m Barbaracle
  5428/6230 pid=674362 rate=0.35s/card eta=4.6m Tyrunt - 043/080
  5429/6230 pid=674363 rate=0.35s/card eta=4.6m Tyrantrum
  5430/6230 pid=674364 rate=0.35s/card eta=4.6m Hawlucha
  5431/6230 pid=674365 rate=0.35s/card eta=4.6m Mega Zygarde ex - 046/080
  5432/6230 pid=674366 rate=0.35s/card eta=4.6m Gastly
  5433/6230 pid=674367 rate=0.35s/card eta=4.6m Haunter
  5434/6230 pid=674368 rate=0.35s/card eta=4.6m Gengar
  5435/6230 pid=674369 rate=0.35s/card eta=4.6m Skorupi
  5436/6230 pid=674370 rate=0.35s/card eta=4.6m Drapion - 051/080
  5437/6230 pid=674371 rate=0.35s/card eta=4.6m Yveltal ex - 052/080
  5438/6230 pid=674372 rate=0.35s/card eta=4.6m Chien-Pao
  5439/6230 pid=674373 rate=0.35s/card eta=4.6m Mega Skarmory ex - 054/080
  5440/6230 pid=674374 rate=0.35s/card eta=4.6m Honedge
  5441/6230 pid=674375 rate=0.35s/card eta=4.6m Doublade - 056/080
  5442/6230 pid=674376 rate=0.35s/card eta=4.6m Aegislash
  5443/6230 pid=674377 rate=0.35s/card eta=4.5m Klefki
  5444/6230 pid=674378 rate=0.35s/card eta=4.5m Rattata
  5445/6230 pid=674379 rate=0.35s/card eta=4.5m Raticate - 060/080
  5446/6230 pid=674380 rate=0.35s/card eta=4.5m Meowth ex - 061/080
  5447/6230 pid=674381 rate=0.35s/card eta=4.5m Snorlax
  5448/6230 pid=674382 rate=0.35s/card eta=4.5m Bunnelby
  5449/6230 pid=674383 rate=0.35s/card eta=4.5m Diggersby
  5450/6230 pid=674384 rate=0.35s/card eta=4.5m Fletchling
  5451/6230 pid=674385 rate=0.35s/card eta=4.5m Furfrou
  5452/6230 pid=674386 rate=0.35s/card eta=4.5m Energy Swatter
  5453/6230 pid=674387 rate=0.35s/card eta=4.5m Antique Jaw Fossil
  5454/6230 pid=674388 rate=0.35s/card eta=4.5m Antique Sail Fossil
  5455/6230 pid=674389 rate=0.35s/card eta=4.5m Poke Pad - 070/080
  5456/6230 pid=674390 rate=0.35s/card eta=4.5m Lumiose Galette
  5457/6230 pid=674391 rate=0.35s/card eta=4.5m Core Memory
  5458/6230 pid=674392 rate=0.35s/card eta=4.5m Tarragon - 073/080
  5459/6230 pid=674393 rate=0.35s/card eta=4.5m Naveen - 074/080
  5460/6230 pid=674394 rate=0.35s/card eta=4.4m Rosa's Encouragement - 075/080
  5461/6230 pid=674395 rate=0.35s/card eta=4.4m Jacinthe - 076/080
  5462/6230 pid=674396 rate=0.35s/card eta=4.4m Lumiose City - 077/080
  5463/6230 pid=674397 rate=0.35s/card eta=4.4m Grow G Energy
  5464/6230 pid=674398 rate=0.35s/card eta=4.4m Telepath P Energy
  5465/6230 pid=674399 rate=0.35s/card eta=4.4m Rock F Energy
  5466/6230 pid=674400 rate=0.35s/card eta=4.4m Spewpa - 081/080
  5467/6230 pid=674401 rate=0.35s/card eta=4.4m Rowlet - 082/080
  5468/6230 pid=674402 rate=0.35s/card eta=4.4m Talonflame - 083/080
  5469/6230 pid=674403 rate=0.35s/card eta=4.4m Aurorus - 084/080
  5470/6230 pid=674404 rate=0.35s/card eta=4.4m Dedenne - 085/080
  5471/6230 pid=674405 rate=0.35s/card eta=4.4m Clefairy - 086/080
  5472/6230 pid=674406 rate=0.35s/card eta=4.4m Espurr - 087/080
  5473/6230 pid=674407 rate=0.35s/card eta=4.4m Probopass - 088/080
  5474/6230 pid=674408 rate=0.35s/card eta=4.4m Tyrunt - 089/080
  5475/6230 pid=674409 rate=0.35s/card eta=4.4m Drapion - 090/080
  5476/6230 pid=674410 rate=0.35s/card eta=4.4m Doublade - 091/080
  5477/6230 pid=674411 rate=0.35s/card eta=4.3m Raticate - 092/080
  5478/6230 pid=674412 rate=0.35s/card eta=4.3m Decidueye ex - 093/080
  5479/6230 pid=674413 rate=0.35s/card eta=4.3m Salazzle ex - 094/080
  5480/6230 pid=674414 rate=0.35s/card eta=4.3m Mega Starmie ex - 095/080
  5481/6230 pid=674415 rate=0.35s/card eta=4.3m Mega Clefable ex - 096/080
  5482/6230 pid=674416 rate=0.35s/card eta=4.3m Mega Zygarde ex - 097/080
  5483/6230 pid=674417 rate=0.35s/card eta=4.3m Yveltal ex - 098/080
  5484/6230 pid=674418 rate=0.35s/card eta=4.3m Mega Skarmory ex - 099/080
  5485/6230 pid=674419 rate=0.35s/card eta=4.3m Meowth ex - 100/080
  5486/6230 pid=674420 rate=0.35s/card eta=4.3m Energy Recycler
  5487/6230 pid=674421 rate=0.35s/card eta=4.3m Sacred Ash
  5488/6230 pid=674422 rate=0.35s/card eta=4.3m Poke Pad - 103/080
  5489/6230 pid=674423 rate=0.35s/card eta=4.3m Wondrous Patch
  5490/6230 pid=674424 rate=0.35s/card eta=4.3m Tarragon - 105/080
  5491/6230 pid=674425 rate=0.35s/card eta=4.3m Naveen - 106/080
  5492/6230 pid=674426 rate=0.35s/card eta=4.3m Rosa's Encouragement - 107/080
  5493/6230 pid=674427 rate=0.35s/card eta=4.3m Jacinthe - 108/080
  5494/6230 pid=674428 rate=0.35s/card eta=4.2m Forest of Vitality
  5495/6230 pid=674429 rate=0.35s/card eta=4.2m Lumiose City - 110/080
  5496/6230 pid=674430 rate=0.35s/card eta=4.2m Mega Starmie ex - 111/080
  5497/6230 pid=674431 rate=0.35s/card eta=4.2m Mega Clefable ex - 112/080
  5498/6230 pid=674432 rate=0.35s/card eta=4.2m Mega Zygarde ex - 113/080
  5499/6230 pid=674433 rate=0.35s/card eta=4.2m Meowth ex - 114/080
  5500/6230 pid=674434 rate=0.35s/card eta=4.2m Rosa's Encouragement - 115/080
  5501/6230 pid=674435 rate=0.35s/card eta=4.2m Jacinthe - 116/080
  5502/6230 pid=674436 rate=0.35s/card eta=4.2m Mega Zygarde ex - 117/080
  5503/6230 pid=674449 rate=0.35s/card eta=4.2m Nihil Zero Booster Box
  5504/6230 pid=674454 rate=0.35s/card eta=4.2m Nihil Zero Booster Pack
  5505/6230 pid=674457 rate=0.35s/card eta=4.2m Mega Special Card Set: Mega Gallade ex
  5506/6230 pid=674838 rate=0.35s/card eta=4.2m Double Colorless Energy
  5507/6230 pid=675397 rate=0.35s/card eta=4.2m Grass Energy
  5508/6230 pid=675398 rate=0.35s/card eta=4.2m Fire Energy
  5509/6230 pid=675399 rate=0.35s/card eta=4.2m Water Energy
  5510/6230 pid=675400 rate=0.35s/card eta=4.2m Lightning Energy
  5511/6230 pid=675401 rate=0.35s/card eta=4.2m Psychic Energy
  5512/6230 pid=675402 rate=0.35s/card eta=4.1m Fighting Energy
  5513/6230 pid=676108 rate=0.35s/card eta=4.1m Bloodmoon Ursaluna ex - 258/SV-P
  5514/6230 pid=676111 rate=0.35s/card eta=4.1m Double Dragon Energy - XY-P
  5515/6230 pid=676123 rate=0.35s/card eta=4.1m Float Stone - 227/SV-P
  5516/6230 pid=677294 rate=0.35s/card eta=4.1m Potion
  5517/6230 pid=677295 rate=0.35s/card eta=4.1m Switch
  5518/6230 pid=677296 rate=0.35s/card eta=4.1m Judge
  5519/6230 pid=677297 rate=0.35s/card eta=4.1m Pokemon Catcher
  5520/6230 pid=677298 rate=0.35s/card eta=4.1m Ultra Ball
  5521/6230 pid=677299 rate=0.35s/card eta=4.1m Yamper
  5522/6230 pid=677300 rate=0.35s/card eta=4.1m Boltund
  5523/6230 pid=677301 rate=0.35s/card eta=4.1m Tadbulb
  5524/6230 pid=677302 rate=0.35s/card eta=4.1m Bellibolt
  5525/6230 pid=677303 rate=0.35s/card eta=4.1m Snorlax
  5526/6230 pid=677304 rate=0.35s/card eta=4.1m Durant
  5527/6230 pid=677305 rate=0.35s/card eta=4.1m Virizion
  5528/6230 pid=677306 rate=0.35s/card eta=4.1m Sprigatito
  5529/6230 pid=677307 rate=0.35s/card eta=4.0m Floragato
  5530/6230 pid=677308 rate=0.35s/card eta=4.0m Meowscarada
  5531/6230 pid=677309 rate=0.35s/card eta=4.0m Iris's Fighting Spirit
  5532/6230 pid=677310 rate=0.35s/card eta=4.0m Emolga
  5533/6230 pid=677311 rate=0.35s/card eta=4.0m Lillie's Determination
  5534/6230 pid=677312 rate=0.35s/card eta=4.0m Urbain
  5535/6230 pid=677313 rate=0.35s/card eta=4.0m Poke Pad
  5536/6230 pid=677314 rate=0.35s/card eta=4.0m Pikachu ex
  5537/6230 pid=677315 rate=0.35s/card eta=4.0m Waitress
  5538/6230 pid=677316 rate=0.35s/card eta=4.0m Influencer's Introduction
  5539/6230 pid=677751 rate=0.35s/card eta=4.0m Pokemon Jungle Booster Pack (291 Yen)
  5540/6230 pid=678055 rate=0.35s/card eta=4.0m VStar Premium Trainer Box
  5541/6230 pid=678527 rate=0.35s/card eta=4.0m Durant - 001/023
  5542/6230 pid=678528 rate=0.35s/card eta=4.0m Virizion - 002/023
  5543/6230 pid=678530 rate=0.35s/card eta=4.0m Floragato - 004/023
  5544/6230 pid=678531 rate=0.35s/card eta=4.0m Meowscarada - 005/023
  5545/6230 pid=678532 rate=0.35s/card eta=4.0m Pikachu ex - 006/023
  5546/6230 pid=678533 rate=0.35s/card eta=3.9m Emolga - 007/023
  5547/6230 pid=678534 rate=0.35s/card eta=3.9m Yamper - 008/023
  5548/6230 pid=678535 rate=0.35s/card eta=3.9m Boltund - 009/023
  5549/6230 pid=678537 rate=0.35s/card eta=3.9m Bellibolt - 011/023
  5550/6230 pid=678540 rate=0.35s/card eta=3.9m Ultra Ball - 014/023
  5551/6230 pid=678542 rate=0.35s/card eta=3.9m Switch - 016/023
  5552/6230 pid=678543 rate=0.35s/card eta=3.9m Pokemon Catcher - 017/023
  5553/6230 pid=678544 rate=0.35s/card eta=3.9m Iris's Fighting Spirit - 018/023
  5554/6230 pid=678546 rate=0.35s/card eta=3.9m Waitress - 020/023
  5555/6230 pid=678547 rate=0.35s/card eta=3.9m Urbain - 021/023
  5556/6230 pid=678549 rate=0.35s/card eta=3.9m Lillie's Determination - 023/023
  5557/6230 pid=679791 rate=0.35s/card eta=3.9m No.2 Trainer (1999 Tropical Mega Battle)
  5558/6230 pid=680236 rate=0.35s/card eta=3.9m Arceus V.X Deck: Grass & Fire
  5559/6230 pid=680474 rate=0.35s/card eta=3.9m Arceus V.X Deck: Lightning & Psychic
  5560/6230 pid=680680 rate=0.35s/card eta=3.9m Energy Retrieval
  5561/6230 pid=680965 rate=0.35s/card eta=3.9m Ocean's Kyogre ex Constructed Starter De
  5562/6230 pid=680966 rate=0.35s/card eta=3.9m Flygon Constructed Starter Deck
  5563/6230 pid=682966 rate=0.35s/card eta=3.8m Basic Water Energy - 025/M-P
  5564/6230 pid=682968 rate=0.35s/card eta=3.8m Basic Lightning Energy - 026/M-P
  5565/6230 pid=682969 rate=0.35s/card eta=3.8m Basic Psychic Energy - 027/M-P
  5566/6230 pid=682970 rate=0.35s/card eta=3.8m Basic Fighting Energy - 028/M-P
  5567/6230 pid=682972 rate=0.35s/card eta=3.8m Basic Darkness Energy - 029/M-P
  5568/6230 pid=682977 rate=0.35s/card eta=3.8m Basic Metal Energy - 030/M-P
  5569/6230 pid=683002 rate=0.35s/card eta=3.8m Champions Festival
  5570/6230 pid=683009 rate=0.35s/card eta=3.8m Lillie's Comfey - 199/SV-P
  5571/6230 pid=683010 rate=0.35s/card eta=3.8m Magma Deck Kit
  5572/6230 pid=683652 rate=0.35s/card eta=3.8m Weedle
  5573/6230 pid=683653 rate=0.35s/card eta=3.8m Kakuna
  5574/6230 pid=683654 rate=0.35s/card eta=3.8m Beedrill ex - 003/083
  5575/6230 pid=683655 rate=0.35s/card eta=3.8m Carnivine
  5576/6230 pid=683656 rate=0.35s/card eta=3.8m Chespin - 005/083
  5577/6230 pid=683657 rate=0.35s/card eta=3.8m Quilladin
  5578/6230 pid=683658 rate=0.35s/card eta=3.8m Chesnaught
  5579/6230 pid=683659 rate=0.35s/card eta=3.8m Vulpix
  5580/6230 pid=683660 rate=0.35s/card eta=3.8m Ninetales
  5581/6230 pid=683661 rate=0.35s/card eta=3.7m Ho-Oh
  5582/6230 pid=683662 rate=0.35s/card eta=3.7m Fennekin - 011/083
  5583/6230 pid=683663 rate=0.35s/card eta=3.7m Braixen
  5584/6230 pid=683664 rate=0.35s/card eta=3.7m Delphox
  5585/6230 pid=683665 rate=0.35s/card eta=3.7m Litleo
  5586/6230 pid=683666 rate=0.35s/card eta=3.7m Mega Pyroar ex - 015/083
  5587/6230 pid=683667 rate=0.35s/card eta=3.7m Remoraid
  5588/6230 pid=683668 rate=0.35s/card eta=3.7m Octillery
  5589/6230 pid=683669 rate=0.35s/card eta=3.7m Delibird
  5590/6230 pid=683670 rate=0.35s/card eta=3.7m Keldeo
  5591/6230 pid=683671 rate=0.35s/card eta=3.7m Froakie - 020/083
  5592/6230 pid=683672 rate=0.35s/card eta=3.7m Frogadier - 021/083
  5593/6230 pid=683673 rate=0.35s/card eta=3.7m Mega Greninja ex - 022/083
  5594/6230 pid=683674 rate=0.35s/card eta=3.7m Bergmite
  5595/6230 pid=683675 rate=0.35s/card eta=3.7m Avalugg
  5596/6230 pid=683676 rate=0.35s/card eta=3.7m Wimpod
  5597/6230 pid=683677 rate=0.35s/card eta=3.7m Golisopod
  5598/6230 pid=683678 rate=0.35s/card eta=3.6m Mareep
  5599/6230 pid=683679 rate=0.35s/card eta=3.6m Flaaffy
  5600/6230 pid=683680 rate=0.35s/card eta=3.6m Ampharos - 029/083
  5601/6230 pid=683681 rate=0.35s/card eta=3.6m Emolga
  5602/6230 pid=683682 rate=0.35s/card eta=3.6m Deoxys - 031/083
  5603/6230 pid=683683 rate=0.35s/card eta=3.6m Deoxys - 032/083
  5604/6230 pid=683684 rate=0.35s/card eta=3.6m Deoxys - 033/083
  5605/6230 pid=683685 rate=0.35s/card eta=3.6m Deoxys - 034/083
  5606/6230 pid=683686 rate=0.35s/card eta=3.6m Mega Floette ex - 035/083
  5607/6230 pid=683687 rate=0.35s/card eta=3.6m Espurr
  5608/6230 pid=683688 rate=0.35s/card eta=3.6m Meowstic
  5609/6230 pid=683689 rate=0.35s/card eta=3.6m Phantump
  5610/6230 pid=683690 rate=0.35s/card eta=3.6m Trevenant
  5611/6230 pid=683691 rate=0.35s/card eta=3.6m Pumpkaboo
  5612/6230 pid=683692 rate=0.35s/card eta=3.6m Gourgeist ex - 041/083
  5613/6230 pid=683693 rate=0.35s/card eta=3.6m Xerneas - 042/083
  5614/6230 pid=683694 rate=0.35s/card eta=3.6m Sudowoodo
  5615/6230 pid=683695 rate=0.35s/card eta=3.5m Phanpy
  5616/6230 pid=683696 rate=0.35s/card eta=3.5m Donphan
  5617/6230 pid=683697 rate=0.35s/card eta=3.5m Baltoy
  5618/6230 pid=683698 rate=0.35s/card eta=3.5m Claydol - 047/083
  5619/6230 pid=683699 rate=0.35s/card eta=3.5m Zubat
  5620/6230 pid=683700 rate=0.35s/card eta=3.5m Golbat
  5621/6230 pid=683701 rate=0.35s/card eta=3.5m Crobat - 050/083
  5622/6230 pid=683702 rate=0.35s/card eta=3.5m Qwilfish
  5623/6230 pid=683703 rate=0.35s/card eta=3.5m Stunky
  5624/6230 pid=683704 rate=0.35s/card eta=3.5m Skuntank
  5625/6230 pid=683705 rate=0.35s/card eta=3.5m Trubbish
  5626/6230 pid=683706 rate=0.35s/card eta=3.5m Garbodor
  5627/6230 pid=683707 rate=0.35s/card eta=3.5m Skrelp
  5628/6230 pid=683708 rate=0.35s/card eta=3.5m Beldum
  5629/6230 pid=683709 rate=0.35s/card eta=3.5m Metang - 058/083
  5630/6230 pid=683710 rate=0.35s/card eta=3.5m Metagross
  5631/6230 pid=683711 rate=0.35s/card eta=3.5m Ferroseed
  5632/6230 pid=683712 rate=0.35s/card eta=3.4m Ferrothorn
  5633/6230 pid=683713 rate=0.35s/card eta=3.4m Cobalion ex - 062/083
  5634/6230 pid=683714 rate=0.35s/card eta=3.4m Mega Dragalge ex - 063/083
  5635/6230 pid=683715 rate=0.35s/card eta=3.4m Goomy
  5636/6230 pid=683716 rate=0.35s/card eta=3.4m Sliggoo - 065/083
  5637/6230 pid=683717 rate=0.35s/card eta=3.4m Goodra
  5638/6230 pid=683718 rate=0.35s/card eta=3.4m Tauros - 067/083
  5639/6230 pid=683719 rate=0.35s/card eta=3.4m Patrat
  5640/6230 pid=683720 rate=0.35s/card eta=3.4m Watchog - 069/083
  5641/6230 pid=683721 rate=0.35s/card eta=3.4m Minccino
  5642/6230 pid=683722 rate=0.35s/card eta=3.4m Cinccino ex - 071/083
  5643/6230 pid=683723 rate=0.35s/card eta=3.4m Special Red Card - 072/083
  5644/6230 pid=683724 rate=0.35s/card eta=3.4m Big Haul Net
  5645/6230 pid=683725 rate=0.35s/card eta=3.4m Book of Transformation
  5646/6230 pid=683726 rate=0.35s/card eta=3.4m AZ's Tranquility - 075/083
  5647/6230 pid=683727 rate=0.35s/card eta=3.4m Philippe - 076/083
  5648/6230 pid=683728 rate=0.35s/card eta=3.4m Roxie's Performance - 077/083
  5649/6230 pid=683729 rate=0.35s/card eta=3.4m Emma - 078/083
  5650/6230 pid=683730 rate=0.35s/card eta=3.3m Ange Floette
  5651/6230 pid=683731 rate=0.35s/card eta=3.3m Prism Tower - 080/083
  5652/6230 pid=683732 rate=0.35s/card eta=3.3m Nitro R Energy
  5653/6230 pid=683733 rate=0.35s/card eta=3.3m Bubble W Energy
  5654/6230 pid=683734 rate=0.35s/card eta=3.3m Magnet M Energy
  5655/6230 pid=683735 rate=0.35s/card eta=3.3m Chespin - 084/083
  5656/6230 pid=683736 rate=0.35s/card eta=3.3m Fennekin - 085/083
  5657/6230 pid=683737 rate=0.35s/card eta=3.3m Froakie - 086/083
  5658/6230 pid=683738 rate=0.35s/card eta=3.3m Frogadier - 087/083
  5659/6230 pid=683739 rate=0.35s/card eta=3.3m Ampharos - 088/083
  5660/6230 pid=683740 rate=0.35s/card eta=3.3m Xerneas - 089/083
  5661/6230 pid=683741 rate=0.35s/card eta=3.3m Claydol - 090/083
  5662/6230 pid=683742 rate=0.35s/card eta=3.3m Crobat - 091/083
  5663/6230 pid=683743 rate=0.35s/card eta=3.3m Metang - 092/083
  5664/6230 pid=683744 rate=0.35s/card eta=3.3m Sliggoo - 093/083
  5665/6230 pid=683745 rate=0.35s/card eta=3.3m Tauros - 094/083
  5666/6230 pid=683746 rate=0.35s/card eta=3.3m Watchog - 095/083
  5667/6230 pid=683747 rate=0.35s/card eta=3.2m Beedrill ex - 096/083
  5668/6230 pid=683748 rate=0.35s/card eta=3.2m Mega Pyroar ex - 097/083
  5669/6230 pid=683749 rate=0.35s/card eta=3.2m Mega Greninja ex - 098/083
  5670/6230 pid=683750 rate=0.35s/card eta=3.2m Mega Floette ex - 099/083
  5671/6230 pid=683751 rate=0.35s/card eta=3.2m Gourgeist ex - 100/083
  5672/6230 pid=683752 rate=0.35s/card eta=3.2m Cobalion ex - 101/083
  5673/6230 pid=683753 rate=0.35s/card eta=3.2m Mega Dragalge ex - 102/083
  5674/6230 pid=683754 rate=0.35s/card eta=3.2m Cinccino ex - 103/083
  5675/6230 pid=683755 rate=0.35s/card eta=3.2m Energy Retrieval
  5676/6230 pid=683756 rate=0.35s/card eta=3.2m Jumbo Ice Cream
  5677/6230 pid=683757 rate=0.35s/card eta=3.2m Special Red Card - 106/083
  5678/6230 pid=683758 rate=0.35s/card eta=3.2m Tool Scrapper
  5679/6230 pid=683759 rate=0.35s/card eta=3.2m AZ's Tranquility - 108/083
  5680/6230 pid=683760 rate=0.35s/card eta=3.2m Philippe - 109/083
  5681/6230 pid=683761 rate=0.35s/card eta=3.2m Roxie's Performance - 110/083
  5682/6230 pid=683762 rate=0.35s/card eta=3.2m Emma - 111/083
  5683/6230 pid=683763 rate=0.35s/card eta=3.2m Surfing Beach
  5684/6230 pid=683764 rate=0.35s/card eta=3.1m Prism Tower - 113/083
  5685/6230 pid=683765 rate=0.35s/card eta=3.1m Mega Greninja ex - 114/083
  5686/6230 pid=683766 rate=0.35s/card eta=3.1m Mega Floette ex - 115/083
  5687/6230 pid=683767 rate=0.35s/card eta=3.1m Mega Dragalge ex - 116/083
  5688/6230 pid=683768 rate=0.35s/card eta=3.1m Cinccino ex - 117/083
  5689/6230 pid=683769 rate=0.35s/card eta=3.1m AZ's Tranquility - 118/083
  5690/6230 pid=683770 rate=0.35s/card eta=3.1m Roxie's Performance - 119/083
  5691/6230 pid=683771 rate=0.35s/card eta=3.1m Mega Greninja ex - 120/083
  5692/6230 pid=683774 rate=0.35s/card eta=3.1m Ninja Spinner Booster Box
  5693/6230 pid=683776 rate=0.35s/card eta=3.1m Ninja Spinner Booster Pack
  5694/6230 pid=684581 rate=0.35s/card eta=3.1m Mega Kangaskhan ex - 086/M-P
  5695/6230 pid=686300 rate=0.35s/card eta=3.1m TAG TEAM GX: Deck Build Box
  5696/6230 pid=687685 rate=0.35s/card eta=3.1m Irida - 219/SV-P
  5697/6230 pid=687693 rate=0.35s/card eta=3.1m Eevee - 198/SV-P
  5698/6230 pid=688209 rate=0.35s/card eta=3.1m Team Rocket's Kangaskhan ex -2 65/SV-P
  5699/6230 pid=688647 rate=0.35s/card eta=3.1m Primal Kyogre EX - 073/070
  5700/6230 pid=690290 rate=0.35s/card eta=3.1m Glory of Team Rocket Gang Briefcase
  5701/6230 pid=691617 rate=0.35s/card eta=3.0m Mega Gallade ex - 068/M-P
  5702/6230 pid=691618 rate=0.35s/card eta=3.0m Premium Power Pro - 069/M-P (Mirror Holo
  5703/6230 pid=691619 rate=0.35s/card eta=3.0m Kirlia - 067/M-P
  5704/6230 pid=691620 rate=0.35s/card eta=3.0m Ralts - 066/M-P
  5705/6230 pid=692581 rate=0.35s/card eta=3.0m Absol - XY-P
  5706/6230 pid=694955 rate=0.35s/card eta=3.0m Fighting Energy
  5707/6230 pid=694993 rate=0.35s/card eta=3.0m Energy Switch
  5708/6230 pid=694994 rate=0.35s/card eta=3.0m Crushing Hammer
  5709/6230 pid=694995 rate=0.35s/card eta=3.0m Brave Bangle
  5710/6230 pid=694996 rate=0.35s/card eta=3.0m Iron Defender
  5711/6230 pid=694997 rate=0.35s/card eta=3.0m Mega Darkrai ex - 046/081
  5712/6230 pid=694998 rate=0.35s/card eta=3.0m Mega Darkrai ex - 099/081
  5713/6230 pid=694999 rate=0.35s/card eta=3.0m Mega Darkrai ex - 114/081
  5714/6230 pid=695000 rate=0.35s/card eta=3.0m Mega Darkrai ex - 118/081
  5715/6230 pid=695001 rate=0.35s/card eta=3.0m Inkay
  5716/6230 pid=695002 rate=0.35s/card eta=3.0m Malamar
  5717/6230 pid=695003 rate=0.35s/card eta=3.0m Zarude - 054/081
  5718/6230 pid=695004 rate=0.35s/card eta=3.0m Zarude - 090/081
  5719/6230 pid=695005 rate=0.35s/card eta=2.9m Chi-Yu
  5720/6230 pid=695006 rate=0.35s/card eta=2.9m Dark Bell - 070/081
  5721/6230 pid=695007 rate=0.35s/card eta=2.9m Dark Bell - 105/081
  5722/6230 pid=695008 rate=0.35s/card eta=2.9m Shadowy Darkess Energy
  5723/6230 pid=695009 rate=0.35s/card eta=2.9m Drilbur
  5724/6230 pid=695010 rate=0.35s/card eta=2.9m Mega Excadrill ex - 063/081
  5725/6230 pid=695011 rate=0.35s/card eta=2.9m Mega Excadrill ex - 101/081
  5726/6230 pid=695012 rate=0.35s/card eta=2.9m Slowpoke
  5727/6230 pid=695013 rate=0.35s/card eta=2.9m Slowbro - 029/081
  5728/6230 pid=695014 rate=0.35s/card eta=2.9m Slowbro - 087/081
  5729/6230 pid=695015 rate=0.35s/card eta=2.9m Nickit
  5730/6230 pid=695016 rate=0.35s/card eta=2.9m Thievul - 052/081
  5731/6230 pid=695017 rate=0.35s/card eta=2.9m Thievul - 089/081
  5732/6230 pid=695018 rate=0.35s/card eta=2.9m Relicanth
  5733/6230 pid=695019 rate=0.35s/card eta=2.9m Antique Skull Fossil
  5734/6230 pid=695020 rate=0.35s/card eta=2.9m Antique Armor Fossil
  5735/6230 pid=695021 rate=0.35s/card eta=2.9m Fossil Excavation Site
  5736/6230 pid=695022 rate=0.35s/card eta=2.8m Cranidos
  5737/6230 pid=695023 rate=0.35s/card eta=2.8m Rampardos ex - 043/081
  5738/6230 pid=695024 rate=0.35s/card eta=2.8m Rampardos ex - 098/081
  5739/6230 pid=695025 rate=0.35s/card eta=2.8m Shieldon
  5740/6230 pid=695026 rate=0.35s/card eta=2.8m Bastiodon - 060/081
  5741/6230 pid=695027 rate=0.35s/card eta=2.8m Bastiodon - 091/081
  5742/6230 pid=695028 rate=0.35s/card eta=2.8m Poltchageist
  5743/6230 pid=695029 rate=0.35s/card eta=2.8m Sinistcha
  5744/6230 pid=695030 rate=0.35s/card eta=2.8m Shuppet
  5745/6230 pid=695031 rate=0.35s/card eta=2.8m Banette
  5746/6230 pid=695032 rate=0.35s/card eta=2.8m Spiritomb
  5747/6230 pid=695033 rate=0.35s/card eta=2.8m Litwick
  5748/6230 pid=695034 rate=0.35s/card eta=2.8m Lampent
  5749/6230 pid=695035 rate=0.35s/card eta=2.8m Mega Chandelure ex - 036/081
  5750/6230 pid=695036 rate=0.35s/card eta=2.8m Mega Chandelure ex - 097/081
  5751/6230 pid=695037 rate=0.35s/card eta=2.8m Mega Chandelure ex - 113/081
  5752/6230 pid=695038 rate=0.35s/card eta=2.8m Dhelmise - 037/081
  5753/6230 pid=695039 rate=0.35s/card eta=2.7m Dhelmise - 088/081
  5754/6230 pid=695040 rate=0.35s/card eta=2.7m Marshadow
  5755/6230 pid=695041 rate=0.35s/card eta=2.7m Gwynn - 078/081
  5756/6230 pid=695042 rate=0.35s/card eta=2.7m Gwynn - 111/081
  5757/6230 pid=695043 rate=0.35s/card eta=2.7m Gwynn - 117/081
  5758/6230 pid=695044 rate=0.35s/card eta=2.7m Wailmer
  5759/6230 pid=695045 rate=0.35s/card eta=2.7m Wailord ex - 015/081
  5760/6230 pid=695046 rate=0.35s/card eta=2.7m Wailord ex - 095/081
  5761/6230 pid=695047 rate=0.35s/card eta=2.7m Misty's Spirit - 075/081
  5762/6230 pid=695048 rate=0.35s/card eta=2.7m Misty's Spirit - 108/081
  5763/6230 pid=695049 rate=0.35s/card eta=2.7m Mega Zeraora ex - 026/081
  5764/6230 pid=695050 rate=0.35s/card eta=2.7m Mega Zeraora ex - 096/081
  5765/6230 pid=695051 rate=0.35s/card eta=2.7m Mega Zeraora ex - 112/081
  5766/6230 pid=695052 rate=0.35s/card eta=2.7m Tropius
  5767/6230 pid=695053 rate=0.35s/card eta=2.7m Grubbin
  5768/6230 pid=695054 rate=0.35s/card eta=2.7m Fomantis - 003/081
  5769/6230 pid=695055 rate=0.35s/card eta=2.7m Fomantis - 082/081
  5770/6230 pid=695056 rate=0.35s/card eta=2.7m Lurantis ex - 004/081
  5771/6230 pid=695057 rate=0.35s/card eta=2.6m Lurantis ex - 094/081
  5772/6230 pid=695058 rate=0.35s/card eta=2.6m Heatran
  5773/6230 pid=695059 rate=0.35s/card eta=2.6m Sizzlipede
  5774/6230 pid=695060 rate=0.35s/card eta=2.6m Centiskorch
  5775/6230 pid=695061 rate=0.35s/card eta=2.6m Charcadet
  5776/6230 pid=695062 rate=0.35s/card eta=2.6m Armarouge - 011/081
  5777/6230 pid=695063 rate=0.35s/card eta=2.6m Armarouge - 083/081
  5778/6230 pid=695064 rate=0.35s/card eta=2.6m Goldeen - 012/081
  5779/6230 pid=695065 rate=0.35s/card eta=2.6m Goldeen - 084/081
  5780/6230 pid=695066 rate=0.35s/card eta=2.6m Seaking
  5781/6230 pid=695067 rate=0.35s/card eta=2.6m Popplio
  5782/6230 pid=695068 rate=0.35s/card eta=2.6m Brionne
  5783/6230 pid=695069 rate=0.35s/card eta=2.6m Primarina - 019/081
  5784/6230 pid=695070 rate=0.35s/card eta=2.6m Primarina - 085/081
  5785/6230 pid=695071 rate=0.35s/card eta=2.6m Finizen
  5786/6230 pid=695072 rate=0.35s/card eta=2.6m Palafin
  5787/6230 pid=695073 rate=0.35s/card eta=2.6m Electrike
  5788/6230 pid=695074 rate=0.35s/card eta=2.5m Manectric - 023/081
  5789/6230 pid=695075 rate=0.35s/card eta=2.5m Manectric - 086/081
  5790/6230 pid=695076 rate=0.35s/card eta=2.5m Charjabug
  5791/6230 pid=695077 rate=0.35s/card eta=2.5m Vikavolt
  5792/6230 pid=695078 rate=0.35s/card eta=2.5m Volt Lightning Energy
  5793/6230 pid=695079 rate=0.35s/card eta=2.5m Miraidon
  5794/6230 pid=695080 rate=0.35s/card eta=2.5m Koraidon
  5795/6230 pid=695081 rate=0.35s/card eta=2.5m Jynx
  5796/6230 pid=695082 rate=0.35s/card eta=2.5m Annihilape
  5797/6230 pid=695083 rate=0.35s/card eta=2.5m Mankey
  5798/6230 pid=695084 rate=0.35s/card eta=2.5m Primeape
  5799/6230 pid=695085 rate=0.35s/card eta=2.5m Vullaby
  5800/6230 pid=695086 rate=0.35s/card eta=2.5m Mandibuzz
  5801/6230 pid=695087 rate=0.35s/card eta=2.5m Morpeko ex - 053/081
  5802/6230 pid=695088 rate=0.35s/card eta=2.5m Morpeko ex - 100/081
  5803/6230 pid=695089 rate=0.35s/card eta=2.5m Morpeko ex - 115/081
  5804/6230 pid=695090 rate=0.35s/card eta=2.5m Maschiff
  5805/6230 pid=695091 rate=0.35s/card eta=2.4m Mabosstiff
  5806/6230 pid=695092 rate=0.35s/card eta=2.4m Skarmory
  5807/6230 pid=695093 rate=0.35s/card eta=2.4m Bronzor
  5808/6230 pid=695094 rate=0.35s/card eta=2.4m Bronzong
  5809/6230 pid=695095 rate=0.35s/card eta=2.4m Pikipek
  5810/6230 pid=695096 rate=0.35s/card eta=2.4m Trumbeak
  5811/6230 pid=695097 rate=0.35s/card eta=2.4m Toucannon - 066/081
  5812/6230 pid=695098 rate=0.35s/card eta=2.4m Toucannon - 092/081
  5813/6230 pid=695099 rate=0.35s/card eta=2.4m Type: Null
  5814/6230 pid=695100 rate=0.35s/card eta=2.4m Silvally - 068/081
  5815/6230 pid=695101 rate=0.35s/card eta=2.4m Silvally - 093/081
  5816/6230 pid=695102 rate=0.35s/card eta=2.4m Bombirdier
  5817/6230 pid=695103 rate=0.35s/card eta=2.4m Terrific Bomb - 073/081
  5818/6230 pid=695104 rate=0.35s/card eta=2.4m Terrific Bomb - 106/081
  5819/6230 pid=695105 rate=0.35s/card eta=2.4m Retry Badge
  5820/6230 pid=695106 rate=0.35s/card eta=2.4m Gladion's Showdown - 076/081
  5821/6230 pid=695107 rate=0.35s/card eta=2.4m Gladion's Showdown - 109/081
  5822/6230 pid=695108 rate=0.35s/card eta=2.4m Gladion's Showdown - 116/081
  5823/6230 pid=695109 rate=0.35s/card eta=2.3m Rust Syndicate Grunt - 077/081
  5824/6230 pid=695110 rate=0.35s/card eta=2.3m Rust Syndicate Grunt - 110/081
  5825/6230 pid=695111 rate=0.35s/card eta=2.3m Abyss Eye Booster Pack
  5826/6230 pid=695112 rate=0.35s/card eta=2.3m Abyss Eye Booster Box
  5827/6230 pid=701538 rate=0.35s/card eta=2.3m Tropical Island Jungle Box Set
  5828/6230 pid=701539 rate=0.35s/card eta=2.3m Tropical Island Beach Box Set
  5829/6230 pid=701543 rate=0.35s/card eta=2.3m Rainbow Island Sky Box Set
  5830/6230 pid=701544 rate=0.35s/card eta=2.3m Rainbow Island Riverside Box Set
  5831/6230 pid=701545 rate=0.35s/card eta=2.3m Rainbow Island Fields of Flowers Box Set
  5832/6230 pid=701546 rate=0.35s/card eta=2.3m Tropical Island Sea Box Set
  5833/6230 pid=701555 rate=0.35s/card eta=2.3m Potion (Cinderace Stamped)
  5834/6230 pid=701556 rate=0.35s/card eta=2.3m Great Ball (Pikachu Stamped)
  5835/6230 pid=701557 rate=0.35s/card eta=2.3m Great Ball (Cinderace Stamped)
  5836/6230 pid=701558 rate=0.35s/card eta=2.3m Switch (Cinderace Stamped)
  5837/6230 pid=701559 rate=0.35s/card eta=2.3m Switch (Tyranitar Stamped)
  5838/6230 pid=701560 rate=0.35s/card eta=2.3m Pokemon Catcher (Cinderace Stamped)
  5839/6230 pid=701561 rate=0.35s/card eta=2.3m Pokemon Catcher (Pikachu Stamped)
  5840/6230 pid=701562 rate=0.35s/card eta=2.2m Level Ball (Cinderace Stamped)
  5841/6230 pid=701563 rate=0.35s/card eta=2.2m Level Ball (Pikachu Stamped)
  5842/6230 pid=701564 rate=0.35s/card eta=2.2m Shauna (Pikachu Stamped)
  5843/6230 pid=701565 rate=0.35s/card eta=2.2m Shauna (Tyranitar Stamped)
  5844/6230 pid=701566 rate=0.35s/card eta=2.2m Judge (Cinderace Stamped)
  5845/6230 pid=701567 rate=0.35s/card eta=2.2m Judge (Pikachu Stamped)
  5846/6230 pid=701568 rate=0.35s/card eta=2.2m Professor's Research (Cinderace Stamped)
  5847/6230 pid=701569 rate=0.35s/card eta=2.2m Professor's Research (Tyranitar Stamped)
  5848/6230 pid=701570 rate=0.35s/card eta=2.2m Hop (Pikachu Stamped)
  5849/6230 pid=701571 rate=0.35s/card eta=2.2m Hop (Tyranitar Stamped)
  5850/6230 pid=701572 rate=0.35s/card eta=2.2m Bug Catcher (Pikachu Stamped)
  5851/6230 pid=701573 rate=0.35s/card eta=2.2m Bug Catcher (Tyranitar Stamped)
  5852/6230 pid=701576 rate=0.35s/card eta=2.2m Basic Grass Energy (Cinderace Stamped)
  5853/6230 pid=701577 rate=0.35s/card eta=2.2m Basic Fire Energy (Cinderace Stamped)
  5854/6230 pid=701578 rate=0.35s/card eta=2.2m Basic Water Energy (Pikachu Stamped)
  5855/6230 pid=701579 rate=0.35s/card eta=2.2m Basic Lightning Energy (Pikachu Stamped)
  5856/6230 pid=701581 rate=0.35s/card eta=2.2m Basic Fighting Energy (Tyranitar Stamped
  5857/6230 pid=701582 rate=0.35s/card eta=2.1m Basic Darkness Energy (Tyranitar Stamped
  5858/6230 pid=703888 rate=0.35s/card eta=2.1m Neo Premium File 1
  5859/6230 pid=705023 rate=0.35s/card eta=2.1m Altaria - 097/150 (Mirror Holofoil)
  5860/6230 pid=705024 rate=0.35s/card eta=2.1m Alolan Ninetales (Mirror Holofoil)
  5861/6230 pid=705025 rate=0.35s/card eta=2.1m Blaziken (Mirror Holofoil)
  5862/6230 pid=705026 rate=0.35s/card eta=2.1m Buzzwole - 062/150 (Mirror Holofoil)
  5863/6230 pid=705027 rate=0.35s/card eta=2.1m Celesteela - 083/150 (Mirror Holofoil)
  5864/6230 pid=705028 rate=0.35s/card eta=2.1m Darkrai (Mirror Holofoil)
  5865/6230 pid=705029 rate=0.35s/card eta=2.1m Dawn Wings Necrozma (Mirror Holofoil)
  5866/6230 pid=705030 rate=0.35s/card eta=2.1m Delphox (Mirror Holofoil)
  5867/6230 pid=705031 rate=0.35s/card eta=2.1m Diancie - 094/150 (Mirror Holofoil)
  5868/6230 pid=705032 rate=0.35s/card eta=2.1m Dusk Mane Necrozma (Mirror Holofoil)
  5869/6230 pid=705034 rate=0.35s/card eta=2.1m Garchomp - 101/150 (Mirror Holofoil)
  5870/6230 pid=705036 rate=0.35s/card eta=2.1m Heatran (Mirror Holofoil)
  5871/6230 pid=705037 rate=0.35s/card eta=2.1m Hydreigon (Mirror Holofoil)
  5872/6230 pid=705044 rate=0.35s/card eta=2.1m Lucario - 056/150 (Mirror Holofoil)
  5873/6230 pid=705046 rate=0.35s/card eta=2.1m Magnezone - 080/150 (Mirror Holofoil)
  5874/6230 pid=705047 rate=0.35s/card eta=2.1m Manaphy (Mirror Holofoil)
  5875/6230 pid=705048 rate=0.35s/card eta=2.0m Marshadow (Mirror Holofoil)
  5876/6230 pid=705051 rate=0.35s/card eta=2.0m Oranguru - 109/150 (Mirror Holofoil)
  5877/6230 pid=705054 rate=0.35s/card eta=2.0m Pheromosa - 009/150 (Mirror Holofoil)
  5878/6230 pid=705055 rate=0.35s/card eta=2.0m Raikou (Mirror Holofoil)
  5879/6230 pid=705059 rate=0.35s/card eta=2.0m Reshiram (Mirror Holofoil)
  5880/6230 pid=705062 rate=0.35s/card eta=2.0m Type: Null - 110/150 (Mirror Holofoil)
  5881/6230 pid=705063 rate=0.35s/card eta=2.0m Xerneas (Mirror Holofoil)
  5882/6230 pid=705064 rate=0.35s/card eta=2.0m Xurkitree - 038/150 (Mirror Holofoil)
  5883/6230 pid=705065 rate=0.35s/card eta=2.0m Zekrom (Mirror Holofoil)
  5884/6230 pid=705066 rate=0.35s/card eta=2.0m Zygarde - 057/150 (Mirror Holofoil)
  5885/6230 pid=705067 rate=0.35s/card eta=2.0m Zygarde - 102/150 (Mirror Holofoil)
  5886/6230 pid=705986 rate=0.35s/card eta=2.0m Pitch's Pikachu (First Print)
  5887/6230 pid=705987 rate=0.35s/card eta=2.0m Pitch's Pikachu (Second Print)
  5888/6230 pid=707236 rate=0.35s/card eta=2.0m Darkrai A(Pokémon Wonderland Vol. 9) (Ju
  5889/6230 pid=707250 rate=0.35s/card eta=2.0m Tepig (Osaka Pokemon Center Grand Reopen
  5890/6230 pid=707253 rate=0.35s/card eta=2.0m Minccino (Beginner's Battle Conference) 
  5891/6230 pid=707255 rate=0.35s/card eta=2.0m Reshiram (Beginner's Battle Conference) 
  5892/6230 pid=707259 rate=0.35s/card eta=1.9m Oshawott (Fukuoka Pokemon Center Grand R
  5893/6230 pid=707260 rate=0.35s/card eta=1.9m Pikachu (Summer Carnival) (Jumbo)
  5894/6230 pid=707261 rate=0.35s/card eta=1.9m Victini (JR Pokémon Survey Team)
  5895/6230 pid=707263 rate=0.35s/card eta=1.9m Reshiram (JR Pokémon Survey Team) (Jumbo
  5896/6230 pid=707265 rate=0.35s/card eta=1.9m Zekrom (JR Pokémon Survey Team) (Jumbo)
  5897/6230 pid=707298 rate=0.35s/card eta=1.9m Snivy (Lawsons Original Customization Ju
  5898/6230 pid=707345 rate=0.35s/card eta=1.9m Mewtwo (Battle Carnival 2011) (Jumbo)
  5899/6230 pid=707348 rate=0.35s/card eta=1.9m Rayquaza (Battle Carnival) (Jumbo)
  5900/6230 pid=707354 rate=0.35s/card eta=1.9m Basic Darkness Energy
  5901/6230 pid=707355 rate=0.35s/card eta=1.9m Basic Psychic Energy
  5902/6230 pid=707357 rate=0.35s/card eta=1.9m Basic Grass Energy
  5903/6230 pid=707360 rate=0.35s/card eta=1.9m Basic Lightning Energy
  5904/6230 pid=707528 rate=0.35s/card eta=1.9m Pikachu (BEAMS) (Jumbo)
  5905/6230 pid=707529 rate=0.35s/card eta=1.9m Mewtwo (BEAMS) (Jumbo)
  5906/6230 pid=707530 rate=0.35s/card eta=1.9m Inkay (Tokyo Bay Pokemon Center Grand Op
  5907/6230 pid=707531 rate=0.35s/card eta=1.9m Charizard GX (Detective Pikachu Special 
  5908/6230 pid=707532 rate=0.35s/card eta=1.9m Mewtwo GX (Detective Pikachu Special Jum
  5909/6230 pid=707533 rate=0.35s/card eta=1.8m Pikachu & Zekrom GX (CoroCoro Aniki Wint
  5910/6230 pid=707705 rate=0.35s/card eta=1.8m Basic Fairy Energy (Raichu Stamped)
  5911/6230 pid=707706 rate=0.35s/card eta=1.8m Basic Fairy Energy (Raichu Stamped) (#3)
  5912/6230 pid=707707 rate=0.35s/card eta=1.8m Basic Fairy Energy (Raichu Stamped) (#4)
  5913/6230 pid=707708 rate=0.35s/card eta=1.8m Basic Fairy Energy (Raichu Stamped) (#11
  5914/6230 pid=707709 rate=0.35s/card eta=1.8m Basic Fairy Energy (Raichu Stamped) (#12
  5915/6230 pid=707710 rate=0.35s/card eta=1.8m Basic Fairy Energy (Raichu Stamped) (#14
  5916/6230 pid=707711 rate=0.35s/card eta=1.8m Basic Fairy Energy (Raichu Stamped) (#2)
  5917/6230 pid=707712 rate=0.35s/card eta=1.8m Basic Fairy Energy (Raichu Stamped) (#10
  5918/6230 pid=708224 rate=0.35s/card eta=1.8m Basic Lightning Energy (Raichu Stamped)
  5919/6230 pid=708225 rate=0.35s/card eta=1.8m Basic Lightning Energy (Raichu Stamped) 
  5920/6230 pid=708227 rate=0.35s/card eta=1.8m Basic Lightning Energy (Raichu Stamped) 
  5921/6230 pid=708228 rate=0.35s/card eta=1.8m Basic Lightning Energy (Raichu Stamped) 
  5922/6230 pid=708229 rate=0.35s/card eta=1.8m Basic Lightning Energy (Raichu Stamped) 
  5923/6230 pid=708230 rate=0.35s/card eta=1.8m Basic Lightning Energy (Raichu Stamped) 
  5924/6230 pid=708231 rate=0.35s/card eta=1.8m Basic Lightning Energy (Raichu Stamped) 
  5925/6230 pid=708234 rate=0.35s/card eta=1.8m Basic Grass Energy (Charizard Stamped)
  5926/6230 pid=708235 rate=0.35s/card eta=1.8m Basic Fire Energy (Charizard Stamped)
  5927/6230 pid=708236 rate=0.35s/card eta=1.7m Basic Psychic Energy (Mewtwo Stamped)
  5928/6230 pid=708240 rate=0.35s/card eta=1.7m Basic Psychic Energy (Mewtwo Stamped) (#
  5929/6230 pid=708241 rate=0.35s/card eta=1.7m Basic Psychic Energy (Mewtwo Stamped) (#
  5930/6230 pid=708242 rate=0.35s/card eta=1.7m Basic Psychic Energy (Mewtwo Stamped) (#
  5931/6230 pid=708243 rate=0.35s/card eta=1.7m Basic Psychic Energy (Mewtwo Stamped) (#
  5932/6230 pid=708244 rate=0.35s/card eta=1.7m Basic Psychic Energy (Mewtwo Stamped) (#
  5933/6230 pid=708245 rate=0.35s/card eta=1.7m Basic Psychic Energy (Mewtwo Stamped) (#
  5934/6230 pid=708246 rate=0.35s/card eta=1.7m Basic Psychic Energy (Mewtwo Stamped) (#
  5935/6230 pid=708248 rate=0.35s/card eta=1.7m Basic Water Energy (Mewtwo Stamped)
  5936/6230 pid=708249 rate=0.35s/card eta=1.7m Basic Water Energy (Mewtwo Stamped) (#2)
  5937/6230 pid=708250 rate=0.35s/card eta=1.7m Basic Water Energy (Mewtwo Stamped) (#3)
  5938/6230 pid=708251 rate=0.35s/card eta=1.7m Basic Water Energy (Mewtwo Stamped) (#4)
  5939/6230 pid=708253 rate=0.35s/card eta=1.7m Basic Water Energy (Mewtwo Stamped) (#11
  5940/6230 pid=708254 rate=0.35s/card eta=1.7m Basic Water Energy (Mewtwo Stamped) (#12
  5941/6230 pid=708255 rate=0.35s/card eta=1.7m Basic Water Energy (Mewtwo Stamped) (#13
  5942/6230 pid=708256 rate=0.35s/card eta=1.7m Basic Water Energy (Mewtwo Stamped) (#17
  5943/6230 pid=708257 rate=0.35s/card eta=1.7m Basic Water Energy (Mewtwo Stamped) (#19
  5944/6230 pid=708259 rate=0.35s/card eta=1.6m Basic Psychic Energy (Mewtwo Stamped) (#
  5945/6230 pid=708411 rate=0.35s/card eta=1.6m Basic Darkness Energy
  5946/6230 pid=708412 rate=0.35s/card eta=1.6m Basic Darkness Energy (Team Up)
  5947/6230 pid=708413 rate=0.35s/card eta=1.6m Basic Fairy Energy
  5948/6230 pid=708414 rate=0.35s/card eta=1.6m Basic Fairy Energy (Team Up)
  5949/6230 pid=708415 rate=0.35s/card eta=1.6m Basic Fighting Energy
  5950/6230 pid=708416 rate=0.35s/card eta=1.6m Basic Fighting Energy (Team Up)
  5951/6230 pid=708417 rate=0.35s/card eta=1.6m Basic Fire Energy
  5952/6230 pid=708418 rate=0.35s/card eta=1.6m Basic Fire Energy (Team Up)
  5953/6230 pid=708419 rate=0.35s/card eta=1.6m Basic Grass Energy
  5954/6230 pid=708420 rate=0.35s/card eta=1.6m Basic Grass Energy (Team Up)
  5955/6230 pid=708421 rate=0.35s/card eta=1.6m Basic Lightning Energy
  5956/6230 pid=708422 rate=0.35s/card eta=1.6m Basic Lightning Energy (Team Up)
  5957/6230 pid=708423 rate=0.35s/card eta=1.6m Basic Metal Energy
  5958/6230 pid=708424 rate=0.35s/card eta=1.6m Basic Metal Energy (Team Up)
  5959/6230 pid=708425 rate=0.35s/card eta=1.6m Basic Psychic Energy
  5960/6230 pid=708426 rate=0.35s/card eta=1.6m Basic Psychic Energy (Team Up)
  5961/6230 pid=708427 rate=0.35s/card eta=1.5m Basic Water Energy
  5962/6230 pid=708428 rate=0.35s/card eta=1.5m Basic Water Energy (Team Up)
  5963/6230 pid=708871 rate=0.35s/card eta=1.5m Shiny Collection Booster Box
  5964/6230 pid=708872 rate=0.35s/card eta=1.5m Shiny Collection Booster Pack
  5965/6230 pid=709110 rate=0.35s/card eta=1.5m Storm Emeralda Booster Box
  5966/6230 pid=709111 rate=0.35s/card eta=1.5m Storm Emeralda Booster Pack
  5967/6230 pid=709112 rate=0.35s/card eta=1.5m Starter Set ex Eevee ex
  5968/6230 pid=709113 rate=0.35s/card eta=1.5m Starter Set ex Meowscarada ex
  5969/6230 pid=709114 rate=0.35s/card eta=1.5m Starter Set ex Zoroark ex
  5970/6230 pid=709115 rate=0.35s/card eta=1.5m Jolteon
  5971/6230 pid=709116 rate=0.35s/card eta=1.5m Rotom
  5972/6230 pid=709117 rate=0.35s/card eta=1.5m Pawmi
  5973/6230 pid=709118 rate=0.35s/card eta=1.5m Pawmo
  5974/6230 pid=709119 rate=0.35s/card eta=1.5m Pawmot
  5975/6230 pid=709120 rate=0.35s/card eta=1.5m Miraidon
  5976/6230 pid=709121 rate=0.35s/card eta=1.5m Tauros
  5977/6230 pid=709122 rate=0.35s/card eta=1.5m Eevee
  5978/6230 pid=709123 rate=0.35s/card eta=1.5m Eevee ex
  5979/6230 pid=709124 rate=0.35s/card eta=1.4m Delibird - 010/019
  5980/6230 pid=709125 rate=0.35s/card eta=1.4m Poke Pad
  5981/6230 pid=709126 rate=0.35s/card eta=1.4m Lillie's Determination
  5982/6230 pid=709127 rate=0.35s/card eta=1.4m Boss's Orders [Corbeau]
  5983/6230 pid=709128 rate=0.35s/card eta=1.4m Carvanha
  5984/6230 pid=709129 rate=0.35s/card eta=1.4m Sharpedo
  5985/6230 pid=709130 rate=0.35s/card eta=1.4m Darkrai
  5986/6230 pid=709131 rate=0.35s/card eta=1.4m Purrloin
  5987/6230 pid=709132 rate=0.35s/card eta=1.4m Liepard
  5988/6230 pid=709133 rate=0.35s/card eta=1.4m Zorua
  5989/6230 pid=709134 rate=0.35s/card eta=1.4m Zoroark ex
  5990/6230 pid=709135 rate=0.35s/card eta=1.4m Morpeko
  5991/6230 pid=709136 rate=0.35s/card eta=1.4m Zarude
  5992/6230 pid=709137 rate=0.35s/card eta=1.4m Delibird
  5993/6230 pid=709138 rate=0.35s/card eta=1.4m Poke Pad
  5994/6230 pid=709139 rate=0.35s/card eta=1.4m Boss's Orders [Corbeau]
  5995/6230 pid=709140 rate=0.35s/card eta=1.4m Lillie's Determination
  5996/6230 pid=709141 rate=0.35s/card eta=1.3m Shaymin
  5997/6230 pid=709142 rate=0.35s/card eta=1.3m Virizion
  5998/6230 pid=709143 rate=0.35s/card eta=1.3m Sprigatito
  5999/6230 pid=709144 rate=0.35s/card eta=1.3m Floragato
  6000/6230 pid=709145 rate=0.35s/card eta=1.3m Meowscarada ex
  6001/6230 pid=709146 rate=0.35s/card eta=1.3m Smoliv
  6002/6230 pid=709147 rate=0.35s/card eta=1.3m Dolliv
  6003/6230 pid=709148 rate=0.35s/card eta=1.3m Arboliva
  6004/6230 pid=709149 rate=0.35s/card eta=1.3m Delibird
  6005/6230 pid=709150 rate=0.35s/card eta=1.3m Boss's Orders [Corbeau]
  6006/6230 pid=709151 rate=0.35s/card eta=1.3m Lillie's Determination
  6007/6230 pid=709152 rate=0.35s/card eta=1.3m Ultra Ball
  6008/6230 pid=709153 rate=0.35s/card eta=1.3m Rare Candy
  6009/6230 pid=709154 rate=0.35s/card eta=1.3m Air Balloon
  6010/6230 pid=709155 rate=0.35s/card eta=1.3m Urbain
  6011/6230 pid=709157 rate=0.35s/card eta=1.3m Heracross
  6012/6230 pid=709158 rate=0.35s/card eta=1.3m Surskit
  6013/6230 pid=709159 rate=0.35s/card eta=1.2m Masquerain - 003/076
  6014/6230 pid=709160 rate=0.35s/card eta=1.2m Cacnea
  6015/6230 pid=709161 rate=0.35s/card eta=1.2m Cacturne
  6016/6230 pid=709162 rate=0.35s/card eta=1.2m Combee
  6017/6230 pid=709163 rate=0.35s/card eta=1.2m Vespiquen
  6018/6230 pid=709164 rate=0.35s/card eta=1.2m Wimpod
  6019/6230 pid=709165 rate=0.35s/card eta=1.2m Mega Golisopod ex - 009/076
  6020/6230 pid=709166 rate=0.35s/card eta=1.2m Growlithe - 010/076
  6021/6230 pid=709167 rate=0.35s/card eta=1.2m Arcanine
  6022/6230 pid=709168 rate=0.35s/card eta=1.2m Magmar
  6023/6230 pid=709169 rate=0.35s/card eta=1.2m Magmortar - 013/076
  6024/6230 pid=709170 rate=0.35s/card eta=1.2m Torkoal
  6025/6230 pid=709171 rate=0.35s/card eta=1.2m Heat Rotom ex - 015/076
  6026/6230 pid=709172 rate=0.35s/card eta=1.2m Heatmor
  6027/6230 pid=709173 rate=0.35s/card eta=1.2m Mantine
  6028/6230 pid=709174 rate=0.35s/card eta=1.2m Kyogre - 018/076
  6029/6230 pid=709175 rate=0.35s/card eta=1.2m Frillish
  6030/6230 pid=709176 rate=0.35s/card eta=1.2m Jellicent
  6031/6230 pid=709177 rate=0.35s/card eta=1.1m Wishiwashi ex - 021/076
  6032/6230 pid=709178 rate=0.35s/card eta=1.1m Electabuzz
  6033/6230 pid=709179 rate=0.35s/card eta=1.1m Electivire - 023/076
  6034/6230 pid=709180 rate=0.35s/card eta=1.1m Pincurchin - 026/076
  6035/6230 pid=709181 rate=0.35s/card eta=1.1m Wattrel
  6036/6230 pid=709182 rate=0.35s/card eta=1.1m Kilowattrel
  6037/6230 pid=709183 rate=0.35s/card eta=1.1m Drowzee
  6038/6230 pid=709184 rate=0.35s/card eta=1.1m Hypno
  6039/6230 pid=709185 rate=0.35s/card eta=1.1m Giratina
  6040/6230 pid=709186 rate=0.35s/card eta=1.1m Golett
  6041/6230 pid=709187 rate=0.35s/card eta=1.1m Mega Golurk ex - 033/076
  6042/6230 pid=709188 rate=0.35s/card eta=1.1m Enamorus - 034/076
  6043/6230 pid=709189 rate=0.35s/card eta=1.1m Sandslash
  6044/6230 pid=709190 rate=0.35s/card eta=1.1m Onix
  6045/6230 pid=709191 rate=0.35s/card eta=1.1m Steelix
  6046/6230 pid=709192 rate=0.35s/card eta=1.1m Groudon - 039/076
  6047/6230 pid=709193 rate=0.35s/card eta=1.1m Landorus
  6048/6230 pid=709194 rate=0.35s/card eta=1.0m Nidoran F
  6049/6230 pid=709195 rate=0.35s/card eta=1.0m Nidorina
  6050/6230 pid=709196 rate=0.35s/card eta=1.0m Nidoqueen
  6051/6230 pid=709197 rate=0.35s/card eta=1.0m Spinarak
  6052/6230 pid=709198 rate=0.35s/card eta=1.0m Ariados
  6053/6230 pid=709199 rate=0.35s/card eta=1.0m Sableye
  6054/6230 pid=709200 rate=0.35s/card eta=1.0m Inkay - 047/076
  6055/6230 pid=709201 rate=0.35s/card eta=1.0m Mega Malamar ex - 048/076
  6056/6230 pid=709202 rate=0.35s/card eta=1.0m Druddigon
  6057/6230 pid=709203 rate=0.35s/card eta=1.0m Jangmo-o
  6058/6230 pid=709204 rate=0.35s/card eta=1.0m Hakamo-o
  6059/6230 pid=709205 rate=0.35s/card eta=1.0m Kommo-o
  6060/6230 pid=709206 rate=0.35s/card eta=1.0m Cyclizar
  6061/6230 pid=709207 rate=0.35s/card eta=1.0m Azurill - 054/076
  6062/6230 pid=709208 rate=0.35s/card eta=1.0m Swablu
  6063/6230 pid=709209 rate=0.35s/card eta=1.0m Altaria - 056/076
  6064/6230 pid=709210 rate=0.35s/card eta=1.0m Kecleon - 057/076
  6065/6230 pid=709211 rate=0.35s/card eta=0.9m Mega Rayquaza ex - 058/076
  6066/6230 pid=709212 rate=0.35s/card eta=0.9m Tornadus
  6067/6230 pid=709213 rate=0.35s/card eta=0.9m Fletchling
  6068/6230 pid=709214 rate=0.35s/card eta=0.9m Fletchinder
  6069/6230 pid=709215 rate=0.35s/card eta=0.9m Talonflame ex - 062/076
  6070/6230 pid=709216 rate=0.35s/card eta=0.9m Delicious Onigiri
  6071/6230 pid=709217 rate=0.35s/card eta=0.9m Adventuring Lantern - 064/076
  6072/6230 pid=709218 rate=0.35s/card eta=0.9m Custom Vest - 065/076
  6073/6230 pid=709219 rate=0.35s/card eta=0.9m Mega Rayquaza Cap
  6074/6230 pid=709220 rate=0.35s/card eta=0.9m Emcee's Hype - 067/076
  6075/6230 pid=709221 rate=0.35s/card eta=0.9m Aarune - 068/076
  6076/6230 pid=709222 rate=0.35s/card eta=0.9m Zinnia's Trust - 069/076
  6077/6230 pid=709223 rate=0.35s/card eta=0.9m Tate & Liza's Training - 070/076
  6078/6230 pid=709224 rate=0.35s/card eta=0.9m Legendary Marine Trench - 071/076
  6079/6230 pid=709225 rate=0.35s/card eta=0.9m Legendary Marine Trench - 072/076
  6080/6230 pid=709226 rate=0.35s/card eta=0.9m Legendary Summit - 073/076
  6081/6230 pid=709227 rate=0.35s/card eta=0.9m Legendary Summit - 074/076
  6082/6230 pid=709228 rate=0.35s/card eta=0.9m Legendary Lava Tube - 075/076
  6083/6230 pid=709229 rate=0.35s/card eta=0.8m Legendary Lava Tube - 076/076
  6084/6230 pid=709230 rate=0.35s/card eta=0.8m Masquerain - 077/076
  6085/6230 pid=709231 rate=0.35s/card eta=0.8m Growlithe - 078/076
  6086/6230 pid=709232 rate=0.35s/card eta=0.8m Magmortar - 079/076
  6087/6230 pid=709233 rate=0.35s/card eta=0.8m Kyogre - 080/076
  6088/6230 pid=709234 rate=0.35s/card eta=0.8m Electivire - 081/076
  6089/6230 pid=709235 rate=0.35s/card eta=0.8m Pincurchin - 082/076
  6090/6230 pid=709236 rate=0.35s/card eta=0.8m Enamorus - 083/076
  6091/6230 pid=709237 rate=0.35s/card eta=0.8m Groudon - 084/076
  6092/6230 pid=709238 rate=0.35s/card eta=0.8m Inkay - 085/076
  6093/6230 pid=709239 rate=0.35s/card eta=0.8m Azurill - 086/076
  6094/6230 pid=709240 rate=0.35s/card eta=0.8m Altaria - 087/076
  6095/6230 pid=709241 rate=0.35s/card eta=0.8m Kecleon - 088/076
  6096/6230 pid=709242 rate=0.35s/card eta=0.8m Mega Golisopod ex - 089/076
  6097/6230 pid=709243 rate=0.35s/card eta=0.8m Heat Rotom ex - 090/076
  6098/6230 pid=709244 rate=0.35s/card eta=0.8m Wishiwashi ex - 091/076
  6099/6230 pid=709245 rate=0.35s/card eta=0.8m Raikou ex - 092/076
  6100/6230 pid=709246 rate=0.35s/card eta=0.7m Mega Golurk ex - 093/076
  6101/6230 pid=709247 rate=0.35s/card eta=0.7m Mega Malamar ex - 094/076
  6102/6230 pid=709248 rate=0.35s/card eta=0.7m Mega Rayquaza ex - 095/076
  6103/6230 pid=709249 rate=0.35s/card eta=0.7m Talonflame ex - 096/076
  6104/6230 pid=709250 rate=0.35s/card eta=0.7m Adventuring Lantern - 097/076
  6105/6230 pid=709251 rate=0.35s/card eta=0.7m Pokemon Catcher
  6106/6230 pid=709252 rate=0.35s/card eta=0.7m Custom Vest - 099/076
  6107/6230 pid=709253 rate=0.35s/card eta=0.7m Emcee's Hype - 100/076
  6108/6230 pid=709254 rate=0.35s/card eta=0.7m Aarune - 101/076
  6109/6230 pid=709255 rate=0.35s/card eta=0.7m Zinnia's Trust - 102/076
  6110/6230 pid=709256 rate=0.35s/card eta=0.7m Tate & Liza's Training - 103/076
  6111/6230 pid=709257 rate=0.35s/card eta=0.7m Growing Grass Energy
  6112/6230 pid=709258 rate=0.35s/card eta=0.7m Nitro Fire Energy
  6113/6230 pid=709259 rate=0.35s/card eta=0.7m Bubbly Water Energy
  6114/6230 pid=709260 rate=0.35s/card eta=0.7m Mega Golisopod ex - 107/076
  6115/6230 pid=709261 rate=0.35s/card eta=0.7m Raikou ex - 108/076
  6116/6230 pid=709262 rate=0.35s/card eta=0.7m Mega Golurk ex - 109/076
  6117/6230 pid=709263 rate=0.35s/card eta=0.7m Judge
  6118/6230 pid=709264 rate=0.35s/card eta=0.6m Mega Rayquaza ex - 110/076
  6119/6230 pid=709265 rate=0.35s/card eta=0.6m Aarune - 111/076
  6120/6230 pid=709266 rate=0.35s/card eta=0.6m Zinnia's Trust - 112/076
  6121/6230 pid=709267 rate=0.35s/card eta=0.6m Mega Rayquaza ex - 113/076
  6122/6230 pid=709270 rate=0.35s/card eta=0.6m Dawn
  6123/6230 pid=709271 rate=0.35s/card eta=0.6m Eevee - 020/019
  6124/6230 pid=709276 rate=0.35s/card eta=0.6m Crushing Hammer
  6125/6230 pid=709277 rate=0.35s/card eta=0.6m Ultra Ball
  6126/6230 pid=709279 rate=0.35s/card eta=0.6m Air Balloon
  6127/6230 pid=709281 rate=0.35s/card eta=0.6m Iris's Fighting Spirit
  6128/6230 pid=709283 rate=0.35s/card eta=0.6m Urbain
  6129/6230 pid=709284 rate=0.35s/card eta=0.6m Judge
  6130/6230 pid=709286 rate=0.35s/card eta=0.6m Raikou ex - 024/076
  6131/6230 pid=709287 rate=0.35s/card eta=0.6m Zorua - 020/019
  6132/6230 pid=709288 rate=0.35s/card eta=0.6m Sandshrew
  6133/6230 pid=709289 rate=0.35s/card eta=0.6m Thundurus
  6134/6230 pid=709291 rate=0.35s/card eta=0.6m Ultra Ball
  6135/6230 pid=709292 rate=0.35s/card eta=0.5m Rare Candy
  6136/6230 pid=709293 rate=0.35s/card eta=0.5m Air Balloon
  6137/6230 pid=709295 rate=0.35s/card eta=0.5m Urbain
  6138/6230 pid=709297 rate=0.35s/card eta=0.5m Dawn
  6139/6230 pid=709300 rate=0.35s/card eta=0.5m Poke Pad
  6140/6230 pid=709302 rate=0.35s/card eta=0.5m Sprigatito - 018/017
  6141/6230 pid=709327 rate=0.35s/card eta=0.5m Legendary Summit [Set of 2]
  6142/6230 pid=709328 rate=0.35s/card eta=0.5m Legendary Lava Tube [Set of 2]
  6143/6230 pid=709329 rate=0.35s/card eta=0.5m Legendary Marine Trench [Set of 2]
  6144/6230 pid=711210 rate=0.35s/card eta=0.5m Hippopotas - 186/SV-P
  6145/6230 pid=711331 rate=0.35s/card eta=0.5m Basic Darkness Energy
  6146/6230 pid=711332 rate=0.35s/card eta=0.5m Basic Darkness Energy (VStar Era)
  6147/6230 pid=711333 rate=0.35s/card eta=0.5m Basic Fairy Energy
  6148/6230 pid=711334 rate=0.35s/card eta=0.5m Basic Fighting Energy
  6149/6230 pid=711335 rate=0.35s/card eta=0.5m Basic Fighting Energy (VStar Era)
  6150/6230 pid=711336 rate=0.35s/card eta=0.5m Basic Fire Energy
  6151/6230 pid=711337 rate=0.35s/card eta=0.5m Basic Fire Energy (VStar Era)
  6152/6230 pid=711338 rate=0.35s/card eta=0.4m Basic Grass Energy
  6153/6230 pid=711339 rate=0.35s/card eta=0.4m Basic Grass Energy (VStar Era)
  6154/6230 pid=711340 rate=0.35s/card eta=0.4m Basic Lightning Energy
  6155/6230 pid=711341 rate=0.35s/card eta=0.4m Basic Lightning Energy (VStar Era)
  6156/6230 pid=711342 rate=0.35s/card eta=0.4m Basic Metal Energy
  6157/6230 pid=711343 rate=0.35s/card eta=0.4m Basic Metal Energy (VStar Era)
  6158/6230 pid=711344 rate=0.35s/card eta=0.4m Basic Psychic Energy
  6159/6230 pid=711345 rate=0.35s/card eta=0.4m Basic Psychic Energy (VStar Era)
  6160/6230 pid=711346 rate=0.35s/card eta=0.4m Basic Water Energy
  6161/6230 pid=711347 rate=0.35s/card eta=0.4m Basic Water Energy (VStar Era)
  6162/6230 pid=712046 rate=0.35s/card eta=0.4m Venusaur
  6163/6230 pid=712047 rate=0.35s/card eta=0.4m Cherrim
  6164/6230 pid=712048 rate=0.35s/card eta=0.4m Ninetales
  6165/6230 pid=712049 rate=0.35s/card eta=0.4m Heatran
  6166/6230 pid=712050 rate=0.35s/card eta=0.4m Starmie
  6167/6230 pid=712051 rate=0.35s/card eta=0.4m Gyarados
  6168/6230 pid=712052 rate=0.35s/card eta=0.4m Pikachu
  6169/6230 pid=712053 rate=0.35s/card eta=0.4m Zapdos
  6170/6230 pid=712054 rate=0.35s/card eta=0.3m Mewtwo
  6171/6230 pid=712055 rate=0.35s/card eta=0.3m Mew
  6172/6230 pid=712056 rate=0.35s/card eta=0.3m Diglett
  6173/6230 pid=712057 rate=0.35s/card eta=0.3m Lucario
  6174/6230 pid=712058 rate=0.35s/card eta=0.3m Skuntank
  6175/6230 pid=712059 rate=0.35s/card eta=0.3m Bastiodon
  6176/6230 pid=712060 rate=0.35s/card eta=0.3m Rattata
  6177/6230 pid=712061 rate=0.35s/card eta=0.3m Bibarel
  6178/6230 pid=712062 rate=0.35s/card eta=0.3m Eevee
  6179/6230 pid=712063 rate=0.35s/card eta=0.3m Pachirisu
  6180/6230 pid=712064 rate=0.35s/card eta=0.3m Croagunk
  6181/6230 pid=714505 rate=0.35s/card eta=0.3m Basic Grass Energy
  6182/6230 pid=714506 rate=0.35s/card eta=0.3m Basic Fire Energy
  6183/6230 pid=714507 rate=0.35s/card eta=0.3m Basic Water Energy
  6184/6230 pid=714508 rate=0.35s/card eta=0.3m Basic Lightning Energy
  6185/6230 pid=714509 rate=0.35s/card eta=0.3m Basic Psychic Energy
  6186/6230 pid=714510 rate=0.35s/card eta=0.3m Basic Metal Energy
  6187/6230 pid=714511 rate=0.35s/card eta=0.2m Basic Darkness Energy
  6188/6230 pid=714512 rate=0.35s/card eta=0.2m Basic Fairy Energy
  6189/6230 pid=714513 rate=0.35s/card eta=0.2m Basic Fighting Energy
  6190/6230 pid=714514 rate=0.35s/card eta=0.2m Basic Fire Energy
  6191/6230 pid=714515 rate=0.35s/card eta=0.2m Basic Grass Energy
  6192/6230 pid=714516 rate=0.35s/card eta=0.2m Basic Lightning Energy
  6193/6230 pid=714517 rate=0.35s/card eta=0.2m Basic Metal Energy
  6194/6230 pid=714518 rate=0.35s/card eta=0.2m Basic Psychic Energy
  6195/6230 pid=714519 rate=0.35s/card eta=0.2m Basic Water Energy
  6196/6230 pid=714520 rate=0.35s/card eta=0.2m Shaymin
  6197/6230 pid=714521 rate=0.35s/card eta=0.2m Snivy
  6198/6230 pid=714522 rate=0.35s/card eta=0.2m Servine
  6199/6230 pid=714523 rate=0.35s/card eta=0.2m Serperior
  6200/6230 pid=714524 rate=0.35s/card eta=0.2m Victini
  6201/6230 pid=714525 rate=0.35s/card eta=0.2m Tepig
  6202/6230 pid=714526 rate=0.35s/card eta=0.2m Pignite
  6203/6230 pid=714527 rate=0.35s/card eta=0.2m Emboar
  6204/6230 pid=714528 rate=0.35s/card eta=0.1m Oshawott
  6205/6230 pid=714529 rate=0.35s/card eta=0.1m Dewott
  6206/6230 pid=714530 rate=0.35s/card eta=0.1m Samurott
  6207/6230 pid=714531 rate=0.35s/card eta=0.1m Keldeo
  6208/6230 pid=714532 rate=0.35s/card eta=0.1m Pikachu
  6209/6230 pid=714533 rate=0.35s/card eta=0.1m Voltorb
  6210/6230 pid=714534 rate=0.35s/card eta=0.1m Electrode
  6211/6230 pid=714535 rate=0.35s/card eta=0.1m Chinchou
  6212/6230 pid=714536 rate=0.35s/card eta=0.1m Wobbuffet
  6213/6230 pid=714537 rate=0.35s/card eta=0.1m Croagunk
  6214/6230 pid=714538 rate=0.35s/card eta=0.1m Gothita
  6215/6230 pid=714539 rate=0.35s/card eta=0.1m Gothorita
  6216/6230 pid=714540 rate=0.35s/card eta=0.1m Makuhita
  6217/6230 pid=714541 rate=0.35s/card eta=0.1m Riolu
  6218/6230 pid=714542 rate=0.35s/card eta=0.1m Lucario
  6219/6230 pid=714543 rate=0.35s/card eta=0.1m Mienfoo
  6220/6230 pid=714544 rate=0.35s/card eta=0.1m Meowth
  6221/6230 pid=714545 rate=0.35s/card eta=0.1m Farfetch'd
  6222/6230 pid=714546 rate=0.35s/card eta=0.0m Snorlax
  6223/6230 pid=714547 rate=0.35s/card eta=0.0m Togepi
  6224/6230 pid=714548 rate=0.35s/card eta=0.0m Taillow
  6225/6230 pid=714549 rate=0.35s/card eta=0.0m Spinda
  6226/6230 pid=714550 rate=0.35s/card eta=0.0m Potion - 031/034
  6227/6230 pid=714551 rate=0.35s/card eta=0.0m Switch - 032/034
  6228/6230 pid=714552 rate=0.35s/card eta=0.0m Poke Ball - 033/034
  6229/6230 pid=714553 rate=0.35s/card eta=0.0m Cheren - 034/034
  6230/6230 pid=716664 rate=0.35s/card eta=0.0m Eevee - 134/M-P

Wrote 27122 embeddings to jp_sidecar_out
  embeddings.bin  (55,545,856 bytes)
  manifest.json
